number,manager,city,category,product,quantity,price,discount
1,Иванов А.С.,Екатеринбург,Одежда,Кроссовки,5,6191.15,0.35
2,Сидоров К.Д.,Челябинск,Книги,Детектив,1,734.32,0.4
3,Кузнецов П.Р.,Москва,Дом и сад,Увлажнитель воздуха,1,5343.56,0.27
4,Иванов А.С.,Казань,Продукты,Шоколад,3,149.17,0.46
5,Иванов А.С.,Москва,Автотовары,Ароматизатор,16,382.44,0.26
6,Смирнова Е.А.,Екатеринбург,Продукты,Оливковое масло,13,1536.55,0.48
7,Смирнова Е.А.,Санкт-Петербург,Косметика,Гель для душа,1,392.03,0.3
8,Иванов А.С.,Санкт-Петербург,Спорт,Фитнес-браслет,10,4076.29,0.37
9,Петрова М.В.,Казань,Продукты,Шоколад,17,142.83,0.48
10,Иванов А.С.,Челябинск,Одежда,Джинсы,4,5008.0,0.36
11,Сидоров К.Д.,Екатеринбург,Спорт,Мяч,16,725.91,0.34
12,Иванов А.С.,Самара,Одежда,Футболка,13,1409.36,0.4
13,Петрова М.В.,Новосибирск,Дом и сад,Чайник,14,2729.69,0.29
14,Иванов А.С.,Санкт-Петербург,Косметика,Гель для душа,5,346.72,0.28
15,Смирнова Е.А.,Омск,Косметика,Шампунь,1,608.02,0.3
16,Сидоров К.Д.,Казань,Электроника,Беспроводные наушники,7,6860.06,0.13
17,Иванов А.С.,Самара,Продукты,Шоколад,4,169.59,0.47
18,Иванов А.С.,Нижний Новгород,Одежда,Футболка,8,1626.1,0.35
19,Кузнецов П.Р.,Челябинск,Продукты,Гречка,13,91.18,0.5
20,Смирнова Е.А.,Самара,Одежда,Джинсы,20,4096.46,0.42
21,Смирнова Е.А.,Санкт-Петербург,Книги,Комикс,8,472.45,0.39
22,Петрова М.В.,Москва,Косметика,Гель для душа,17,418.74,0.37
23,Сидоров К.Д.,Казань,Косметика,Маска для волос,19,909.59,0.33
24,Кузнецов П.Р.,Казань,Автотовары,Держатель для телефона,2,625.19,0.2
25,Петрова М.В.,Омск,Дом и сад,Увлажнитель воздуха,14,5386.91,0.29
26,Смирнова Е.А.,Ростов-на-Дону,Одежда,Платье,1,6111.0,0.33
27,Иванов А.С.,Санкт-Петербург,Электроника,Беспроводные наушники,16,7556.45,0.2
28,Кузнецов П.Р.,Ростов-на-Дону,Спорт,Коврик для йоги,14,2463.45,0.34
29,Кузнецов П.Р.,Новосибирск,Дом и сад,Чайник,13,3331.98,0.29
30,Петрова М.В.,Санкт-Петербург,Спорт,Коврик для йоги,12,2420.63,0.35
31,Сидоров К.Д.,Казань,Одежда,Джинсы,15,4452.37,0.39
32,Петрова М.В.,Санкт-Петербург,Автотовары,Органайзер,4,1689.19,0.19
33,Кузнецов П.Р.,Нижний Новгород,Спорт,Мяч,14,915.59,0.34
34,Смирнова Е.А.,Новосибирск,Продукты,Гречка,4,88.56,0.44
35,Иванов А.С.,Москва,Спорт,Фитнес-браслет,13,4030.21,0.34
36,Кузнецов П.Р.,Омск,Дом и сад,Чайник,12,2971.69,0.31
37,Иванов А.С.,Москва,Косметика,Маска для волос,10,972.79,0.37
38,Сидоров К.Д.,Челябинск,Электроника,Беспроводные наушники,16,7001.57,0.21
39,Сидоров К.Д.,Москва,Продукты,Шоколад,10,144.79,0.48
40,Сидоров К.Д.,Омск,Электроника,Ноутбук,11,89554.99,0.17
41,Сидоров К.Д.,Ростов-на-Дону,Электроника,Беспроводные наушники,2,7911.99,0.15
42,Петрова М.В.,Челябинск,Дом и сад,Чайник,5,3275.32,0.25
43,Петрова М.В.,Челябинск,Дом и сад,Чайник,10,2863.29,0.29
44,Сидоров К.Д.,Самара,Автотовары,Ароматизатор,18,400.1,0.22
45,Сидоров К.Д.,Самара,Автотовары,Органайзер,16,1884.0,0.26
46,Иванов А.С.,Челябинск,Косметика,Шампунь,17,632.8,0.32
47,Кузнецов П.Р.,Нижний Новгород,Электроника,Ноутбук,4,96881.73,0.15
48,Сидоров К.Д.,Омск,Спорт,Гантели,19,3279.81,0.33
49,Кузнецов П.Р.,Санкт-Петербург,Автотовары,Ароматизатор,2,420.34,0.18
50,Кузнецов П.Р.,Челябинск,Электроника,Ноутбук,10,83963.33,0.21
51,Иванов А.С.,Санкт-Петербург,Книги,Художественная литература,20,611.62,0.48
52,Петрова М.В.,Омск,Спорт,Бутылка для воды,16,804.85,0.36
53,Петрова М.В.,Самара,Дом и сад,Набор посуды,9,5953.62,0.25
54,Сидоров К.Д.,Челябинск,Автотовары,Ароматизатор,14,430.39,0.26
55,Кузнецов П.Р.,Челябинск,Книги,Бизнес,15,785.77,0.47
56,Кузнецов П.Р.,Новосибирск,Автотовары,Ароматизатор,1,417.24,0.19
57,Петрова М.В.,Новосибирск,Книги,Комикс,4,438.93,0.39
58,Сидоров К.Д.,Нижний Новгород,Автотовары,Органайзер,12,1534.1,0.22
59,Сидоров К.Д.,Казань,Косметика,Парфюм,10,4794.79,0.33
60,Петрова М.В.,Нижний Новгород,Косметика,Крем для лица,2,1351.18,0.29
61,Петрова М.В.,Казань,Электроника,Беспроводные наушники,20,8955.87,0.22
62,Смирнова Е.А.,Екатеринбург,Спорт,Фитнес-браслет,8,3579.11,0.31
63,Петрова М.В.,Санкт-Петербург,Дом и сад,Садовый шланг,4,1736.22,0.22
64,Иванов А.С.,Екатеринбург,Автотовары,Ароматизатор,9,353.35,0.21
65,Смирнова Е.А.,Ростов-на-Дону,Электроника,Смартфон,19,43038.06,0.18
66,Сидоров К.Д.,Екатеринбург,Электроника,Ноутбук,17,90516.44,0.21
67,Смирнова Е.А.,Ростов-на-Дону,Спорт,Гантели,10,3893.17,0.32
68,Иванов А.С.,Москва,Спорт,Фитнес-браслет,9,3984.33,0.29
69,Иванов А.С.,Новосибирск,Дом и сад,Набор посуды,14,7134.02,0.31
70,Смирнова Е.А.,Ростов-на-Дону,Электроника,Умные часы,16,18863.51,0.19
71,Кузнецов П.Р.,Москва,Книги,Детектив,15,591.6,0.45
72,Петрова М.В.,Нижний Новгород,Одежда,Кроссовки,9,6775.34,0.36
73,Кузнецов П.Р.,Ростов-на-Дону,Дом и сад,Чайник,15,2851.72,0.31
74,Иванов А.С.,Ростов-на-Дону,Автотовары,Держатель для телефона,9,727.71,0.21
75,Кузнецов П.Р.,Ростов-на-Дону,Книги,Комикс,4,573.02,0.39
76,Сидоров К.Д.,Екатеринбург,Одежда,Футболка,10,1532.7,0.38
77,Петрова М.В.,Челябинск,Одежда,Куртка,10,10065.31,0.42
78,Смирнова Е.А.,Санкт-Петербург,Книги,Комикс,14,537.94,0.47
79,Сидоров К.Д.,Новосибирск,Косметика,Гель для душа,16,444.26,0.36
80,Кузнецов П.Р.,Казань,Продукты,Гречка,2,93.19,0.45
81,Сидоров К.Д.,Екатеринбург,Одежда,Футболка,15,1447.95,0.42
82,Сидоров К.Д.,Ростов-на-Дону,Электроника,Умная колонка,1,10332.15,0.15
83,Смирнова Е.А.,Санкт-Петербург,Книги,Фантастика,19,840.06,0.44
84,Петрова М.В.,Санкт-Петербург,Книги,Комикс,12,500.61,0.47
85,Сидоров К.Д.,Самара,Спорт,Бутылка для воды,12,786.72,0.33
86,Смирнова Е.А.,Самара,Продукты,Сыр,3,1551.34,0.45
87,Кузнецов П.Р.,Самара,Косметика,Парфюм,3,4557.25,0.28
88,Иванов А.С.,Москва,Дом и сад,Робот-пылесос,8,28658.3,0.24
89,Кузнецов П.Р.,Новосибирск,Электроника,Смартфон,2,45716.01,0.15
90,Иванов А.С.,Челябинск,Косметика,Крем для лица,4,1521.59,0.29
91,Петрова М.В.,Казань,Дом и сад,Набор посуды,17,7506.32,0.31
92,Смирнова Е.А.,Нижний Новгород,Спорт,Бутылка для воды,6,931.48,0.3
93,Кузнецов П.Р.,Ростов-на-Дону,Косметика,Парфюм,12,4056.43,0.37
94,Петрова М.В.,Новосибирск,Продукты,Сыр,2,1430.59,0.43
95,Кузнецов П.Р.,Самара,Одежда,Джинсы,16,4021.52,0.41
96,Кузнецов П.Р.,Ростов-на-Дону,Одежда,Платье,3,5043.56,0.32
97,Кузнецов П.Р.,Екатеринбург,Автотовары,Ароматизатор,14,456.31,0.24
98,Смирнова Е.А.,Казань,Косметика,Парфюм,13,4138.83,0.36
99,Смирнова Е.А.,Нижний Новгород,Книги,Комикс,18,564.79,0.45
100,Кузнецов П.Р.,Ростов-на-Дону,Одежда,Джинсы,8,4550.47,0.33
101,Кузнецов П.Р.,Москва,Автотовары,Видеорегистратор,15,7735.95,0.25
102,Смирнова Е.А.,Омск,Дом и сад,Садовый шланг,5,2100.65,0.26
103,Кузнецов П.Р.,Омск,Дом и сад,Робот-пылесос,6,26625.35,0.26
104,Сидоров К.Д.,Ростов-на-Дону,Спорт,Фитнес-браслет,7,4312.97,0.29
105,Смирнова Е.А.,Екатеринбург,Автотовары,Держатель для телефона,12,778.73,0.23
106,Смирнова Е.А.,Екатеринбург,Спорт,Мяч,14,748.32,0.36
107,Кузнецов П.Р.,Ростов-на-Дону,Спорт,Бутылка для воды,16,920.08,0.34
108,Смирнова Е.А.,Омск,Электроника,Беспроводные наушники,9,7532.26,0.17
109,Смирнова Е.А.,Нижний Новгород,Продукты,Сыр,10,1710.92,0.49
110,Сидоров К.Д.,Новосибирск,Дом и сад,Чайник,4,3403.99,0.23
111,Кузнецов П.Р.,Самара,Продукты,Кофе зерновой,1,1262.47,0.43
112,Кузнецов П.Р.,Нижний Новгород,Электроника,Умные часы,17,22176.15,0.22
113,Петрова М.В.,Новосибирск,Электроника,Беспроводные наушники,1,8104.5,0.14
114,Иванов А.С.,Самара,Продукты,Сыр,11,1444.41,0.48
115,Сидоров К.Д.,Екатеринбург,Продукты,Шоколад,14,145.08,0.47
116,Смирнова Е.А.,Омск,Книги,Комикс,10,466.57,0.45
117,Петрова М.В.,Омск,Спорт,Фитнес-браслет,10,3827.37,0.32
118,Иванов А.С.,Нижний Новгород,Косметика,Парфюм,15,4365.2,0.34
119,Кузнецов П.Р.,Омск,Автотовары,Щетка для снега,11,1226.58,0.25
120,Сидоров К.Д.,Москва,Дом и сад,Чайник,12,3424.17,0.27
121,Иванов А.С.,Омск,Продукты,Оливковое масло,10,1686.35,0.49
122,Смирнова Е.А.,Санкт-Петербург,Спорт,Гантели,4,3384.62,0.31
123,Петрова М.В.,Санкт-Петербург,Автотовары,Ароматизатор,8,449.54,0.21
124,Иванов А.С.,Ростов-на-Дону,Автотовары,Органайзер,8,1958.41,0.19
125,Петрова М.В.,Ростов-на-Дону,Книги,Комикс,9,546.96,0.41
126,Иванов А.С.,Челябинск,Дом и сад,Набор посуды,15,6897.53,0.32
127,Сидоров К.Д.,Казань,Книги,Детектив,9,584.8,0.42
128,Петрова М.В.,Санкт-Петербург,Спорт,Бутылка для воды,2,1021.21,0.31
129,Сидоров К.Д.,Нижний Новгород,Одежда,Куртка,4,10164.67,0.34
130,Смирнова Е.А.,Челябинск,Автотовары,Держатель для телефона,15,690.07,0.24
131,Иванов А.С.,Нижний Новгород,Электроника,Смартфон,4,44619.88,0.16
132,Сидоров К.Д.,Санкт-Петербург,Продукты,Сыр,11,1761.71,0.48
133,Иванов А.С.,Нижний Новгород,Электроника,Смартфон,7,41237.14,0.14
134,Сидоров К.Д.,Челябинск,Продукты,Сыр,14,1490.43,0.5
135,Иванов А.С.,Самара,Спорт,Гантели,12,3899.37,0.36
136,Иванов А.С.,Челябинск,Косметика,Парфюм,8,5097.05,0.29
137,Кузнецов П.Р.,Челябинск,Автотовары,Ароматизатор,8,417.95,0.21
138,Иванов А.С.,Новосибирск,Электроника,Беспроводные наушники,19,8676.95,0.17
139,Смирнова Е.А.,Омск,Электроника,Ноутбук,18,74303.17,0.2
140,Смирнова Е.А.,Нижний Новгород,Электроника,Ноутбук,4,76116.07,0.16
141,Смирнова Е.А.,Санкт-Петербург,Спорт,Фитнес-браслет,8,4393.67,0.31
142,Смирнова Е.А.,Москва,Электроника,Беспроводные наушники,1,8670.09,0.14
143,Иванов А.С.,Москва,Электроника,Умная колонка,15,12737.41,0.21
144,Петрова М.В.,Омск,Книги,Фантастика,13,794.83,0.44
145,Петрова М.В.,Самара,Электроника,Ноутбук,5,89910.72,0.13
146,Сидоров К.Д.,Москва,Одежда,Джинсы,8,3848.36,0.34
147,Петрова М.В.,Казань,Спорт,Гантели,9,3631.47,0.32
148,Кузнецов П.Р.,Новосибирск,Книги,Комикс,7,560.88,0.41
149,Петрова М.В.,Новосибирск,Спорт,Бутылка для воды,2,943.63,0.29
150,Петрова М.В.,Новосибирск,Книги,Детектив,8,724.04,0.4
151,Смирнова Е.А.,Екатеринбург,Спорт,Бутылка для воды,20,889.34,0.39
152,Смирнова Е.А.,Самара,Электроника,Умные часы,7,23966.35,0.13
153,Кузнецов П.Р.,Самара,Косметика,Шампунь,3,604.48,0.31
154,Иванов А.С.,Ростов-на-Дону,Автотовары,Видеорегистратор,6,6222.01,0.17
155,Смирнова Е.А.,Ростов-на-Дону,Электроника,Умные часы,9,21070.13,0.12
156,Иванов А.С.,Самара,Электроника,Умные часы,19,19110.81,0.22
157,Иванов А.С.,Москва,Дом и сад,Робот-пылесос,17,27170.37,0.31
158,Иванов А.С.,Казань,Продукты,Кофе зерновой,19,1076.13,0.49
159,Петрова М.В.,Ростов-на-Дону,Продукты,Сыр,8,1640.76,0.45
160,Сидоров К.Д.,Новосибирск,Книги,Комикс,9,493.84,0.39
161,Сидоров К.Д.,Санкт-Петербург,Книги,Бизнес,10,901.06,0.44
162,Сидоров К.Д.,Челябинск,Продукты,Сыр,2,1690.43,0.42
163,Кузнецов П.Р.,Санкт-Петербург,Спорт,Коврик для йоги,13,2743.47,0.36
164,Сидоров К.Д.,Москва,Одежда,Кроссовки,10,7191.93,0.41
165,Кузнецов П.Р.,Ростов-на-Дону,Автотовары,Видеорегистратор,18,7495.71,0.23
166,Сидоров К.Д.,Ростов-на-Дону,Продукты,Сыр,13,1650.4,0.5
167,Кузнецов П.Р.,Челябинск,Продукты,Гречка,1,93.1,0.46
168,Сидоров К.Д.,Новосибирск,Автотовары,Органайзер,14,2016.45,0.23
169,Сидоров К.Д.,Ростов-на-Дону,Книги,Художественная литература,9,666.0,0.42
170,Сидоров К.Д.,Новосибирск,Автотовары,Ароматизатор,6,442.28,0.21
171,Сидоров К.Д.,Екатеринбург,Спорт,Коврик для йоги,11,2870.02,0.34
172,Петрова М.В.,Санкт-Петербург,Электроника,Умные часы,6,20892.7,0.14
173,Иванов А.С.,Казань,Книги,Художественная литература,16,633.38,0.47
174,Иванов А.С.,Новосибирск,Продукты,Оливковое масло,18,1543.21,0.5
175,Кузнецов П.Р.,Москва,Книги,Художественная литература,18,652.48,0.46
176,Смирнова Е.А.,Ростов-на-Дону,Спорт,Коврик для йоги,10,2730.49,0.37
177,Петрова М.В.,Москва,Одежда,Куртка,10,10040.12,0.39
178,Петрова М.В.,Нижний Новгород,Автотовары,Органайзер,20,1772.66,0.29
179,Смирнова Е.А.,Казань,Косметика,Маска для волос,3,775.3,0.31
180,Кузнецов П.Р.,Омск,Косметика,Шампунь,15,581.97,0.36
181,Кузнецов П.Р.,Екатеринбург,Косметика,Шампунь,20,514.08,0.36
182,Петрова М.В.,Нижний Новгород,Электроника,Умные часы,8,20232.05,0.12
183,Петрова М.В.,Ростов-на-Дону,Продукты,Кофе зерновой,16,1036.37,0.5
184,Иванов А.С.,Новосибирск,Косметика,Крем для лица,18,1506.45,0.36
185,Петрова М.В.,Ростов-на-Дону,Спорт,Фитнес-браслет,5,3913.66,0.28
186,Иванов А.С.,Ростов-на-Дону,Спорт,Коврик для йоги,1,2252.17,0.28
187,Сидоров К.Д.,Ростов-на-Дону,Спорт,Коврик для йоги,14,2187.4,0.35
188,Кузнецов П.Р.,Санкт-Петербург,Одежда,Футболка,3,1358.51,0.35
189,Кузнецов П.Р.,Екатеринбург,Электроника,Беспроводные наушники,14,6975.76,0.2
190,Смирнова Е.А.,Челябинск,Одежда,Футболка,4,1603.93,0.35
191,Петрова М.В.,Москва,Дом и сад,Чайник,13,2639.94,0.3
192,Кузнецов П.Р.,Москва,Электроника,Ноутбук,14,83553.79,0.18
193,Петрова М.В.,Ростов-на-Дону,Книги,Комикс,2,484.48,0.41
194,Кузнецов П.Р.,Ростов-на-Дону,Дом и сад,Робот-пылесос,3,24911.17,0.25
195,Иванов А.С.,Нижний Новгород,Книги,Фантастика,18,761.65,0.44
196,Петрова М.В.,Екатеринбург,Продукты,Гречка,8,85.16,0.46
197,Смирнова Е.А.,Москва,Автотовары,Ароматизатор,1,353.39,0.2
198,Петрова М.В.,Самара,Автотовары,Видеорегистратор,11,7939.8,0.25
199,Кузнецов П.Р.,Новосибирск,Продукты,Оливковое масло,1,2022.31,0.45
200,Иванов А.С.,Нижний Новгород,Продукты,Кофе зерновой,20,1252.38,0.5
201,Петрова М.В.,Москва,Продукты,Сыр,6,1436.7,0.45
202,Смирнова Е.А.,Ростов-на-Дону,Продукты,Оливковое масло,9,2064.85,0.46
203,Иванов А.С.,Санкт-Петербург,Автотовары,Органайзер,10,1840.76,0.23
204,Петрова М.В.,Омск,Автотовары,Ароматизатор,16,372.27,0.26
205,Сидоров К.Д.,Нижний Новгород,Книги,Детектив,3,718.71,0.38
206,Кузнецов П.Р.,Челябинск,Спорт,Бутылка для воды,18,834.61,0.35
207,Иванов А.С.,Омск,Автотовары,Органайзер,10,1766.41,0.24
208,Иванов А.С.,Казань,Дом и сад,Садовый шланг,4,1894.77,0.24
209,Иванов А.С.,Челябинск,Автотовары,Органайзер,19,2007.47,0.26
210,Петрова М.В.,Санкт-Петербург,Спорт,Коврик для йоги,20,2403.33,0.38
211,Иванов А.С.,Ростов-на-Дону,Электроника,Смартфон,6,45971.77,0.13
212,Сидоров К.Д.,Екатеринбург,Продукты,Гречка,2,102.84,0.42
213,Петрова М.В.,Екатеринбург,Дом и сад,Набор посуды,11,7227.47,0.29
214,Петрова М.В.,Омск,Косметика,Гель для душа,8,400.03,0.29
215,Смирнова Е.А.,Омск,Спорт,Гантели,7,3935.56,0.29
216,Кузнецов П.Р.,Новосибирск,Автотовары,Органайзер,9,1926.29,0.18
217,Кузнецов П.Р.,Москва,Продукты,Оливковое масло,9,1571.09,0.43
218,Кузнецов П.Р.,Санкт-Петербург,Книги,Бизнес,9,887.07,0.39
219,Смирнова Е.А.,Челябинск,Книги,Художественная литература,18,792.17,0.45
220,Сидоров К.Д.,Казань,Спорт,Мяч,4,748.37,0.32
221,Сидоров К.Д.,Санкт-Петербург,Спорт,Гантели,3,2984.98,0.27
222,Смирнова Е.А.,Екатеринбург,Продукты,Кофе зерновой,17,1238.99,0.48
223,Петрова М.В.,Казань,Продукты,Шоколад,6,135.39,0.44
224,Сидоров К.Д.,Новосибирск,Книги,Комикс,18,549.95,0.44
225,Петрова М.В.,Новосибирск,Электроника,Смартфон,11,50047.75,0.18
226,Петрова М.В.,Екатеринбург,Книги,Бизнес,19,1032.23,0.44
227,Сидоров К.Д.,Новосибирск,Дом и сад,Увлажнитель воздуха,5,4997.82,0.22
228,Кузнецов П.Р.,Екатеринбург,Спорт,Гантели,20,3469.78,0.4
229,Петрова М.В.,Нижний Новгород,Электроника,Смартфон,1,43161.11,0.16
230,Сидоров К.Д.,Самара,Спорт,Гантели,8,3253.18,0.32
231,Сидоров К.Д.,Омск,Дом и сад,Робот-пылесос,17,22371.98,0.28
232,Смирнова Е.А.,Казань,Электроника,Смартфон,13,38804.4,0.18
233,Петрова М.В.,Омск,Одежда,Джинсы,20,4256.59,0.41
234,Петрова М.В.,Омск,Спорт,Коврик для йоги,4,2395.93,0.27
235,Иванов А.С.,Нижний Новгород,Дом и сад,Увлажнитель воздуха,18,4938.09,0.27
236,Сидоров К.Д.,Омск,Книги,Детектив,3,569.72,0.41
237,Кузнецов П.Р.,Челябинск,Дом и сад,Робот-пылесос,7,23895.76,0.24
238,Иванов А.С.,Самара,Одежда,Джинсы,1,5133.6,0.34
239,Сидоров К.Д.,Москва,Одежда,Платье,8,5332.32,0.33
240,Кузнецов П.Р.,Москва,Косметика,Крем для лица,5,1597.05,0.28
241,Иванов А.С.,Санкт-Петербург,Автотовары,Видеорегистратор,19,7048.67,0.25
242,Иванов А.С.,Омск,Автотовары,Держатель для телефона,11,630.59,0.23
243,Петрова М.В.,Челябинск,Спорт,Мяч,6,788.57,0.28
244,Смирнова Е.А.,Екатеринбург,Одежда,Джинсы,16,4390.64,0.4
245,Петрова М.В.,Самара,Спорт,Бутылка для воды,9,990.13,0.31
246,Петрова М.В.,Челябинск,Книги,Бизнес,9,936.96,0.41
247,Смирнова Е.А.,Омск,Автотовары,Ароматизатор,6,435.83,0.2
248,Смирнова Е.А.,Челябинск,Автотовары,Видеорегистратор,1,8004.27,0.18
249,Сидоров К.Д.,Омск,Книги,Бизнес,5,953.41,0.39
250,Сидоров К.Д.,Казань,Косметика,Шампунь,3,629.01,0.31
251,Смирнова Е.А.,Москва,Одежда,Кроссовки,17,6129.5,0.4
252,Смирнова Е.А.,Омск,Спорт,Бутылка для воды,1,829.94,0.32
253,Иванов А.С.,Омск,Дом и сад,Робот-пылесос,7,24893.38,0.23
254,Смирнова Е.А.,Москва,Спорт,Мяч,6,831.46,0.29
255,Петрова М.В.,Самара,Книги,Комикс,3,559.66,0.4
256,Петрова М.В.,Омск,Спорт,Фитнес-браслет,10,4420.94,0.36
257,Иванов А.С.,Санкт-Петербург,Книги,Фантастика,12,813.67,0.42
258,Петрова М.В.,Казань,Спорт,Коврик для йоги,13,2598.07,0.36
259,Иванов А.С.,Казань,Книги,Фантастика,7,666.09,0.41
260,Петрова М.В.,Челябинск,Автотовары,Держатель для телефона,17,689.43,0.27
261,Сидоров К.Д.,Москва,Электроника,Ноутбук,11,77165.18,0.19
262,Сидоров К.Д.,Нижний Новгород,Продукты,Оливковое масло,18,1648.62,0.5
263,Петрова М.В.,Челябинск,Косметика,Парфюм,16,4077.33,0.35
264,Кузнецов П.Р.,Москва,Косметика,Маска для волос,14,1006.57,0.36
265,Смирнова Е.А.,Новосибирск,Электроника,Умная колонка,19,11961.59,0.19
266,Кузнецов П.Р.,Новосибирск,Одежда,Джинсы,20,3855.94,0.44
267,Иванов А.С.,Екатеринбург,Косметика,Шампунь,19,522.88,0.34
268,Смирнова Е.А.,Санкт-Петербург,Книги,Фантастика,8,832.8,0.38
269,Петрова М.В.,Челябинск,Дом и сад,Набор посуды,8,7297.54,0.22
270,Смирнова Е.А.,Санкт-Петербург,Спорт,Фитнес-браслет,8,4357.66,0.28
271,Сидоров К.Д.,Екатеринбург,Косметика,Маска для волос,17,837.46,0.33
272,Сидоров К.Д.,Ростов-на-Дону,Книги,Комикс,2,481.7,0.39
273,Смирнова Е.А.,Казань,Косметика,Шампунь,6,570.35,0.31
274,Смирнова Е.А.,Омск,Электроника,Беспроводные наушники,13,8221.94,0.2
275,Петрова М.В.,Нижний Новгород,Электроника,Беспроводные наушники,9,9094.94,0.15
276,Петрова М.В.,Нижний Новгород,Дом и сад,Робот-пылесос,17,26379.85,0.3
277,Смирнова Е.А.,Санкт-Петербург,Спорт,Фитнес-браслет,11,4152.79,0.33
278,Сидоров К.Д.,Нижний Новгород,Электроника,Умная колонка,14,12545.04,0.2
279,Иванов А.С.,Екатеринбург,Автотовары,Щетка для снега,6,1133.88,0.19
280,Иванов А.С.,Челябинск,Дом и сад,Садовый шланг,12,2014.22,0.3
281,Петрова М.В.,Екатеринбург,Спорт,Гантели,14,3690.03,0.37
282,Сидоров К.Д.,Челябинск,Спорт,Фитнес-браслет,3,3563.66,0.29
283,Петрова М.В.,Омск,Спорт,Мяч,7,745.57,0.27
284,Смирнова Е.А.,Москва,Дом и сад,Садовый шланг,2,2242.99,0.26
285,Кузнецов П.Р.,Челябинск,Электроника,Ноутбук,12,72764.97,0.21
286,Петрова М.В.,Ростов-на-Дону,Электроника,Умные часы,17,21373.83,0.2
287,Смирнова Е.А.,Самара,Автотовары,Держатель для телефона,11,674.92,0.24
288,Кузнецов П.Р.,Екатеринбург,Спорт,Коврик для йоги,17,2204.23,0.36
289,Кузнецов П.Р.,Омск,Электроника,Смартфон,15,46036.66,0.2
290,Смирнова Е.А.,Самара,Спорт,Гантели,9,3101.72,0.3
291,Петрова М.В.,Санкт-Петербург,Книги,Бизнес,8,1000.58,0.38
292,Иванов А.С.,Казань,Одежда,Футболка,9,1285.01,0.36
293,Смирнова Е.А.,Челябинск,Косметика,Шампунь,13,648.23,0.32
294,Кузнецов П.Р.,Екатеринбург,Книги,Детектив,10,684.97,0.45
295,Кузнецов П.Р.,Омск,Косметика,Крем для лица,9,1720.46,0.27
296,Кузнецов П.Р.,Москва,Автотовары,Видеорегистратор,13,6821.14,0.23
297,Петрова М.В.,Екатеринбург,Косметика,Шампунь,19,683.64,0.34
298,Смирнова Е.А.,Екатеринбург,Спорт,Фитнес-браслет,11,3772.91,0.35
299,Петрова М.В.,Казань,Электроника,Ноутбук,17,87035.73,0.18
300,Смирнова Е.А.,Челябинск,Дом и сад,Набор посуды,14,6075.04,0.31
301,Кузнецов П.Р.,Екатеринбург,Дом и сад,Робот-пылесос,7,21769.87,0.24
302,Смирнова Е.А.,Москва,Одежда,Футболка,20,1515.74,0.42
303,Иванов А.С.,Санкт-Петербург,Автотовары,Ароматизатор,10,430.12,0.23
304,Петрова М.В.,Омск,Косметика,Крем для лица,14,1386.85,0.35
305,Петрова М.В.,Санкт-Петербург,Книги,Детектив,5,559.45,0.38
306,Петрова М.В.,Екатеринбург,Электроника,Беспроводные наушники,19,7715.21,0.17
307,Кузнецов П.Р.,Москва,Дом и сад,Чайник,9,3428.93,0.27
308,Сидоров К.Д.,Омск,Дом и сад,Чайник,19,2918.17,0.29
309,Кузнецов П.Р.,Нижний Новгород,Электроника,Беспроводные наушники,19,6818.1,0.21
310,Петрова М.В.,Казань,Одежда,Платье,15,5753.75,0.41
311,Кузнецов П.Р.,Москва,Автотовары,Видеорегистратор,3,7008.48,0.2
312,Петрова М.В.,Екатеринбург,Автотовары,Видеорегистратор,12,7824.27,0.23
313,Иванов А.С.,Самара,Косметика,Крем для лица,1,1293.72,0.32
314,Петрова М.В.,Омск,Спорт,Гантели,5,3366.58,0.28
315,Сидоров К.Д.,Екатеринбург,Одежда,Джинсы,6,3896.0,0.36
316,Петрова М.В.,Санкт-Петербург,Одежда,Куртка,13,8747.08,0.38
317,Кузнецов П.Р.,Москва,Косметика,Маска для волос,8,816.48,0.28
318,Иванов А.С.,Челябинск,Косметика,Гель для душа,5,440.62,0.32
319,Иванов А.С.,Челябинск,Косметика,Гель для душа,16,364.53,0.32
320,Кузнецов П.Р.,Казань,Электроника,Ноутбук,2,79678.22,0.13
321,Петрова М.В.,Казань,Продукты,Сыр,17,1397.19,0.47
322,Смирнова Е.А.,Санкт-Петербург,Спорт,Бутылка для воды,14,978.66,0.33
323,Смирнова Е.А.,Омск,Дом и сад,Чайник,1,2837.19,0.23
324,Сидоров К.Д.,Ростов-на-Дону,Продукты,Гречка,2,76.51,0.44
325,Сидоров К.Д.,Самара,Дом и сад,Увлажнитель воздуха,18,5056.04,0.3
326,Сидоров К.Д.,Омск,Книги,Фантастика,13,833.48,0.46
327,Смирнова Е.А.,Нижний Новгород,Одежда,Куртка,19,8387.94,0.4
328,Сидоров К.Д.,Ростов-на-Дону,Дом и сад,Набор посуды,16,7020.42,0.28
329,Смирнова Е.А.,Омск,Дом и сад,Чайник,13,2686.06,0.28
330,Иванов А.С.,Нижний Новгород,Автотовары,Видеорегистратор,20,6852.37,0.25
331,Иванов А.С.,Нижний Новгород,Продукты,Сыр,17,1726.32,0.48
332,Иванов А.С.,Ростов-на-Дону,Электроника,Беспроводные наушники,8,8901.38,0.14
333,Смирнова Е.А.,Нижний Новгород,Автотовары,Видеорегистратор,2,6655.83,0.19
334,Сидоров К.Д.,Екатеринбург,Дом и сад,Робот-пылесос,6,26221.02,0.25
335,Сидоров К.Д.,Москва,Дом и сад,Садовый шланг,3,2067.97,0.23
336,Петрова М.В.,Екатеринбург,Спорт,Коврик для йоги,14,2607.49,0.34
337,Кузнецов П.Р.,Челябинск,Автотовары,Ароматизатор,10,445.08,0.26
338,Кузнецов П.Р.,Екатеринбург,Автотовары,Органайзер,10,1578.07,0.23
339,Иванов А.С.,Омск,Спорт,Коврик для йоги,6,2695.15,0.29
340,Иванов А.С.,Самара,Автотовары,Видеорегистратор,8,6093.75,0.18
341,Иванов А.С.,Москва,Дом и сад,Увлажнитель воздуха,12,5391.2,0.31
342,Кузнецов П.Р.,Москва,Спорт,Мяч,2,778.72,0.29
343,Кузнецов П.Р.,Екатеринбург,Продукты,Шоколад,18,170.67,0.49
344,Иванов А.С.,Нижний Новгород,Косметика,Гель для душа,8,344.83,0.27
345,Иванов А.С.,Новосибирск,Дом и сад,Робот-пылесос,6,24057.44,0.24
346,Смирнова Е.А.,Челябинск,Дом и сад,Набор посуды,7,5970.3,0.27
347,Иванов А.С.,Москва,Дом и сад,Чайник,19,2975.04,0.27
348,Смирнова Е.А.,Москва,Спорт,Мяч,10,719.71,0.36
349,Иванов А.С.,Новосибирск,Электроника,Умные часы,5,20401.9,0.14
350,Кузнецов П.Р.,Москва,Автотовары,Органайзер,1,1871.27,0.2
351,Иванов А.С.,Новосибирск,Одежда,Кроссовки,1,6021.85,0.36
352,Петрова М.В.,Нижний Новгород,Продукты,Шоколад,5,166.49,0.43
353,Смирнова Е.А.,Омск,Одежда,Платье,19,6007.37,0.39
354,Иванов А.С.,Нижний Новгород,Автотовары,Держатель для телефона,13,675.12,0.24
355,Петрова М.В.,Новосибирск,Спорт,Мяч,18,781.84,0.34
356,Петрова М.В.,Нижний Новгород,Автотовары,Ароматизатор,15,404.16,0.25
357,Сидоров К.Д.,Омск,Одежда,Платье,9,5343.55,0.35
358,Кузнецов П.Р.,Нижний Новгород,Косметика,Парфюм,17,4445.76,0.37
359,Смирнова Е.А.,Ростов-на-Дону,Косметика,Крем для лица,18,1550.1,0.37
360,Смирнова Е.А.,Новосибирск,Продукты,Шоколад,5,166.1,0.42
361,Петрова М.В.,Самара,Автотовары,Ароматизатор,5,413.64,0.19
362,Иванов А.С.,Омск,Одежда,Кроссовки,13,7464.77,0.41
363,Смирнова Е.А.,Челябинск,Электроника,Смартфон,20,39830.06,0.23
364,Петрова М.В.,Омск,Косметика,Парфюм,5,5025.28,0.31
365,Смирнова Е.А.,Омск,Продукты,Кофе зерновой,17,1247.66,0.48
366,Сидоров К.Д.,Новосибирск,Дом и сад,Робот-пылесос,20,21283.01,0.32
367,Смирнова Е.А.,Самара,Одежда,Куртка,20,8195.63,0.44
368,Петрова М.В.,Ростов-на-Дону,Электроника,Беспроводные наушники,15,7936.05,0.2
369,Иванов А.С.,Екатеринбург,Автотовары,Щетка для снега,14,1101.18,0.27
370,Смирнова Е.А.,Омск,Спорт,Коврик для йоги,5,2834.63,0.31
371,Петрова М.В.,Новосибирск,Косметика,Парфюм,17,4479.4,0.36
372,Иванов А.С.,Санкт-Петербург,Продукты,Кофе зерновой,6,1340.4,0.44
373,Петрова М.В.,Самара,Косметика,Шампунь,14,580.73,0.33
374,Смирнова Е.А.,Екатеринбург,Косметика,Шампунь,14,622.85,0.34
375,Сидоров К.Д.,Москва,Одежда,Куртка,14,9824.23,0.38
376,Сидоров К.Д.,Санкт-Петербург,Спорт,Мяч,5,842.42,0.29
377,Петрова М.В.,Самара,Продукты,Шоколад,3,150.92,0.43
378,Петрова М.В.,Казань,Спорт,Коврик для йоги,1,2421.32,0.32
379,Смирнова Е.А.,Новосибирск,Косметика,Крем для лица,20,1365.69,0.36
380,Петрова М.В.,Москва,Косметика,Шампунь,1,634.64,0.28
381,Кузнецов П.Р.,Екатеринбург,Автотовары,Щетка для снега,19,1239.14,0.23
382,Сидоров К.Д.,Москва,Электроника,Смартфон,18,45260.06,0.2
383,Кузнецов П.Р.,Екатеринбург,Книги,Бизнес,17,949.33,0.46
384,Кузнецов П.Р.,Челябинск,Автотовары,Ароматизатор,15,352.48,0.23
385,Смирнова Е.А.,Екатеринбург,Автотовары,Органайзер,1,1737.09,0.19
386,Смирнова Е.А.,Челябинск,Автотовары,Видеорегистратор,10,7813.0,0.22
387,Иванов А.С.,Казань,Косметика,Крем для лица,7,1292.06,0.31
388,Кузнецов П.Р.,Самара,Дом и сад,Увлажнитель воздуха,7,5457.11,0.27
389,Иванов А.С.,Санкт-Петербург,Электроника,Смартфон,3,49533.39,0.17
390,Петрова М.В.,Самара,Автотовары,Ароматизатор,15,448.72,0.23
391,Кузнецов П.Р.,Москва,Косметика,Парфюм,7,4673.18,0.32
392,Сидоров К.Д.,Санкт-Петербург,Одежда,Платье,7,5952.38,0.34
393,Сидоров К.Д.,Санкт-Петербург,Спорт,Мяч,19,889.49,0.34
394,Смирнова Е.А.,Омск,Дом и сад,Увлажнитель воздуха,8,4275.34,0.22
395,Иванов А.С.,Челябинск,Косметика,Гель для душа,18,360.49,0.35
396,Петрова М.В.,Ростов-на-Дону,Электроника,Беспроводные наушники,6,7923.92,0.17
397,Сидоров К.Д.,Санкт-Петербург,Косметика,Маска для волос,18,1001.79,0.34
398,Смирнова Е.А.,Самара,Косметика,Гель для душа,18,452.7,0.34
399,Кузнецов П.Р.,Нижний Новгород,Книги,Бизнес,18,770.61,0.44
400,Смирнова Е.А.,Самара,Спорт,Коврик для йоги,2,2873.7,0.29
401,Сидоров К.Д.,Ростов-на-Дону,Автотовары,Щетка для снега,1,1025.55,0.18
402,Смирнова Е.А.,Самара,Косметика,Маска для волос,17,879.24,0.33
403,Иванов А.С.,Казань,Автотовары,Органайзер,16,2010.45,0.25
404,Смирнова Е.А.,Омск,Книги,Бизнес,7,803.93,0.41
405,Петрова М.В.,Екатеринбург,Косметика,Шампунь,4,687.19,0.31
406,Петрова М.В.,Казань,Спорт,Гантели,17,3726.12,0.32
407,Иванов А.С.,Ростов-на-Дону,Книги,Детектив,13,601.68,0.42
408,Сидоров К.Д.,Санкт-Петербург,Электроника,Умные часы,15,22296.16,0.17
409,Иванов А.С.,Нижний Новгород,Косметика,Маска для волос,9,894.42,0.27
410,Смирнова Е.А.,Ростов-на-Дону,Спорт,Фитнес-браслет,1,4218.68,0.31
411,Сидоров К.Д.,Санкт-Петербург,Косметика,Крем для лица,18,1676.94,0.34
412,Иванов А.С.,Самара,Книги,Художественная литература,15,623.89,0.44
413,Петрова М.В.,Казань,Косметика,Гель для душа,12,375.04,0.35
414,Кузнецов П.Р.,Челябинск,Одежда,Кроссовки,7,5857.34,0.36
415,Кузнецов П.Р.,Челябинск,Косметика,Парфюм,12,4588.27,0.35
416,Сидоров К.Д.,Омск,Продукты,Шоколад,2,147.0,0.43
417,Сидоров К.Д.,Нижний Новгород,Косметика,Маска для волос,1,823.28,0.3
418,Кузнецов П.Р.,Новосибирск,Спорт,Гантели,8,3829.01,0.29
419,Иванов А.С.,Москва,Книги,Бизнес,9,874.91,0.38
420,Сидоров К.Д.,Москва,Косметика,Гель для душа,18,354.85,0.37
421,Иванов А.С.,Нижний Новгород,Одежда,Кроссовки,18,5850.15,0.41
422,Смирнова Е.А.,Нижний Новгород,Электроника,Ноутбук,1,88708.77,0.15
423,Иванов А.С.,Челябинск,Спорт,Мяч,3,769.18,0.28
424,Кузнецов П.Р.,Казань,Дом и сад,Чайник,18,2819.17,0.3
425,Кузнецов П.Р.,Челябинск,Спорт,Мяч,6,876.11,0.3
426,Петрова М.В.,Челябинск,Одежда,Футболка,20,1370.21,0.45
427,Смирнова Е.А.,Новосибирск,Косметика,Гель для душа,7,344.34,0.28
428,Петрова М.В.,Самара,Одежда,Платье,8,6026.07,0.33
429,Петрова М.В.,Нижний Новгород,Автотовары,Щетка для снега,1,1032.88,0.21
430,Петрова М.В.,Екатеринбург,Автотовары,Органайзер,14,1969.1,0.24
431,Смирнова Е.А.,Челябинск,Книги,Фантастика,2,719.25,0.39
432,Иванов А.С.,Самара,Электроника,Умная колонка,9,13252.9,0.13
433,Петрова М.В.,Ростов-на-Дону,Косметика,Парфюм,13,3956.85,0.32
434,Сидоров К.Д.,Ростов-на-Дону,Электроника,Умные часы,6,21567.72,0.13
435,Смирнова Е.А.,Омск,Продукты,Оливковое масло,8,1695.98,0.47
436,Иванов А.С.,Казань,Книги,Детектив,20,689.51,0.5
437,Петрова М.В.,Ростов-на-Дону,Книги,Бизнес,3,955.11,0.38
438,Иванов А.С.,Нижний Новгород,Книги,Художественная литература,17,632.22,0.45
439,Смирнова Е.А.,Новосибирск,Продукты,Шоколад,12,159.28,0.48
440,Смирнова Е.А.,Москва,Спорт,Мяч,5,718.15,0.29
441,Петрова М.В.,Казань,Электроника,Беспроводные наушники,5,7141.06,0.17
442,Петрова М.В.,Челябинск,Электроника,Ноутбук,17,94598.95,0.21
443,Сидоров К.Д.,Самара,Продукты,Оливковое масло,1,1927.2,0.43
444,Смирнова Е.А.,Казань,Электроника,Беспроводные наушники,3,8136.07,0.15
445,Сидоров К.Д.,Нижний Новгород,Спорт,Мяч,9,752.53,0.28
446,Иванов А.С.,Москва,Косметика,Парфюм,15,4587.77,0.36
447,Иванов А.С.,Омск,Косметика,Парфюм,12,4302.91,0.35
448,Сидоров К.Д.,Москва,Продукты,Оливковое масло,1,1868.5,0.43
449,Смирнова Е.А.,Казань,Электроника,Ноутбук,18,89258.54,0.18
450,Петрова М.В.,Самара,Дом и сад,Чайник,14,2591.02,0.31
451,Кузнецов П.Р.,Омск,Книги,Фантастика,1,813.17,0.39
452,Петрова М.В.,Москва,Автотовары,Держатель для телефона,15,772.52,0.25
453,Кузнецов П.Р.,Нижний Новгород,Книги,Комикс,2,558.31,0.42
454,Иванов А.С.,Самара,Косметика,Крем для лица,17,1376.91,0.36
455,Смирнова Е.А.,Новосибирск,Спорт,Гантели,6,3838.76,0.31
456,Смирнова Е.А.,Самара,Спорт,Гантели,15,3527.19,0.32
457,Сидоров К.Д.,Санкт-Петербург,Одежда,Футболка,17,1346.08,0.38
458,Смирнова Е.А.,Ростов-на-Дону,Электроника,Смартфон,6,39217.28,0.16
459,Смирнова Е.А.,Москва,Спорт,Фитнес-браслет,11,3619.76,0.35
460,Сидоров К.Д.,Казань,Продукты,Шоколад,13,162.84,0.48
461,Смирнова Е.А.,Самара,Одежда,Джинсы,7,4569.77,0.34
462,Смирнова Е.А.,Москва,Продукты,Шоколад,15,158.96,0.49
463,Иванов А.С.,Москва,Автотовары,Держатель для телефона,3,669.54,0.18
464,Петрова М.В.,Самара,Дом и сад,Садовый шланг,19,2232.04,0.32
465,Сидоров К.Д.,Омск,Спорт,Гантели,4,3264.72,0.28
466,Иванов А.С.,Москва,Книги,Детектив,18,587.17,0.46
467,Петрова М.В.,Челябинск,Спорт,Бутылка для воды,7,853.26,0.32
468,Петрова М.В.,Нижний Новгород,Книги,Комикс,1,523.28,0.39
469,Смирнова Е.А.,Новосибирск,Одежда,Футболка,4,1619.78,0.33
470,Петрова М.В.,Москва,Электроника,Умные часы,14,23629.2,0.18
471,Сидоров К.Д.,Новосибирск,Косметика,Парфюм,20,4789.33,0.4
472,Смирнова Е.А.,Казань,Одежда,Куртка,10,9291.28,0.4
473,Петрова М.В.,Новосибирск,Автотовары,Щетка для снега,3,1058.42,0.22
474,Кузнецов П.Р.,Новосибирск,Продукты,Кофе зерновой,4,1340.78,0.44
475,Смирнова Е.А.,Москва,Дом и сад,Садовый шланг,8,1795.16,0.24
476,Иванов А.С.,Ростов-на-Дону,Косметика,Гель для душа,19,413.62,0.37
477,Смирнова Е.А.,Новосибирск,Продукты,Оливковое масло,13,1740.88,0.49
478,Сидоров К.Д.,Екатеринбург,Косметика,Шампунь,20,541.84,0.4
479,Иванов А.С.,Самара,Одежда,Куртка,2,8655.39,0.34
480,Иванов А.С.,Казань,Электроника,Беспроводные наушники,19,8200.47,0.21
481,Петрова М.В.,Омск,Косметика,Маска для волос,18,853.66,0.32
482,Кузнецов П.Р.,Казань,Книги,Художественная литература,4,783.15,0.38
483,Петрова М.В.,Нижний Новгород,Книги,Детектив,6,719.42,0.41
484,Кузнецов П.Р.,Ростов-на-Дону,Спорт,Мяч,12,688.94,0.33
485,Сидоров К.Д.,Новосибирск,Автотовары,Щетка для снега,2,1202.11,0.19
486,Петрова М.В.,Ростов-на-Дону,Продукты,Шоколад,13,156.9,0.5
487,Иванов А.С.,Самара,Продукты,Кофе зерновой,12,1298.72,0.5
488,Кузнецов П.Р.,Санкт-Петербург,Электроника,Умные часы,4,18967.3,0.13
489,Сидоров К.Д.,Челябинск,Книги,Бизнес,1,898.93,0.38
490,Кузнецов П.Р.,Москва,Спорт,Мяч,17,912.08,0.33
491,Иванов А.С.,Москва,Одежда,Куртка,12,9026.4,0.41
492,Смирнова Е.А.,Нижний Новгород,Спорт,Гантели,10,3965.68,0.36
493,Смирнова Е.А.,Екатеринбург,Электроника,Беспроводные наушники,15,7342.35,0.22
494,Петрова М.В.,Екатеринбург,Дом и сад,Робот-пылесос,9,22118.54,0.23
495,Петрова М.В.,Омск,Дом и сад,Увлажнитель воздуха,4,4911.97,0.23
496,Кузнецов П.Р.,Ростов-на-Дону,Продукты,Шоколад,13,131.3,0.48
497,Петрова М.В.,Казань,Дом и сад,Робот-пылесос,3,25539.24,0.24
498,Петрова М.В.,Санкт-Петербург,Книги,Детектив,19,560.93,0.44
499,Смирнова Е.А.,Екатеринбург,Электроника,Беспроводные наушники,7,7156.98,0.14
500,Петрова М.В.,Екатеринбург,Книги,Художественная литература,7,770.36,0.41
501,Петрова М.В.,Омск,Дом и сад,Увлажнитель воздуха,2,5143.25,0.22
502,Иванов А.С.,Челябинск,Дом и сад,Робот-пылесос,13,22521.4,0.3
503,Сидоров К.Д.,Самара,Дом и сад,Увлажнитель воздуха,17,5523.13,0.31
504,Смирнова Е.А.,Санкт-Петербург,Косметика,Крем для лица,10,1564.64,0.35
505,Кузнецов П.Р.,Новосибирск,Дом и сад,Набор посуды,16,6007.72,0.31
506,Кузнецов П.Р.,Санкт-Петербург,Спорт,Бутылка для воды,9,792.04,0.29
507,Сидоров К.Д.,Новосибирск,Косметика,Парфюм,7,4670.51,0.28
508,Смирнова Е.А.,Омск,Спорт,Фитнес-браслет,2,4474.53,0.29
509,Смирнова Е.А.,Москва,Электроника,Беспроводные наушники,2,7559.69,0.12
510,Смирнова Е.А.,Новосибирск,Электроника,Умная колонка,4,11427.37,0.13
511,Кузнецов П.Р.,Казань,Электроника,Беспроводные наушники,13,8774.09,0.22
512,Иванов А.С.,Нижний Новгород,Дом и сад,Робот-пылесос,13,28644.71,0.3
513,Сидоров К.Д.,Новосибирск,Спорт,Бутылка для воды,18,865.66,0.34
514,Смирнова Е.А.,Ростов-на-Дону,Продукты,Шоколад,5,142.82,0.45
515,Смирнова Е.А.,Омск,Косметика,Крем для лица,15,1289.13,0.36
516,Кузнецов П.Р.,Новосибирск,Спорт,Мяч,3,741.04,0.3
517,Иванов А.С.,Екатеринбург,Автотовары,Органайзер,13,1539.34,0.26
518,Кузнецов П.Р.,Челябинск,Книги,Детектив,3,730.08,0.42
519,Кузнецов П.Р.,Ростов-на-Дону,Дом и сад,Робот-пылесос,9,22254.99,0.25
520,Сидоров К.Д.,Екатеринбург,Продукты,Оливковое масло,2,1989.7,0.44
521,Смирнова Е.А.,Новосибирск,Одежда,Джинсы,12,4235.49,0.38
522,Кузнецов П.Р.,Ростов-на-Дону,Электроника,Умная колонка,4,12125.66,0.12
523,Смирнова Е.А.,Нижний Новгород,Одежда,Куртка,8,8354.24,0.35
524,Петрова М.В.,Омск,Одежда,Платье,16,5535.3,0.39
525,Иванов А.С.,Москва,Косметика,Шампунь,3,538.39,0.3
526,Смирнова Е.А.,Казань,Книги,Бизнес,7,887.18,0.39
527,Сидоров К.Д.,Нижний Новгород,Спорт,Коврик для йоги,11,2573.27,0.33
528,Кузнецов П.Р.,Санкт-Петербург,Продукты,Шоколад,16,169.47,0.49
529,Петрова М.В.,Новосибирск,Электроника,Умные часы,12,20308.88,0.2
530,Кузнецов П.Р.,Самара,Косметика,Шампунь,8,651.68,0.3
531,Сидоров К.Д.,Ростов-на-Дону,Одежда,Кроссовки,10,6263.57,0.41
532,Смирнова Е.А.,Омск,Продукты,Гречка,16,81.54,0.5
533,Петрова М.В.,Ростов-на-Дону,Продукты,Шоколад,5,169.25,0.42
534,Петрова М.В.,Санкт-Петербург,Одежда,Джинсы,10,4407.6,0.38
535,Смирнова Е.А.,Новосибирск,Спорт,Фитнес-браслет,18,3888.92,0.35
536,Сидоров К.Д.,Челябинск,Косметика,Крем для лица,7,1338.33,0.29
537,Иванов А.С.,Казань,Спорт,Фитнес-браслет,17,4596.78,0.33
538,Петрова М.В.,Челябинск,Книги,Фантастика,2,651.51,0.41
539,Кузнецов П.Р.,Нижний Новгород,Автотовары,Щетка для снега,19,1228.82,0.22
540,Кузнецов П.Р.,Екатеринбург,Книги,Художественная литература,10,646.12,0.43
541,Петрова М.В.,Ростов-на-Дону,Одежда,Джинсы,18,5032.05,0.4
542,Петрова М.В.,Санкт-Петербург,Одежда,Футболка,2,1309.24,0.35
543,Иванов А.С.,Санкт-Петербург,Автотовары,Щетка для снега,18,1356.19,0.22
544,Петрова М.В.,Казань,Продукты,Шоколад,10,131.28,0.5
545,Смирнова Е.А.,Екатеринбург,Электроника,Умные часы,19,22613.5,0.18
546,Смирнова Е.А.,Омск,Автотовары,Щетка для снега,13,1238.88,0.26
547,Петрова М.В.,Москва,Автотовары,Ароматизатор,8,400.28,0.22
548,Сидоров К.Д.,Ростов-на-Дону,Книги,Художественная литература,5,671.92,0.41
549,Кузнецов П.Р.,Челябинск,Косметика,Шампунь,14,615.2,0.37
550,Кузнецов П.Р.,Омск,Продукты,Оливковое масло,11,1582.41,0.49
551,Кузнецов П.Р.,Москва,Дом и сад,Увлажнитель воздуха,8,4360.43,0.26
552,Сидоров К.Д.,Омск,Книги,Фантастика,6,742.87,0.37
553,Иванов А.С.,Казань,Дом и сад,Садовый шланг,6,1857.3,0.25
554,Иванов А.С.,Ростов-на-Дону,Продукты,Кофе зерновой,20,1273.87,0.5
555,Кузнецов П.Р.,Самара,Электроника,Ноутбук,17,90118.66,0.19
556,Смирнова Е.А.,Ростов-на-Дону,Дом и сад,Робот-пылесос,16,26847.8,0.28
557,Сидоров К.Д.,Санкт-Петербург,Спорт,Мяч,1,740.85,0.3
558,Иванов А.С.,Казань,Спорт,Коврик для йоги,11,2701.27,0.36
559,Петрова М.В.,Казань,Продукты,Сыр,17,1762.32,0.5
560,Петрова М.В.,Екатеринбург,Косметика,Маска для волос,12,1028.14,0.33
561,Иванов А.С.,Санкт-Петербург,Продукты,Сыр,2,1642.75,0.47
562,Смирнова Е.А.,Новосибирск,Косметика,Парфюм,3,4669.42,0.28
563,Сидоров К.Д.,Санкт-Петербург,Электроника,Смартфон,15,42936.75,0.19
564,Смирнова Е.А.,Санкт-Петербург,Продукты,Сыр,17,1705.76,0.5
565,Сидоров К.Д.,Казань,Продукты,Оливковое масло,2,1768.22,0.47
566,Иванов А.С.,Москва,Дом и сад,Увлажнитель воздуха,17,4577.37,0.31
567,Кузнецов П.Р.,Екатеринбург,Одежда,Кроссовки,10,5764.11,0.42
568,Кузнецов П.Р.,Новосибирск,Автотовары,Органайзер,5,2044.49,0.2
569,Иванов А.С.,Омск,Электроника,Умные часы,16,25006.11,0.2
570,Сидоров К.Д.,Челябинск,Автотовары,Щетка для снега,4,1288.73,0.2
571,Кузнецов П.Р.,Санкт-Петербург,Продукты,Кофе зерновой,9,1301.88,0.43
572,Смирнова Е.А.,Нижний Новгород,Продукты,Гречка,15,84.37,0.49
573,Смирнова Е.А.,Самара,Автотовары,Видеорегистратор,9,6218.34,0.21
574,Кузнецов П.Р.,Самара,Книги,Детектив,4,596.63,0.41
575,Кузнецов П.Р.,Самара,Косметика,Шампунь,13,639.95,0.36
576,Сидоров К.Д.,Казань,Продукты,Шоколад,7,156.47,0.44
577,Иванов А.С.,Казань,Книги,Комикс,14,436.49,0.45
578,Петрова М.В.,Челябинск,Электроника,Ноутбук,20,77114.08,0.22
579,Петрова М.В.,Санкт-Петербург,Дом и сад,Садовый шланг,1,2059.23,0.24
580,Сидоров К.Д.,Челябинск,Косметика,Парфюм,8,4857.28,0.28
581,Петрова М.В.,Челябинск,Электроника,Умная колонка,18,10534.29,0.22
582,Иванов А.С.,Нижний Новгород,Спорт,Фитнес-браслет,20,3409.24,0.38
583,Смирнова Е.А.,Нижний Новгород,Автотовары,Видеорегистратор,20,6985.71,0.29
584,Иванов А.С.,Санкт-Петербург,Косметика,Маска для волос,7,784.22,0.32
585,Смирнова Е.А.,Омск,Спорт,Мяч,9,893.67,0.31
586,Петрова М.В.,Челябинск,Спорт,Коврик для йоги,8,2276.66,0.3
587,Кузнецов П.Р.,Самара,Дом и сад,Увлажнитель воздуха,15,4297.42,0.3
588,Сидоров К.Д.,Казань,Косметика,Крем для лица,10,1654.95,0.36
589,Петрова М.В.,Москва,Электроника,Беспроводные наушники,19,8932.07,0.19
590,Иванов А.С.,Екатеринбург,Книги,Бизнес,19,993.75,0.42
591,Кузнецов П.Р.,Москва,Дом и сад,Робот-пылесос,17,27955.41,0.28
592,Кузнецов П.Р.,Казань,Одежда,Футболка,12,1371.95,0.39
593,Иванов А.С.,Казань,Автотовары,Ароматизатор,17,384.7,0.23
594,Смирнова Е.А.,Москва,Автотовары,Ароматизатор,9,353.64,0.2
595,Петрова М.В.,Казань,Косметика,Гель для душа,1,400.92,0.28
596,Петрова М.В.,Омск,Спорт,Гантели,14,3654.2,0.35
597,Кузнецов П.Р.,Нижний Новгород,Электроника,Ноутбук,2,90223.02,0.17
598,Петрова М.В.,Новосибирск,Автотовары,Видеорегистратор,12,6046.43,0.25
599,Сидоров К.Д.,Самара,Одежда,Кроссовки,4,6557.05,0.33
600,Петрова М.В.,Санкт-Петербург,Косметика,Шампунь,15,582.3,0.36
601,Кузнецов П.Р.,Ростов-на-Дону,Автотовары,Видеорегистратор,16,6979.86,0.25
602,Сидоров К.Д.,Санкт-Петербург,Автотовары,Органайзер,17,1569.66,0.25
603,Кузнецов П.Р.,Санкт-Петербург,Автотовары,Видеорегистратор,1,6388.2,0.21
604,Сидоров К.Д.,Ростов-на-Дону,Одежда,Кроссовки,19,7310.26,0.41
605,Иванов А.С.,Санкт-Петербург,Спорт,Мяч,5,688.25,0.31
606,Смирнова Е.А.,Нижний Новгород,Автотовары,Ароматизатор,20,398.64,0.29
607,Кузнецов П.Р.,Нижний Новгород,Косметика,Парфюм,13,4036.29,0.36
608,Сидоров К.Д.,Екатеринбург,Электроника,Ноутбук,5,82915.52,0.14
609,Сидоров К.Д.,Москва,Книги,Фантастика,12,808.88,0.44
610,Петрова М.В.,Ростов-на-Дону,Электроника,Умные часы,12,23652.06,0.19
611,Петрова М.В.,Новосибирск,Одежда,Куртка,19,9504.13,0.42
612,Иванов А.С.,Москва,Одежда,Куртка,10,8222.29,0.42
613,Петрова М.В.,Челябинск,Косметика,Крем для лица,15,1363.91,0.32
614,Иванов А.С.,Ростов-на-Дону,Электроника,Смартфон,18,40019.25,0.21
615,Иванов А.С.,Ростов-на-Дону,Книги,Фантастика,15,769.9,0.45
616,Сидоров К.Д.,Санкт-Петербург,Одежда,Футболка,17,1511.12,0.4
617,Кузнецов П.Р.,Ростов-на-Дону,Книги,Художественная литература,1,624.53,0.38
618,Сидоров К.Д.,Москва,Спорт,Мяч,12,817.68,0.36
619,Кузнецов П.Р.,Казань,Продукты,Кофе зерновой,11,1226.42,0.5
620,Иванов А.С.,Ростов-на-Дону,Косметика,Шампунь,5,667.21,0.27
621,Смирнова Е.А.,Ростов-на-Дону,Одежда,Джинсы,9,4584.74,0.36
622,Кузнецов П.Р.,Нижний Новгород,Одежда,Футболка,10,1445.98,0.38
623,Кузнецов П.Р.,Самара,Дом и сад,Увлажнитель воздуха,6,4519.77,0.25
624,Смирнова Е.А.,Казань,Электроника,Ноутбук,10,84415.2,0.18
625,Сидоров К.Д.,Челябинск,Автотовары,Органайзер,15,1662.98,0.23
626,Петрова М.В.,Челябинск,Дом и сад,Чайник,10,3250.81,0.29
627,Иванов А.С.,Санкт-Петербург,Одежда,Кроссовки,9,6137.48,0.35
628,Иванов А.С.,Новосибирск,Косметика,Гель для душа,20,458.62,0.36
629,Кузнецов П.Р.,Нижний Новгород,Дом и сад,Увлажнитель воздуха,19,4946.56,0.29
630,Кузнецов П.Р.,Нижний Новгород,Одежда,Футболка,15,1377.29,0.39
631,Кузнецов П.Р.,Нижний Новгород,Продукты,Оливковое масло,5,1943.12,0.42
632,Петрова М.В.,Санкт-Петербург,Дом и сад,Робот-пылесос,10,28700.26,0.29
633,Петрова М.В.,Ростов-на-Дону,Спорт,Мяч,4,919.01,0.32
634,Петрова М.В.,Санкт-Петербург,Спорт,Гантели,8,3656.17,0.27
635,Кузнецов П.Р.,Новосибирск,Спорт,Бутылка для воды,17,812.96,0.33
636,Сидоров К.Д.,Ростов-на-Дону,Косметика,Гель для душа,3,353.98,0.31
637,Смирнова Е.А.,Ростов-на-Дону,Книги,Художественная литература,7,738.17,0.38
638,Смирнова Е.А.,Казань,Косметика,Крем для лица,2,1505.18,0.31
639,Петрова М.В.,Екатеринбург,Электроника,Смартфон,3,49423.56,0.12
640,Сидоров К.Д.,Казань,Книги,Детектив,13,745.82,0.44
641,Петрова М.В.,Ростов-на-Дону,Дом и сад,Робот-пылесос,1,26786.63,0.27
642,Иванов А.С.,Челябинск,Дом и сад,Увлажнитель воздуха,16,4313.52,0.3
643,Смирнова Е.А.,Казань,Автотовары,Щетка для снега,16,1338.2,0.25
644,Смирнова Е.А.,Москва,Автотовары,Щетка для снега,9,1219.83,0.19
645,Петрова М.В.,Нижний Новгород,Продукты,Сыр,18,1668.52,0.5
646,Смирнова Е.А.,Новосибирск,Спорт,Бутылка для воды,15,952.39,0.35
647,Петрова М.В.,Санкт-Петербург,Косметика,Парфюм,17,5092.11,0.34
648,Петрова М.В.,Челябинск,Косметика,Маска для волос,15,900.77,0.34
649,Кузнецов П.Р.,Омск,Одежда,Футболка,18,1570.83,0.41
650,Петрова М.В.,Новосибирск,Косметика,Шампунь,15,622.0,0.33
651,Сидоров К.Д.,Ростов-на-Дону,Дом и сад,Увлажнитель воздуха,10,4542.79,0.28
652,Кузнецов П.Р.,Самара,Электроника,Умные часы,4,23805.23,0.15
653,Кузнецов П.Р.,Новосибирск,Одежда,Кроссовки,18,6784.09,0.4
654,Сидоров К.Д.,Омск,Книги,Фантастика,7,861.26,0.41
655,Смирнова Е.А.,Нижний Новгород,Книги,Детектив,10,716.76,0.45
656,Иванов А.С.,Санкт-Петербург,Спорт,Фитнес-браслет,20,4391.02,0.38
657,Смирнова Е.А.,Москва,Одежда,Кроссовки,12,6565.82,0.37
658,Иванов А.С.,Челябинск,Одежда,Платье,20,4689.0,0.43
659,Петрова М.В.,Самара,Продукты,Оливковое масло,7,1923.8,0.42
660,Иванов А.С.,Ростов-на-Дону,Электроника,Умная колонка,12,13619.28,0.22
661,Смирнова Е.А.,Ростов-на-Дону,Автотовары,Органайзер,1,1839.19,0.21
662,Смирнова Е.А.,Самара,Одежда,Платье,13,6146.58,0.38
663,Кузнецов П.Р.,Нижний Новгород,Автотовары,Ароматизатор,20,408.14,0.29
664,Смирнова Е.А.,Казань,Книги,Бизнес,16,875.93,0.45
665,Сидоров К.Д.,Самара,Автотовары,Держатель для телефона,15,665.87,0.26
666,Петрова М.В.,Москва,Спорт,Бутылка для воды,16,807.41,0.33
667,Смирнова Е.А.,Самара,Спорт,Фитнес-браслет,18,4497.43,0.35
668,Петрова М.В.,Ростов-на-Дону,Косметика,Шампунь,9,650.28,0.29
669,Петрова М.В.,Ростов-на-Дону,Электроника,Умные часы,10,24503.2,0.21
670,Петрова М.В.,Омск,Электроника,Смартфон,4,46589.5,0.15
671,Иванов А.С.,Ростов-на-Дону,Автотовары,Щетка для снега,11,1094.05,0.24
672,Смирнова Е.А.,Казань,Косметика,Крем для лица,14,1499.36,0.34
673,Смирнова Е.А.,Ростов-на-Дону,Продукты,Оливковое масло,15,1793.26,0.5
674,Иванов А.С.,Омск,Продукты,Шоколад,5,167.23,0.45
675,Сидоров К.Д.,Санкт-Петербург,Электроника,Беспроводные наушники,4,7840.08,0.13
676,Иванов А.С.,Ростов-на-Дону,Спорт,Бутылка для воды,11,978.41,0.36
677,Смирнова Е.А.,Самара,Автотовары,Органайзер,9,1730.4,0.2
678,Кузнецов П.Р.,Омск,Дом и сад,Садовый шланг,13,1996.26,0.3
679,Петрова М.В.,Омск,Электроника,Смартфон,15,40029.12,0.21
680,Смирнова Е.А.,Новосибирск,Электроника,Смартфон,1,46165.92,0.14
681,Иванов А.С.,Казань,Книги,Комикс,13,488.01,0.43
682,Петрова М.В.,Новосибирск,Спорт,Гантели,8,3770.02,0.29
683,Смирнова Е.А.,Омск,Продукты,Оливковое масло,3,1992.04,0.46
684,Смирнова Е.А.,Екатеринбург,Спорт,Коврик для йоги,6,2788.75,0.32
685,Кузнецов П.Р.,Москва,Автотовары,Органайзер,1,1849.74,0.21
686,Сидоров К.Д.,Омск,Электроника,Беспроводные наушники,15,7827.51,0.19
687,Смирнова Е.А.,Челябинск,Автотовары,Держатель для телефона,6,598.88,0.19
688,Иванов А.С.,Новосибирск,Спорт,Мяч,15,810.22,0.37
689,Кузнецов П.Р.,Нижний Новгород,Спорт,Коврик для йоги,13,2283.23,0.33
690,Иванов А.С.,Омск,Дом и сад,Чайник,19,3212.9,0.31
691,Смирнова Е.А.,Москва,Книги,Фантастика,3,830.82,0.39
692,Кузнецов П.Р.,Челябинск,Одежда,Футболка,20,1651.1,0.45
693,Сидоров К.Д.,Омск,Книги,Бизнес,15,985.72,0.46
694,Сидоров К.Д.,Москва,Дом и сад,Набор посуды,9,6941.22,0.24
695,Сидоров К.Д.,Казань,Автотовары,Щетка для снега,12,1148.62,0.24
696,Петрова М.В.,Нижний Новгород,Электроника,Ноутбук,14,73795.56,0.19
697,Сидоров К.Д.,Самара,Дом и сад,Чайник,5,2811.79,0.27
698,Иванов А.С.,Самара,Автотовары,Держатель для телефона,20,793.83,0.3
699,Сидоров К.Д.,Санкт-Петербург,Электроника,Смартфон,16,43008.25,0.18
700,Смирнова Е.А.,Москва,Книги,Фантастика,6,759.96,0.4
701,Петрова М.В.,Самара,Косметика,Крем для лица,15,1595.83,0.33
702,Иванов А.С.,Екатеринбург,Продукты,Оливковое масло,13,1718.22,0.5
703,Иванов А.С.,Нижний Новгород,Продукты,Шоколад,18,128.07,0.5
704,Петрова М.В.,Омск,Продукты,Шоколад,14,152.46,0.48
705,Кузнецов П.Р.,Казань,Спорт,Фитнес-браслет,12,3611.87,0.32
706,Петрова М.В.,Самара,Спорт,Коврик для йоги,6,2566.07,0.27
707,Смирнова Е.А.,Нижний Новгород,Спорт,Гантели,11,3035.04,0.36
708,Сидоров К.Д.,Екатеринбург,Продукты,Сыр,7,1624.37,0.46
709,Смирнова Е.А.,Казань,Косметика,Парфюм,15,3889.28,0.34
710,Кузнецов П.Р.,Екатеринбург,Дом и сад,Набор посуды,8,7191.1,0.23
711,Сидоров К.Д.,Ростов-на-Дону,Книги,Детектив,13,555.93,0.44
712,Кузнецов П.Р.,Самара,Продукты,Сыр,10,1813.77,0.48
713,Сидоров К.Д.,Самара,Дом и сад,Робот-пылесос,15,26372.21,0.3
714,Кузнецов П.Р.,Казань,Одежда,Платье,6,4777.25,0.35
715,Петрова М.В.,Москва,Автотовары,Ароматизатор,15,382.09,0.26
716,Петрова М.В.,Новосибирск,Продукты,Сыр,9,1638.51,0.46
717,Смирнова Е.А.,Москва,Одежда,Футболка,15,1489.11,0.41
718,Сидоров К.Д.,Омск,Автотовары,Держатель для телефона,11,665.95,0.25
719,Смирнова Е.А.,Москва,Дом и сад,Робот-пылесос,19,25124.91,0.31
720,Петрова М.В.,Новосибирск,Спорт,Мяч,19,814.99,0.35
721,Иванов А.С.,Самара,Продукты,Оливковое масло,9,1735.51,0.44
722,Петрова М.В.,Казань,Автотовары,Щетка для снега,6,1286.69,0.19
723,Сидоров К.Д.,Санкт-Петербург,Книги,Бизнес,8,963.27,0.4
724,Иванов А.С.,Омск,Электроника,Смартфон,7,40266.2,0.13
725,Иванов А.С.,Омск,Спорт,Мяч,12,840.94,0.34
726,Сидоров К.Д.,Казань,Дом и сад,Робот-пылесос,14,27039.92,0.3
727,Смирнова Е.А.,Омск,Косметика,Гель для душа,11,426.71,0.32
728,Иванов А.С.,Санкт-Петербург,Спорт,Мяч,8,837.47,0.31
729,Смирнова Е.А.,Санкт-Петербург,Косметика,Крем для лица,16,1562.7,0.33
730,Кузнецов П.Р.,Новосибирск,Спорт,Бутылка для воды,16,780.56,0.36
731,Петрова М.В.,Казань,Косметика,Маска для волос,1,911.01,0.32
732,Петрова М.В.,Санкт-Петербург,Одежда,Платье,2,6078.71,0.34
733,Иванов А.С.,Ростов-на-Дону,Спорт,Мяч,2,870.91,0.32
734,Смирнова Е.А.,Нижний Новгород,Одежда,Футболка,5,1339.49,0.36
735,Иванов А.С.,Нижний Новгород,Дом и сад,Робот-пылесос,15,26413.07,0.29
736,Иванов А.С.,Санкт-Петербург,Автотовары,Видеорегистратор,18,6712.3,0.24
737,Сидоров К.Д.,Казань,Автотовары,Щетка для снега,15,1052.21,0.25
738,Иванов А.С.,Москва,Косметика,Парфюм,20,5166.98,0.38
739,Кузнецов П.Р.,Москва,Электроника,Смартфон,19,45633.62,0.2
740,Петрова М.В.,Омск,Книги,Художественная литература,16,637.92,0.45
741,Петрова М.В.,Челябинск,Продукты,Шоколад,19,137.82,0.5
742,Кузнецов П.Р.,Челябинск,Продукты,Шоколад,2,163.82,0.47
743,Иванов А.С.,Ростов-на-Дону,Продукты,Кофе зерновой,13,1239.06,0.49
744,Сидоров К.Д.,Казань,Автотовары,Органайзер,14,2045.49,0.22
745,Иванов А.С.,Ростов-на-Дону,Продукты,Гречка,18,88.18,0.49
746,Иванов А.С.,Челябинск,Продукты,Шоколад,5,168.38,0.45
747,Смирнова Е.А.,Омск,Дом и сад,Увлажнитель воздуха,14,5640.07,0.29
748,Петрова М.В.,Самара,Дом и сад,Робот-пылесос,7,28569.2,0.25
749,Петрова М.В.,Казань,Одежда,Футболка,11,1572.0,0.41
750,Петрова М.В.,Москва,Спорт,Бутылка для воды,18,992.15,0.34
751,Иванов А.С.,Казань,Книги,Бизнес,14,906.02,0.45
752,Смирнова Е.А.,Екатеринбург,Спорт,Мяч,5,762.38,0.31
753,Петрова М.В.,Самара,Спорт,Мяч,15,785.65,0.37
754,Сидоров К.Д.,Санкт-Петербург,Одежда,Джинсы,19,5148.0,0.41
755,Иванов А.С.,Нижний Новгород,Косметика,Маска для волос,1,982.6,0.29
756,Иванов А.С.,Екатеринбург,Книги,Комикс,12,572.45,0.46
757,Кузнецов П.Р.,Самара,Книги,Художественная литература,17,697.59,0.44
758,Петрова М.В.,Омск,Продукты,Кофе зерновой,10,1260.82,0.49
759,Иванов А.С.,Самара,Одежда,Джинсы,19,3835.44,0.4
760,Кузнецов П.Р.,Новосибирск,Одежда,Кроссовки,11,6427.52,0.42
761,Петрова М.В.,Омск,Книги,Фантастика,2,774.08,0.4
762,Петрова М.В.,Новосибирск,Книги,Художественная литература,13,605.7,0.43
763,Кузнецов П.Р.,Новосибирск,Одежда,Куртка,1,8020.49,0.32
764,Петрова М.В.,Омск,Одежда,Куртка,12,7803.13,0.39
765,Иванов А.С.,Самара,Электроника,Умные часы,16,22453.6,0.19
766,Иванов А.С.,Омск,Одежда,Платье,15,5388.6,0.39
767,Кузнецов П.Р.,Екатеринбург,Продукты,Оливковое масло,19,1874.8,0.5
768,Кузнецов П.Р.,Омск,Спорт,Коврик для йоги,4,2548.92,0.29
769,Петрова М.В.,Челябинск,Электроника,Смартфон,19,49079.99,0.19
770,Смирнова Е.А.,Ростов-на-Дону,Спорт,Фитнес-браслет,10,4383.22,0.36
771,Иванов А.С.,Ростов-на-Дону,Книги,Комикс,4,468.49,0.39
772,Смирнова Е.А.,Челябинск,Косметика,Маска для волос,8,878.73,0.31
773,Сидоров К.Д.,Екатеринбург,Книги,Фантастика,10,780.26,0.46
774,Петрова М.В.,Новосибирск,Электроника,Беспроводные наушники,14,7305.55,0.21
775,Сидоров К.Д.,Ростов-на-Дону,Спорт,Фитнес-браслет,20,3663.3,0.38
776,Иванов А.С.,Москва,Дом и сад,Робот-пылесос,15,26394.04,0.28
777,Петрова М.В.,Самара,Книги,Бизнес,11,849.08,0.44
778,Иванов А.С.,Новосибирск,Одежда,Платье,13,6090.72,0.39
779,Петрова М.В.,Москва,Книги,Комикс,1,561.36,0.39
780,Смирнова Е.А.,Санкт-Петербург,Одежда,Платье,6,5724.97,0.35
781,Смирнова Е.А.,Екатеринбург,Электроника,Умные часы,9,19203.26,0.14
782,Иванов А.С.,Омск,Спорт,Фитнес-браслет,16,3407.13,0.33
783,Петрова М.В.,Ростов-на-Дону,Одежда,Куртка,14,9310.64,0.42
784,Сидоров К.Д.,Ростов-на-Дону,Дом и сад,Чайник,18,3376.97,0.28
785,Иванов А.С.,Москва,Одежда,Джинсы,19,4323.17,0.37
786,Петрова М.В.,Самара,Косметика,Крем для лица,7,1283.68,0.28
787,Петрова М.В.,Москва,Электроника,Умные часы,1,20015.54,0.14
788,Кузнецов П.Р.,Санкт-Петербург,Одежда,Футболка,10,1654.16,0.4
789,Петрова М.В.,Казань,Одежда,Кроссовки,3,6265.82,0.36
790,Иванов А.С.,Нижний Новгород,Дом и сад,Чайник,19,2814.42,0.28
791,Кузнецов П.Р.,Москва,Одежда,Кроссовки,1,6926.81,0.34
792,Сидоров К.Д.,Челябинск,Продукты,Гречка,15,95.0,0.5
793,Кузнецов П.Р.,Самара,Книги,Бизнес,8,905.95,0.38
794,Иванов А.С.,Новосибирск,Спорт,Мяч,1,745.25,0.29
795,Петрова М.В.,Новосибирск,Одежда,Кроссовки,20,6068.33,0.42
796,Смирнова Е.А.,Самара,Продукты,Гречка,6,101.93,0.46
797,Иванов А.С.,Санкт-Петербург,Продукты,Сыр,13,1838.98,0.48
798,Сидоров К.Д.,Нижний Новгород,Автотовары,Ароматизатор,11,380.11,0.26
799,Смирнова Е.А.,Омск,Косметика,Крем для лица,3,1333.7,0.32
800,Иванов А.С.,Самара,Автотовары,Ароматизатор,18,419.22,0.24
801,Сидоров К.Д.,Нижний Новгород,Книги,Художественная литература,7,722.27,0.39
802,Петрова М.В.,Екатеринбург,Электроника,Беспроводные наушники,14,8402.26,0.21
803,Смирнова Е.А.,Санкт-Петербург,Книги,Комикс,19,561.16,0.47
804,Сидоров К.Д.,Екатеринбург,Электроника,Беспроводные наушники,10,6915.56,0.19
805,Иванов А.С.,Нижний Новгород,Книги,Комикс,10,571.37,0.45
806,Кузнецов П.Р.,Ростов-на-Дону,Косметика,Гель для душа,20,361.69,0.37
807,Кузнецов П.Р.,Омск,Спорт,Гантели,13,3862.05,0.36
808,Кузнецов П.Р.,Нижний Новгород,Электроника,Умные часы,2,22194.59,0.16
809,Иванов А.С.,Екатеринбург,Книги,Художественная литература,3,741.75,0.37
810,Смирнова Е.А.,Москва,Дом и сад,Увлажнитель воздуха,13,4737.33,0.31
811,Иванов А.С.,Новосибирск,Автотовары,Ароматизатор,15,447.28,0.27
812,Смирнова Е.А.,Новосибирск,Дом и сад,Набор посуды,13,6988.63,0.29
813,Смирнова Е.А.,Новосибирск,Книги,Комикс,2,489.12,0.4
814,Иванов А.С.,Санкт-Петербург,Автотовары,Ароматизатор,16,346.92,0.25
815,Иванов А.С.,Казань,Одежда,Джинсы,1,4250.17,0.36
816,Иванов А.С.,Челябинск,Продукты,Оливковое масло,13,1726.53,0.49
817,Сидоров К.Д.,Челябинск,Спорт,Бутылка для воды,9,938.06,0.27
818,Сидоров К.Д.,Омск,Спорт,Фитнес-браслет,20,3453.15,0.39
819,Смирнова Е.А.,Нижний Новгород,Электроника,Смартфон,12,44126.43,0.18
820,Петрова М.В.,Челябинск,Автотовары,Видеорегистратор,3,7724.06,0.22
821,Смирнова Е.А.,Ростов-на-Дону,Одежда,Футболка,14,1662.82,0.42
822,Петрова М.В.,Москва,Спорт,Коврик для йоги,9,2805.47,0.32
823,Сидоров К.Д.,Санкт-Петербург,Автотовары,Видеорегистратор,13,6123.16,0.25
824,Петрова М.В.,Нижний Новгород,Автотовары,Держатель для телефона,10,728.67,0.24
825,Сидоров К.Д.,Челябинск,Автотовары,Видеорегистратор,7,7414.0,0.21
826,Петрова М.В.,Ростов-на-Дону,Одежда,Куртка,18,8971.76,0.38
827,Кузнецов П.Р.,Челябинск,Автотовары,Ароматизатор,8,384.57,0.21
828,Смирнова Е.А.,Москва,Автотовары,Держатель для телефона,13,717.96,0.26
829,Иванов А.С.,Омск,Косметика,Маска для волос,3,767.86,0.28
830,Смирнова Е.А.,Самара,Электроника,Смартфон,15,42082.88,0.18
831,Иванов А.С.,Москва,Автотовары,Видеорегистратор,4,7364.88,0.19
832,Петрова М.В.,Омск,Книги,Фантастика,17,642.37,0.44
833,Сидоров К.Д.,Казань,Спорт,Фитнес-браслет,1,3526.7,0.28
834,Кузнецов П.Р.,Самара,Дом и сад,Чайник,18,3363.01,0.27
835,Сидоров К.Д.,Нижний Новгород,Продукты,Оливковое масло,6,1658.48,0.45
836,Сидоров К.Д.,Новосибирск,Продукты,Гречка,9,80.84,0.43
837,Иванов А.С.,Новосибирск,Дом и сад,Садовый шланг,18,2153.78,0.31
838,Иванов А.С.,Омск,Автотовары,Щетка для снега,14,1332.86,0.22
839,Смирнова Е.А.,Челябинск,Одежда,Куртка,5,8804.06,0.36
840,Петрова М.В.,Челябинск,Дом и сад,Садовый шланг,8,1897.01,0.23
841,Иванов А.С.,Нижний Новгород,Спорт,Коврик для йоги,4,2816.59,0.27
842,Иванов А.С.,Омск,Дом и сад,Чайник,6,2824.0,0.24
843,Кузнецов П.Р.,Челябинск,Спорт,Бутылка для воды,19,943.69,0.37
844,Петрова М.В.,Новосибирск,Книги,Фантастика,1,655.45,0.4
845,Иванов А.С.,Москва,Автотовары,Щетка для снега,16,1323.47,0.22
846,Кузнецов П.Р.,Новосибирск,Автотовары,Органайзер,3,1892.87,0.18
847,Петрова М.В.,Ростов-на-Дону,Косметика,Парфюм,11,4689.47,0.35
848,Петрова М.В.,Ростов-на-Дону,Одежда,Футболка,16,1520.77,0.38
849,Иванов А.С.,Ростов-на-Дону,Продукты,Шоколад,17,132.5,0.5
850,Петрова М.В.,Омск,Автотовары,Держатель для телефона,19,761.22,0.25
851,Смирнова Е.А.,Новосибирск,Дом и сад,Робот-пылесос,1,21967.65,0.24
852,Смирнова Е.А.,Екатеринбург,Одежда,Джинсы,11,5044.84,0.38
853,Сидоров К.Д.,Новосибирск,Косметика,Маска для волос,11,927.45,0.34
854,Иванов А.С.,Самара,Одежда,Платье,5,5804.31,0.34
855,Иванов А.С.,Омск,Книги,Фантастика,19,811.81,0.42
856,Кузнецов П.Р.,Челябинск,Книги,Детектив,1,663.76,0.39
857,Смирнова Е.А.,Казань,Косметика,Гель для душа,18,401.38,0.34
858,Сидоров К.Д.,Омск,Книги,Бизнес,1,804.73,0.41
859,Иванов А.С.,Самара,Косметика,Парфюм,13,4610.62,0.33
860,Кузнецов П.Р.,Нижний Новгород,Дом и сад,Увлажнитель воздуха,6,5568.98,0.24
861,Иванов А.С.,Омск,Электроника,Смартфон,13,39780.88,0.19
862,Смирнова Е.А.,Нижний Новгород,Книги,Комикс,9,443.66,0.4
863,Сидоров К.Д.,Нижний Новгород,Косметика,Крем для лица,17,1624.14,0.36
864,Петрова М.В.,Челябинск,Автотовары,Видеорегистратор,6,8037.22,0.21
865,Петрова М.В.,Челябинск,Косметика,Гель для душа,9,454.92,0.31
866,Иванов А.С.,Омск,Спорт,Бутылка для воды,20,816.12,0.38
867,Сидоров К.Д.,Екатеринбург,Автотовары,Органайзер,9,1775.07,0.21
868,Иванов А.С.,Самара,Дом и сад,Садовый шланг,12,1881.35,0.28
869,Иванов А.С.,Самара,Одежда,Джинсы,7,4935.49,0.37
870,Петрова М.В.,Омск,Спорт,Бутылка для воды,8,895.06,0.3
871,Смирнова Е.А.,Ростов-на-Дону,Косметика,Крем для лица,7,1480.9,0.31
872,Петрова М.В.,Нижний Новгород,Спорт,Мяч,8,853.35,0.3
873,Кузнецов П.Р.,Москва,Дом и сад,Садовый шланг,5,1846.48,0.26
874,Петрова М.В.,Челябинск,Одежда,Футболка,17,1664.01,0.39
875,Петрова М.В.,Новосибирск,Автотовары,Ароматизатор,15,453.42,0.27
876,Кузнецов П.Р.,Екатеринбург,Автотовары,Видеорегистратор,17,8037.4,0.25
877,Смирнова Е.А.,Омск,Продукты,Оливковое масло,5,1879.74,0.46
878,Смирнова Е.А.,Нижний Новгород,Автотовары,Видеорегистратор,2,6148.06,0.18
879,Кузнецов П.Р.,Ростов-на-Дону,Одежда,Джинсы,11,4781.28,0.39
880,Кузнецов П.Р.,Самара,Автотовары,Ароматизатор,19,405.15,0.24
881,Петрова М.В.,Екатеринбург,Продукты,Кофе зерновой,20,1295.2,0.5
882,Смирнова Е.А.,Казань,Одежда,Платье,17,5166.15,0.42
883,Сидоров К.Д.,Санкт-Петербург,Автотовары,Видеорегистратор,6,6702.92,0.21
884,Смирнова Е.А.,Санкт-Петербург,Косметика,Шампунь,10,624.97,0.36
885,Петрова М.В.,Ростов-на-Дону,Дом и сад,Увлажнитель воздуха,10,4826.61,0.27
886,Иванов А.С.,Омск,Автотовары,Ароматизатор,15,452.47,0.25
887,Кузнецов П.Р.,Казань,Косметика,Парфюм,8,4495.09,0.31
888,Сидоров К.Д.,Омск,Одежда,Платье,3,4928.49,0.33
889,Иванов А.С.,Челябинск,Автотовары,Органайзер,18,1705.85,0.23
890,Кузнецов П.Р.,Казань,Косметика,Крем для лица,2,1474.87,0.3
891,Кузнецов П.Р.,Нижний Новгород,Электроника,Умные часы,17,24185.52,0.18
892,Иванов А.С.,Самара,Спорт,Коврик для йоги,1,2478.83,0.28
893,Петрова М.В.,Санкт-Петербург,Книги,Комикс,16,430.35,0.47
894,Сидоров К.Д.,Нижний Новгород,Книги,Комикс,14,449.44,0.46
895,Кузнецов П.Р.,Самара,Косметика,Маска для волос,9,873.99,0.3
896,Иванов А.С.,Москва,Автотовары,Органайзер,11,1987.22,0.24
897,Сидоров К.Д.,Казань,Одежда,Футболка,12,1357.3,0.4
898,Иванов А.С.,Челябинск,Одежда,Куртка,17,8291.17,0.37
899,Петрова М.В.,Москва,Продукты,Сыр,16,1579.27,0.47
900,Смирнова Е.А.,Самара,Спорт,Фитнес-браслет,1,4249.05,0.29
901,Смирнова Е.А.,Казань,Дом и сад,Чайник,15,2943.63,0.29
902,Сидоров К.Д.,Челябинск,Электроника,Беспроводные наушники,14,7295.33,0.18
903,Петрова М.В.,Челябинск,Косметика,Парфюм,2,4724.97,0.31
904,Иванов А.С.,Челябинск,Одежда,Кроссовки,13,6364.27,0.4
905,Кузнецов П.Р.,Самара,Дом и сад,Робот-пылесос,17,24984.54,0.3
906,Кузнецов П.Р.,Челябинск,Продукты,Сыр,7,1509.87,0.46
907,Петрова М.В.,Москва,Продукты,Гречка,19,90.39,0.5
908,Кузнецов П.Р.,Екатеринбург,Автотовары,Ароматизатор,9,353.44,0.21
909,Смирнова Е.А.,Омск,Электроника,Беспроводные наушники,17,6873.01,0.18
910,Сидоров К.Д.,Омск,Одежда,Куртка,2,8548.46,0.35
911,Сидоров К.Д.,Казань,Электроника,Ноутбук,3,80102.56,0.15
912,Кузнецов П.Р.,Челябинск,Спорт,Мяч,2,843.99,0.29
913,Петрова М.В.,Казань,Книги,Комикс,18,431.43,0.42
914,Иванов А.С.,Новосибирск,Одежда,Платье,11,5877.13,0.38
915,Кузнецов П.Р.,Ростов-на-Дону,Дом и сад,Робот-пылесос,3,28640.78,0.24
916,Сидоров К.Д.,Челябинск,Продукты,Шоколад,2,145.58,0.47
917,Кузнецов П.Р.,Челябинск,Автотовары,Ароматизатор,6,369.16,0.18
918,Кузнецов П.Р.,Ростов-на-Дону,Дом и сад,Набор посуды,2,6944.22,0.25
919,Кузнецов П.Р.,Москва,Одежда,Куртка,3,10164.31,0.36
920,Иванов А.С.,Челябинск,Спорт,Фитнес-браслет,5,4386.62,0.29
921,Кузнецов П.Р.,Ростов-на-Дону,Косметика,Шампунь,18,533.72,0.33
922,Смирнова Е.А.,Екатеринбург,Косметика,Крем для лица,5,1667.24,0.31
923,Иванов А.С.,Санкт-Петербург,Одежда,Джинсы,7,4074.12,0.34
924,Кузнецов П.Р.,Нижний Новгород,Книги,Фантастика,3,695.86,0.39
925,Смирнова Е.А.,Челябинск,Косметика,Гель для душа,11,402.62,0.35
926,Иванов А.С.,Омск,Продукты,Шоколад,17,161.16,0.49
927,Петрова М.В.,Омск,Одежда,Футболка,12,1605.59,0.42
928,Смирнова Е.А.,Нижний Новгород,Дом и сад,Увлажнитель воздуха,16,5622.22,0.3
929,Смирнова Е.А.,Новосибирск,Одежда,Футболка,2,1328.66,0.36
930,Иванов А.С.,Челябинск,Одежда,Платье,18,5562.08,0.39
931,Кузнецов П.Р.,Омск,Косметика,Гель для душа,18,348.48,0.34
932,Смирнова Е.А.,Нижний Новгород,Одежда,Джинсы,9,4772.16,0.34
933,Иванов А.С.,Санкт-Петербург,Продукты,Шоколад,16,161.86,0.5
934,Сидоров К.Д.,Самара,Одежда,Куртка,8,9806.43,0.32
935,Кузнецов П.Р.,Челябинск,Дом и сад,Чайник,18,3443.45,0.31
936,Сидоров К.Д.,Новосибирск,Продукты,Оливковое масло,13,2040.34,0.48
937,Смирнова Е.А.,Нижний Новгород,Книги,Художественная литература,5,608.28,0.42
938,Петрова М.В.,Омск,Электроника,Умная колонка,1,13017.43,0.16
939,Иванов А.С.,Челябинск,Электроника,Смартфон,8,41081.48,0.16
940,Петрова М.В.,Новосибирск,Книги,Комикс,17,522.97,0.43
941,Иванов А.С.,Ростов-на-Дону,Электроника,Ноутбук,16,81145.98,0.21
942,Кузнецов П.Р.,Москва,Электроника,Смартфон,17,44178.06,0.2
943,Петрова М.В.,Челябинск,Электроника,Умные часы,10,21497.46,0.17
944,Смирнова Е.А.,Омск,Спорт,Фитнес-браслет,10,4250.45,0.34
945,Кузнецов П.Р.,Санкт-Петербург,Косметика,Парфюм,17,4989.5,0.34
946,Кузнецов П.Р.,Челябинск,Автотовары,Ароматизатор,4,448.28,0.2
947,Смирнова Е.А.,Ростов-на-Дону,Косметика,Крем для лица,8,1467.67,0.29
948,Смирнова Е.А.,Ростов-на-Дону,Одежда,Джинсы,19,4175.89,0.39
949,Смирнова Е.А.,Москва,Продукты,Кофе зерновой,19,1063.27,0.5
950,Сидоров К.Д.,Нижний Новгород,Автотовары,Органайзер,9,1667.28,0.17
951,Сидоров К.Д.,Новосибирск,Книги,Комикс,9,425.05,0.38
952,Петрова М.В.,Екатеринбург,Автотовары,Органайзер,15,1613.99,0.26
953,Петрова М.В.,Ростов-на-Дону,Одежда,Джинсы,20,4356.16,0.41
954,Смирнова Е.А.,Омск,Спорт,Фитнес-браслет,6,3796.26,0.32
955,Петрова М.В.,Челябинск,Одежда,Куртка,10,9987.77,0.39
956,Смирнова Е.А.,Екатеринбург,Автотовары,Видеорегистратор,19,6792.55,0.24
957,Петрова М.В.,Санкт-Петербург,Спорт,Бутылка для воды,4,784.24,0.31
958,Сидоров К.Д.,Нижний Новгород,Дом и сад,Чайник,9,2649.67,0.26
959,Смирнова Е.А.,Санкт-Петербург,Электроника,Беспроводные наушники,15,7896.81,0.18
960,Сидоров К.Д.,Екатеринбург,Продукты,Кофе зерновой,1,1255.58,0.46
961,Кузнецов П.Р.,Ростов-на-Дону,Автотовары,Ароматизатор,4,450.08,0.21
962,Петрова М.В.,Нижний Новгород,Книги,Детектив,10,688.73,0.46
963,Сидоров К.Д.,Новосибирск,Электроника,Умные часы,14,20613.72,0.21
964,Кузнецов П.Р.,Казань,Дом и сад,Робот-пылесос,11,26481.24,0.31
965,Смирнова Е.А.,Санкт-Петербург,Книги,Комикс,20,564.95,0.47
966,Кузнецов П.Р.,Москва,Спорт,Бутылка для воды,4,959.21,0.28
967,Сидоров К.Д.,Санкт-Петербург,Продукты,Кофе зерновой,18,1105.72,0.5
968,Кузнецов П.Р.,Ростов-на-Дону,Спорт,Фитнес-браслет,16,4595.83,0.32
969,Петрова М.В.,Москва,Дом и сад,Садовый шланг,10,1803.58,0.32
970,Иванов А.С.,Нижний Новгород,Электроника,Ноутбук,3,88915.91,0.12
971,Смирнова Е.А.,Екатеринбург,Продукты,Сыр,17,1627.77,0.5
972,Петрова М.В.,Новосибирск,Дом и сад,Увлажнитель воздуха,7,5503.31,0.26
973,Сидоров К.Д.,Москва,Автотовары,Органайзер,1,1571.5,0.17
974,Сидоров К.Д.,Москва,Книги,Детектив,20,604.1,0.47
975,Петрова М.В.,Москва,Автотовары,Держатель для телефона,10,751.72,0.22
976,Кузнецов П.Р.,Нижний Новгород,Спорт,Коврик для йоги,1,2370.8,0.27
977,Сидоров К.Д.,Казань,Книги,Бизнес,13,838.93,0.42
978,Сидоров К.Д.,Новосибирск,Косметика,Маска для волос,11,977.12,0.35
979,Петрова М.В.,Москва,Продукты,Оливковое масло,12,1605.62,0.5
980,Петрова М.В.,Самара,Продукты,Сыр,12,1705.45,0.48
981,Петрова М.В.,Санкт-Петербург,Электроника,Умные часы,2,21787.57,0.14
982,Иванов А.С.,Казань,Автотовары,Щетка для снега,18,1051.14,0.24
983,Кузнецов П.Р.,Новосибирск,Косметика,Шампунь,10,596.68,0.35
984,Сидоров К.Д.,Самара,Дом и сад,Робот-пылесос,15,23299.97,0.28
985,Петрова М.В.,Омск,Одежда,Кроссовки,8,5912.18,0.33
986,Сидоров К.Д.,Екатеринбург,Книги,Детектив,16,704.31,0.42
987,Сидоров К.Д.,Новосибирск,Одежда,Платье,11,6150.74,0.42
988,Иванов А.С.,Ростов-на-Дону,Дом и сад,Чайник,8,3444.05,0.24
989,Кузнецов П.Р.,Ростов-на-Дону,Электроника,Ноутбук,5,89538.95,0.16
990,Кузнецов П.Р.,Москва,Продукты,Шоколад,17,128.65,0.5
991,Кузнецов П.Р.,Новосибирск,Дом и сад,Садовый шланг,13,2027.34,0.29
992,Кузнецов П.Р.,Екатеринбург,Косметика,Шампунь,12,664.8,0.33
993,Сидоров К.Д.,Екатеринбург,Одежда,Платье,4,5978.68,0.33
994,Смирнова Е.А.,Самара,Спорт,Фитнес-браслет,15,3887.22,0.36
995,Петрова М.В.,Самара,Книги,Фантастика,13,754.58,0.44
996,Петрова М.В.,Казань,Автотовары,Видеорегистратор,5,7286.95,0.2
997,Смирнова Е.А.,Москва,Автотовары,Видеорегистратор,1,6019.71,0.21
998,Иванов А.С.,Омск,Продукты,Гречка,11,103.19,0.5
999,Сидоров К.Д.,Нижний Новгород,Дом и сад,Чайник,15,3288.97,0.28
1000,Сидоров К.Д.,Ростов-на-Дону,Электроника,Смартфон,7,39259.75,0.15
1001,Смирнова Е.А.,Казань,Спорт,Бутылка для воды,7,776.7,0.3
1002,Кузнецов П.Р.,Самара,Автотовары,Держатель для телефона,10,603.51,0.23
1003,Иванов А.С.,Новосибирск,Книги,Детектив,13,690.97,0.43
1004,Смирнова Е.А.,Нижний Новгород,Электроника,Беспроводные наушники,13,7514.03,0.18
1005,Смирнова Е.А.,Самара,Продукты,Сыр,9,1733.5,0.44
1006,Иванов А.С.,Челябинск,Одежда,Куртка,3,7811.94,0.34
1007,Иванов А.С.,Челябинск,Дом и сад,Садовый шланг,4,1889.17,0.25
1008,Петрова М.В.,Ростов-на-Дону,Электроника,Ноутбук,3,78039.31,0.13
1009,Иванов А.С.,Ростов-на-Дону,Продукты,Шоколад,3,133.05,0.43
1010,Кузнецов П.Р.,Омск,Продукты,Оливковое масло,13,1797.55,0.49
1011,Петрова М.В.,Омск,Одежда,Кроссовки,8,6957.17,0.37
1012,Смирнова Е.А.,Москва,Косметика,Шампунь,6,645.07,0.28
1013,Сидоров К.Д.,Москва,Дом и сад,Чайник,19,3093.24,0.3
1014,Петрова М.В.,Санкт-Петербург,Косметика,Маска для волос,6,775.83,0.27
1015,Иванов А.С.,Казань,Книги,Комикс,17,460.85,0.44
1016,Иванов А.С.,Самара,Продукты,Гречка,10,84.67,0.5
1017,Петрова М.В.,Санкт-Петербург,Спорт,Мяч,10,728.96,0.37
1018,Сидоров К.Д.,Нижний Новгород,Косметика,Парфюм,7,4298.45,0.29
1019,Кузнецов П.Р.,Челябинск,Одежда,Кроссовки,5,6526.37,0.36
1020,Кузнецов П.Р.,Екатеринбург,Электроника,Умные часы,2,21678.02,0.16
1021,Иванов А.С.,Новосибирск,Дом и сад,Робот-пылесос,19,22828.47,0.3
1022,Кузнецов П.Р.,Самара,Автотовары,Органайзер,14,1870.53,0.26
1023,Петрова М.В.,Нижний Новгород,Спорт,Фитнес-браслет,1,4410.97,0.31
1024,Кузнецов П.Р.,Омск,Продукты,Кофе зерновой,11,1298.95,0.48
1025,Сидоров К.Д.,Ростов-на-Дону,Книги,Комикс,1,446.11,0.4
1026,Сидоров К.Д.,Екатеринбург,Автотовары,Щетка для снега,2,1246.06,0.18
1027,Кузнецов П.Р.,Москва,Косметика,Парфюм,12,4263.15,0.37
1028,Петрова М.В.,Ростов-на-Дону,Автотовары,Ароматизатор,12,362.43,0.22
1029,Сидоров К.Д.,Челябинск,Книги,Бизнес,8,1010.06,0.42
1030,Петрова М.В.,Казань,Косметика,Парфюм,6,4584.65,0.31
1031,Петрова М.В.,Казань,Продукты,Сыр,2,1792.54,0.42
1032,Петрова М.В.,Москва,Продукты,Гречка,16,98.47,0.48
1033,Сидоров К.Д.,Омск,Спорт,Коврик для йоги,14,2608.22,0.35
1034,Сидоров К.Д.,Санкт-Петербург,Книги,Комикс,17,475.38,0.43
1035,Сидоров К.Д.,Новосибирск,Косметика,Парфюм,19,4443.93,0.37
1036,Сидоров К.Д.,Нижний Новгород,Одежда,Куртка,13,10266.95,0.4
1037,Кузнецов П.Р.,Нижний Новгород,Книги,Комикс,10,516.9,0.44
1038,Сидоров К.Д.,Санкт-Петербург,Дом и сад,Увлажнитель воздуха,16,5583.56,0.29
1039,Смирнова Е.А.,Екатеринбург,Спорт,Мяч,12,711.64,0.36
1040,Петрова М.В.,Самара,Спорт,Коврик для йоги,13,2716.86,0.36
1041,Смирнова Е.А.,Екатеринбург,Автотовары,Видеорегистратор,15,6461.81,0.24
1042,Иванов А.С.,Москва,Одежда,Кроссовки,2,5608.05,0.35
1043,Сидоров К.Д.,Ростов-на-Дону,Электроника,Умная колонка,5,12542.07,0.14
1044,Сидоров К.Д.,Ростов-на-Дону,Дом и сад,Садовый шланг,4,1895.46,0.22
1045,Смирнова Е.А.,Челябинск,Дом и сад,Набор посуды,11,6306.21,0.31
1046,Сидоров К.Д.,Челябинск,Автотовары,Органайзер,11,2064.2,0.26
1047,Кузнецов П.Р.,Санкт-Петербург,Электроника,Умная колонка,5,10943.19,0.14
1048,Иванов А.С.,Самара,Автотовары,Держатель для телефона,11,781.55,0.26
1049,Иванов А.С.,Омск,Одежда,Платье,3,4741.23,0.32
1050,Кузнецов П.Р.,Екатеринбург,Продукты,Оливковое масло,2,2053.21,0.44
1051,Сидоров К.Д.,Новосибирск,Спорт,Гантели,9,2992.67,0.29
1052,Кузнецов П.Р.,Казань,Дом и сад,Робот-пылесос,17,26202.9,0.31
1053,Сидоров К.Д.,Нижний Новгород,Продукты,Шоколад,11,154.78,0.48
1054,Петрова М.В.,Екатеринбург,Книги,Фантастика,2,651.9,0.39
1055,Кузнецов П.Р.,Санкт-Петербург,Дом и сад,Увлажнитель воздуха,7,4293.49,0.25
1056,Смирнова Е.А.,Челябинск,Одежда,Джинсы,16,4891.09,0.42
1057,Смирнова Е.А.,Екатеринбург,Электроника,Ноутбук,13,93591.95,0.2
1058,Иванов А.С.,Казань,Книги,Бизнес,16,879.04,0.46
1059,Смирнова Е.А.,Екатеринбург,Электроника,Ноутбук,2,96101.23,0.13
1060,Иванов А.С.,Екатеринбург,Одежда,Платье,11,5083.99,0.41
1061,Кузнецов П.Р.,Екатеринбург,Косметика,Крем для лица,16,1640.37,0.34
1062,Кузнецов П.Р.,Санкт-Петербург,Книги,Бизнес,18,951.82,0.46
1063,Кузнецов П.Р.,Москва,Книги,Фантастика,16,756.38,0.43
1064,Сидоров К.Д.,Омск,Книги,Детектив,15,690.15,0.45
1065,Иванов А.С.,Санкт-Петербург,Продукты,Шоколад,1,150.77,0.42
1066,Петрова М.В.,Новосибирск,Автотовары,Видеорегистратор,10,6935.41,0.25
1067,Кузнецов П.Р.,Екатеринбург,Электроника,Беспроводные наушники,19,8934.29,0.21
1068,Смирнова Е.А.,Ростов-на-Дону,Дом и сад,Увлажнитель воздуха,13,4288.97,0.3
1069,Смирнова Е.А.,Санкт-Петербург,Продукты,Кофе зерновой,15,1373.35,0.5
1070,Иванов А.С.,Челябинск,Дом и сад,Набор посуды,4,6936.77,0.24
1071,Кузнецов П.Р.,Самара,Автотовары,Органайзер,17,1994.79,0.25
1072,Кузнецов П.Р.,Екатеринбург,Косметика,Маска для волос,10,988.21,0.37
1073,Петрова М.В.,Нижний Новгород,Косметика,Шампунь,6,611.14,0.28
1074,Смирнова Е.А.,Ростов-на-Дону,Электроника,Умные часы,10,23030.67,0.19
1075,Иванов А.С.,Екатеринбург,Косметика,Крем для лица,7,1343.17,0.28
1076,Кузнецов П.Р.,Омск,Спорт,Гантели,19,3825.37,0.35
1077,Сидоров К.Д.,Нижний Новгород,Продукты,Оливковое масло,3,2038.37,0.47
1078,Иванов А.С.,Москва,Дом и сад,Садовый шланг,2,1992.77,0.27
1079,Смирнова Е.А.,Омск,Одежда,Кроссовки,19,5711.54,0.38
1080,Сидоров К.Д.,Новосибирск,Автотовары,Ароматизатор,18,432.78,0.27
1081,Петрова М.В.,Омск,Автотовары,Ароматизатор,4,424.98,0.2
1082,Петрова М.В.,Новосибирск,Одежда,Футболка,7,1600.37,0.32
1083,Петрова М.В.,Новосибирск,Электроника,Умная колонка,8,10637.19,0.16
1084,Кузнецов П.Р.,Самара,Продукты,Кофе зерновой,1,1072.39,0.44
1085,Кузнецов П.Р.,Москва,Книги,Детектив,1,742.07,0.38
1086,Петрова М.В.,Новосибирск,Книги,Комикс,11,570.54,0.47
1087,Кузнецов П.Р.,Омск,Автотовары,Держатель для телефона,2,601.69,0.18
1088,Иванов А.С.,Екатеринбург,Электроника,Беспроводные наушники,8,8079.39,0.15
1089,Сидоров К.Д.,Ростов-на-Дону,Электроника,Беспроводные наушники,13,7936.21,0.21
1090,Петрова М.В.,Омск,Одежда,Кроссовки,13,5906.86,0.37
1091,Смирнова Е.А.,Ростов-на-Дону,Косметика,Крем для лица,2,1522.5,0.3
1092,Кузнецов П.Р.,Екатеринбург,Автотовары,Ароматизатор,12,446.67,0.22
1093,Кузнецов П.Р.,Омск,Спорт,Бутылка для воды,17,822.7,0.35
1094,Сидоров К.Д.,Нижний Новгород,Дом и сад,Чайник,12,3009.34,0.28
1095,Кузнецов П.Р.,Челябинск,Дом и сад,Чайник,18,2578.97,0.28
1096,Петрова М.В.,Омск,Спорт,Мяч,6,852.12,0.28
1097,Смирнова Е.А.,Санкт-Петербург,Косметика,Крем для лица,11,1409.16,0.33
1098,Смирнова Е.А.,Челябинск,Спорт,Гантели,9,3369.58,0.28
1099,Сидоров К.Д.,Челябинск,Электроника,Смартфон,2,44884.09,0.14
1100,Кузнецов П.Р.,Нижний Новгород,Спорт,Бутылка для воды,3,998.87,0.29
1101,Петрова М.В.,Екатеринбург,Продукты,Кофе зерновой,1,1202.42,0.46
1102,Иванов А.С.,Ростов-на-Дону,Косметика,Гель для душа,3,398.13,0.31
1103,Иванов А.С.,Челябинск,Спорт,Гантели,17,3743.57,0.36
1104,Кузнецов П.Р.,Санкт-Петербург,Электроника,Умная колонка,15,11296.49,0.22
1105,Смирнова Е.А.,Москва,Продукты,Кофе зерновой,9,1373.94,0.46
1106,Иванов А.С.,Нижний Новгород,Электроника,Смартфон,8,42751.67,0.16
1107,Петрова М.В.,Нижний Новгород,Книги,Фантастика,13,685.85,0.47
1108,Иванов А.С.,Санкт-Петербург,Электроника,Беспроводные наушники,9,8716.89,0.16
1109,Смирнова Е.А.,Санкт-Петербург,Продукты,Сыр,2,1737.57,0.43
1110,Смирнова Е.А.,Ростов-на-Дону,Косметика,Крем для лица,5,1529.34,0.29
1111,Иванов А.С.,Самара,Спорт,Бутылка для воды,18,894.81,0.36
1112,Сидоров К.Д.,Челябинск,Дом и сад,Чайник,17,2960.04,0.31
1113,Смирнова Е.А.,Нижний Новгород,Продукты,Сыр,16,1543.48,0.48
1114,Сидоров К.Д.,Ростов-на-Дону,Косметика,Шампунь,12,525.06,0.35
1115,Сидоров К.Д.,Новосибирск,Автотовары,Держатель для телефона,20,677.63,0.25
1116,Петрова М.В.,Санкт-Петербург,Автотовары,Видеорегистратор,12,7818.16,0.24
1117,Иванов А.С.,Санкт-Петербург,Книги,Бизнес,16,808.46,0.46
1118,Сидоров К.Д.,Новосибирск,Книги,Комикс,15,469.66,0.46
1119,Смирнова Е.А.,Челябинск,Косметика,Парфюм,20,3944.5,0.39
1120,Сидоров К.Д.,Ростов-на-Дону,Косметика,Крем для лица,2,1435.12,0.27
1121,Петрова М.В.,Нижний Новгород,Косметика,Шампунь,6,666.32,0.31
1122,Сидоров К.Д.,Новосибирск,Электроника,Умные часы,3,19032.4,0.16
1123,Сидоров К.Д.,Москва,Одежда,Футболка,8,1436.99,0.33
1124,Иванов А.С.,Самара,Электроника,Ноутбук,3,76530.91,0.13
1125,Сидоров К.Д.,Ростов-на-Дону,Автотовары,Видеорегистратор,7,6675.44,0.18
1126,Иванов А.С.,Нижний Новгород,Автотовары,Видеорегистратор,16,6873.25,0.23
1127,Сидоров К.Д.,Челябинск,Косметика,Гель для душа,18,340.44,0.35
1128,Смирнова Е.А.,Новосибирск,Продукты,Сыр,8,1475.41,0.42
1129,Сидоров К.Д.,Москва,Автотовары,Держатель для телефона,12,773.1,0.27
1130,Петрова М.В.,Самара,Одежда,Куртка,14,8942.5,0.37
1131,Сидоров К.Д.,Санкт-Петербург,Спорт,Коврик для йоги,17,2280.92,0.36
1132,Иванов А.С.,Новосибирск,Книги,Фантастика,13,790.93,0.47
1133,Кузнецов П.Р.,Санкт-Петербург,Дом и сад,Чайник,15,3363.35,0.29
1134,Кузнецов П.Р.,Омск,Автотовары,Держатель для телефона,18,772.05,0.24
1135,Иванов А.С.,Ростов-на-Дону,Книги,Комикс,18,488.47,0.44
1136,Петрова М.В.,Нижний Новгород,Дом и сад,Садовый шланг,19,2293.73,0.3
1137,Петрова М.В.,Екатеринбург,Электроника,Ноутбук,1,86087.81,0.16
1138,Иванов А.С.,Москва,Одежда,Платье,16,5744.39,0.39
1139,Петрова М.В.,Омск,Спорт,Бутылка для воды,11,1006.88,0.36
1140,Иванов А.С.,Санкт-Петербург,Книги,Комикс,19,476.77,0.44
1141,Смирнова Е.А.,Новосибирск,Дом и сад,Садовый шланг,19,1905.43,0.31
1142,Кузнецов П.Р.,Санкт-Петербург,Продукты,Шоколад,9,142.11,0.46
1143,Иванов А.С.,Ростов-на-Дону,Электроника,Умная колонка,6,10427.4,0.13
1144,Кузнецов П.Р.,Самара,Косметика,Маска для волос,11,932.75,0.33
1145,Смирнова Е.А.,Казань,Одежда,Джинсы,8,4892.51,0.35
1146,Кузнецов П.Р.,Омск,Продукты,Гречка,19,97.4,0.5
1147,Сидоров К.Д.,Санкт-Петербург,Одежда,Платье,18,5239.46,0.39
1148,Сидоров К.Д.,Москва,Одежда,Куртка,7,8898.84,0.33
1149,Смирнова Е.А.,Омск,Книги,Детектив,15,607.18,0.47
1150,Иванов А.С.,Москва,Продукты,Шоколад,2,161.51,0.45
1151,Кузнецов П.Р.,Ростов-на-Дону,Книги,Фантастика,7,712.06,0.4
1152,Иванов А.С.,Ростов-на-Дону,Электроника,Умная колонка,5,13498.14,0.12
1153,Смирнова Е.А.,Ростов-на-Дону,Книги,Бизнес,7,1002.42,0.41
1154,Смирнова Е.А.,Казань,Электроника,Умная колонка,16,10628.76,0.19
1155,Смирнова Е.А.,Нижний Новгород,Автотовары,Органайзер,11,1886.12,0.25
1156,Смирнова Е.А.,Москва,Одежда,Куртка,7,9675.42,0.36
1157,Петрова М.В.,Новосибирск,Автотовары,Щетка для снега,13,1156.33,0.25
1158,Кузнецов П.Р.,Екатеринбург,Косметика,Крем для лица,14,1410.28,0.34
1159,Смирнова Е.А.,Челябинск,Дом и сад,Робот-пылесос,11,26464.97,0.29
1160,Смирнова Е.А.,Екатеринбург,Книги,Комикс,4,464.42,0.39
1161,Кузнецов П.Р.,Омск,Автотовары,Органайзер,3,1947.56,0.17
1162,Сидоров К.Д.,Нижний Новгород,Спорт,Гантели,14,3094.66,0.34
1163,Иванов А.С.,Челябинск,Косметика,Парфюм,1,4076.55,0.3
1164,Сидоров К.Д.,Омск,Книги,Детектив,15,570.33,0.46
1165,Кузнецов П.Р.,Казань,Дом и сад,Робот-пылесос,17,24216.42,0.3
1166,Сидоров К.Д.,Новосибирск,Дом и сад,Увлажнитель воздуха,9,5052.66,0.25
1167,Сидоров К.Д.,Челябинск,Спорт,Фитнес-браслет,5,4333.37,0.31
1168,Иванов А.С.,Ростов-на-Дону,Спорт,Мяч,2,810.62,0.29
1169,Сидоров К.Д.,Ростов-на-Дону,Продукты,Гречка,9,88.06,0.45
1170,Сидоров К.Д.,Новосибирск,Дом и сад,Набор посуды,13,7177.46,0.32
1171,Кузнецов П.Р.,Нижний Новгород,Продукты,Гречка,13,98.27,0.48
1172,Смирнова Е.А.,Самара,Электроника,Ноутбук,15,86719.7,0.22
1173,Смирнова Е.А.,Москва,Продукты,Кофе зерновой,1,1134.4,0.44
1174,Иванов А.С.,Москва,Автотовары,Щетка для снега,16,1033.66,0.26
1175,Петрова М.В.,Ростов-на-Дону,Автотовары,Ароматизатор,18,360.04,0.27
1176,Сидоров К.Д.,Челябинск,Спорт,Фитнес-браслет,20,3493.73,0.39
1177,Иванов А.С.,Екатеринбург,Спорт,Коврик для йоги,6,2498.31,0.3
1178,Сидоров К.Д.,Новосибирск,Косметика,Гель для душа,19,390.27,0.36
1179,Кузнецов П.Р.,Омск,Продукты,Шоколад,3,134.57,0.43
1180,Сидоров К.Д.,Нижний Новгород,Спорт,Фитнес-браслет,11,4556.42,0.34
1181,Кузнецов П.Р.,Ростов-на-Дону,Одежда,Куртка,3,8154.45,0.33
1182,Кузнецов П.Р.,Ростов-на-Дону,Спорт,Бутылка для воды,2,1028.12,0.31
1183,Кузнецов П.Р.,Екатеринбург,Косметика,Гель для душа,8,418.5,0.3
1184,Иванов А.С.,Екатеринбург,Продукты,Гречка,6,100.55,0.45
1185,Иванов А.С.,Санкт-Петербург,Дом и сад,Увлажнитель воздуха,13,4957.37,0.27
1186,Сидоров К.Д.,Ростов-на-Дону,Косметика,Парфюм,16,4137.05,0.35
1187,Кузнецов П.Р.,Ростов-на-Дону,Автотовары,Держатель для телефона,19,773.83,0.25
1188,Иванов А.С.,Казань,Электроника,Ноутбук,3,83282.83,0.13
1189,Кузнецов П.Р.,Ростов-на-Дону,Продукты,Кофе зерновой,17,1151.46,0.5
1190,Петрова М.В.,Челябинск,Одежда,Куртка,19,8561.94,0.38
1191,Смирнова Е.А.,Москва,Электроника,Ноутбук,10,73836.72,0.21
1192,Петрова М.В.,Екатеринбург,Косметика,Парфюм,8,4109.93,0.27
1193,Кузнецов П.Р.,Казань,Продукты,Шоколад,17,153.53,0.47
1194,Иванов А.С.,Екатеринбург,Книги,Детектив,5,638.59,0.42
1195,Смирнова Е.А.,Челябинск,Продукты,Гречка,7,78.59,0.46
1196,Сидоров К.Д.,Самара,Автотовары,Органайзер,12,1635.77,0.26
1197,Смирнова Е.А.,Омск,Автотовары,Ароматизатор,8,425.67,0.19
1198,Сидоров К.Д.,Казань,Одежда,Джинсы,6,3839.27,0.33
1199,Петрова М.В.,Омск,Косметика,Маска для волос,11,817.3,0.34
1200,Иванов А.С.,Ростов-на-Дону,Дом и сад,Увлажнитель воздуха,19,4999.51,0.3
1201,Петрова М.В.,Нижний Новгород,Продукты,Шоколад,14,163.61,0.5
1202,Смирнова Е.А.,Нижний Новгород,Одежда,Футболка,12,1634.92,0.39
1203,Петрова М.В.,Казань,Косметика,Парфюм,10,3854.21,0.32
1204,Смирнова Е.А.,Новосибирск,Дом и сад,Увлажнитель воздуха,11,4710.26,0.31
1205,Сидоров К.Д.,Москва,Одежда,Кроссовки,2,6358.25,0.35
1206,Кузнецов П.Р.,Новосибирск,Спорт,Мяч,10,726.01,0.37
1207,Смирнова Е.А.,Омск,Автотовары,Видеорегистратор,9,7567.06,0.19
1208,Иванов А.С.,Екатеринбург,Автотовары,Органайзер,18,1647.31,0.25
1209,Петрова М.В.,Омск,Электроника,Умная колонка,16,11055.24,0.19
1210,Иванов А.С.,Санкт-Петербург,Одежда,Джинсы,6,4941.82,0.33
1211,Смирнова Е.А.,Екатеринбург,Спорт,Мяч,19,909.15,0.35
1212,Смирнова Е.А.,Москва,Спорт,Мяч,11,707.23,0.35
1213,Сидоров К.Д.,Нижний Новгород,Дом и сад,Набор посуды,5,7304.67,0.24
1214,Петрова М.В.,Екатеринбург,Продукты,Гречка,17,87.75,0.49
1215,Иванов А.С.,Москва,Книги,Художественная литература,10,764.7,0.45
1216,Кузнецов П.Р.,Москва,Одежда,Кроссовки,16,6081.81,0.38
1217,Петрова М.В.,Москва,Электроника,Умные часы,12,22784.89,0.22
1218,Кузнецов П.Р.,Санкт-Петербург,Одежда,Джинсы,19,4961.75,0.41
1219,Кузнецов П.Р.,Самара,Автотовары,Органайзер,20,1936.25,0.29
1220,Смирнова Е.А.,Нижний Новгород,Автотовары,Ароматизатор,17,384.27,0.25
1221,Иванов А.С.,Москва,Электроника,Смартфон,2,49923.15,0.14
1222,Сидоров К.Д.,Казань,Косметика,Маска для волос,8,941.03,0.31
1223,Петрова М.В.,Нижний Новгород,Книги,Художественная литература,18,743.44,0.42
1224,Кузнецов П.Р.,Санкт-Петербург,Продукты,Шоколад,10,144.43,0.5
1225,Кузнецов П.Р.,Нижний Новгород,Спорт,Фитнес-браслет,9,3757.55,0.31
1226,Кузнецов П.Р.,Самара,Косметика,Маска для волос,3,910.64,0.3
1227,Кузнецов П.Р.,Самара,Косметика,Крем для лица,11,1289.78,0.35
1228,Кузнецов П.Р.,Омск,Спорт,Фитнес-браслет,14,4038.38,0.32
1229,Иванов А.С.,Москва,Продукты,Оливковое масло,15,1995.2,0.49
1230,Сидоров К.Д.,Санкт-Петербург,Продукты,Сыр,15,1612.23,0.5
1231,Петрова М.В.,Екатеринбург,Дом и сад,Увлажнитель воздуха,18,5384.9,0.31
1232,Петрова М.В.,Самара,Электроника,Беспроводные наушники,10,8969.99,0.19
1233,Иванов А.С.,Нижний Новгород,Продукты,Шоколад,17,146.94,0.5
1234,Сидоров К.Д.,Самара,Косметика,Шампунь,8,533.61,0.28
1235,Петрова М.В.,Омск,Продукты,Сыр,20,1570.42,0.5
1236,Сидоров К.Д.,Москва,Косметика,Гель для душа,9,373.17,0.31
1237,Иванов А.С.,Казань,Автотовары,Держатель для телефона,5,653.14,0.19
1238,Смирнова Е.А.,Омск,Продукты,Оливковое масло,5,1850.36,0.44
1239,Смирнова Е.А.,Новосибирск,Электроника,Смартфон,10,44430.48,0.21
1240,Сидоров К.Д.,Санкт-Петербург,Книги,Детектив,16,644.47,0.42
1241,Иванов А.С.,Омск,Косметика,Крем для лица,18,1478.54,0.37
1242,Кузнецов П.Р.,Новосибирск,Продукты,Оливковое масло,9,1947.61,0.45
1243,Сидоров К.Д.,Нижний Новгород,Спорт,Бутылка для воды,18,857.15,0.34
1244,Кузнецов П.Р.,Нижний Новгород,Электроника,Умные часы,19,18857.12,0.21
1245,Петрова М.В.,Самара,Электроника,Смартфон,16,47253.09,0.2
1246,Сидоров К.Д.,Омск,Электроника,Умные часы,15,19973.37,0.18
1247,Сидоров К.Д.,Санкт-Петербург,Дом и сад,Робот-пылесос,7,21352.03,0.26
1248,Петрова М.В.,Самара,Книги,Фантастика,16,798.52,0.46
1249,Смирнова Е.А.,Самара,Одежда,Футболка,15,1636.61,0.39
1250,Сидоров К.Д.,Нижний Новгород,Автотовары,Щетка для снега,18,1333.35,0.27
1251,Кузнецов П.Р.,Челябинск,Дом и сад,Чайник,17,2975.4,0.31
1252,Смирнова Е.А.,Казань,Спорт,Гантели,18,3204.36,0.34
1253,Петрова М.В.,Самара,Спорт,Коврик для йоги,12,2817.7,0.32
1254,Иванов А.С.,Челябинск,Автотовары,Видеорегистратор,20,6911.02,0.25
1255,Петрова М.В.,Нижний Новгород,Книги,Художественная литература,15,739.94,0.43
1256,Иванов А.С.,Омск,Электроника,Беспроводные наушники,4,8231.38,0.14
1257,Петрова М.В.,Челябинск,Книги,Комикс,8,573.92,0.4
1258,Сидоров К.Д.,Омск,Книги,Художественная литература,15,633.21,0.45
1259,Смирнова Е.А.,Новосибирск,Продукты,Гречка,5,78.53,0.45
1260,Иванов А.С.,Казань,Автотовары,Ароматизатор,7,413.38,0.18
1261,Смирнова Е.А.,Ростов-на-Дону,Книги,Фантастика,7,656.31,0.38
1262,Смирнова Е.А.,Самара,Продукты,Сыр,14,1487.16,0.5
1263,Кузнецов П.Р.,Челябинск,Книги,Детектив,20,696.86,0.45
1264,Кузнецов П.Р.,Самара,Одежда,Джинсы,17,3962.1,0.4
1265,Иванов А.С.,Челябинск,Автотовары,Держатель для телефона,20,751.29,0.25
1266,Кузнецов П.Р.,Омск,Электроника,Умные часы,6,20056.55,0.16
1267,Кузнецов П.Р.,Нижний Новгород,Спорт,Гантели,12,3140.52,0.33
1268,Сидоров К.Д.,Нижний Новгород,Книги,Бизнес,8,1018.65,0.38
1269,Смирнова Е.А.,Нижний Новгород,Продукты,Оливковое масло,14,1577.16,0.48
1270,Петрова М.В.,Москва,Косметика,Парфюм,6,5108.81,0.29
1271,Петрова М.В.,Челябинск,Дом и сад,Чайник,5,2743.95,0.26
1272,Смирнова Е.А.,Санкт-Петербург,Спорт,Мяч,11,741.7,0.34
1273,Иванов А.С.,Новосибирск,Продукты,Оливковое масло,11,2002.8,0.49
1274,Кузнецов П.Р.,Москва,Книги,Комикс,8,483.8,0.41
1275,Иванов А.С.,Москва,Электроника,Беспроводные наушники,10,7970.01,0.21
1276,Иванов А.С.,Санкт-Петербург,Электроника,Беспроводные наушники,19,9137.46,0.21
1277,Смирнова Е.А.,Новосибирск,Спорт,Фитнес-браслет,11,3518.74,0.34
1278,Иванов А.С.,Казань,Автотовары,Держатель для телефона,12,731.94,0.24
1279,Петрова М.В.,Самара,Продукты,Шоколад,13,146.18,0.5
1280,Иванов А.С.,Москва,Спорт,Фитнес-браслет,14,3487.55,0.35
1281,Кузнецов П.Р.,Санкт-Петербург,Косметика,Крем для лица,15,1381.67,0.33
1282,Кузнецов П.Р.,Омск,Косметика,Парфюм,11,4080.47,0.35
1283,Смирнова Е.А.,Москва,Спорт,Мяч,11,770.23,0.34
1284,Иванов А.С.,Санкт-Петербург,Одежда,Куртка,1,8043.9,0.35
1285,Иванов А.С.,Нижний Новгород,Одежда,Куртка,6,10258.95,0.37
1286,Иванов А.С.,Омск,Книги,Комикс,20,469.51,0.49
1287,Сидоров К.Д.,Самара,Косметика,Маска для волос,19,934.41,0.34
1288,Петрова М.В.,Новосибирск,Автотовары,Держатель для телефона,1,626.91,0.19
1289,Петрова М.В.,Екатеринбург,Одежда,Куртка,4,8703.1,0.35
1290,Иванов А.С.,Санкт-Петербург,Дом и сад,Увлажнитель воздуха,4,5258.85,0.22
1291,Смирнова Е.А.,Екатеринбург,Дом и сад,Увлажнитель воздуха,17,4752.0,0.31
1292,Кузнецов П.Р.,Нижний Новгород,Одежда,Платье,2,4919.76,0.34
1293,Смирнова Е.А.,Екатеринбург,Автотовары,Держатель для телефона,3,687.2,0.2
1294,Петрова М.В.,Челябинск,Косметика,Маска для волос,3,799.14,0.28
1295,Иванов А.С.,Челябинск,Спорт,Коврик для йоги,19,2194.43,0.35
1296,Смирнова Е.А.,Ростов-на-Дону,Спорт,Фитнес-браслет,9,4194.2,0.31
1297,Смирнова Е.А.,Самара,Книги,Комикс,2,427.53,0.37
1298,Смирнова Е.А.,Омск,Автотовары,Ароматизатор,18,429.31,0.25
1299,Кузнецов П.Р.,Москва,Автотовары,Видеорегистратор,20,7280.01,0.29
1300,Смирнова Е.А.,Челябинск,Спорт,Гантели,7,3936.79,0.31
1301,Кузнецов П.Р.,Самара,Книги,Фантастика,5,707.94,0.38
1302,Иванов А.С.,Ростов-на-Дону,Продукты,Гречка,5,81.84,0.43
1303,Кузнецов П.Р.,Нижний Новгород,Продукты,Шоколад,14,170.73,0.5
1304,Кузнецов П.Р.,Нижний Новгород,Дом и сад,Чайник,2,3055.15,0.25
1305,Смирнова Е.А.,Москва,Одежда,Джинсы,19,4135.62,0.41
1306,Смирнова Е.А.,Челябинск,Дом и сад,Робот-пылесос,18,22889.11,0.32
1307,Петрова М.В.,Нижний Новгород,Электроника,Ноутбук,5,90597.29,0.14
1308,Сидоров К.Д.,Санкт-Петербург,Автотовары,Ароматизатор,8,455.75,0.2
1309,Иванов А.С.,Самара,Продукты,Кофе зерновой,4,1029.61,0.42
1310,Петрова М.В.,Екатеринбург,Электроника,Беспроводные наушники,18,7159.56,0.22
1311,Кузнецов П.Р.,Омск,Косметика,Шампунь,2,591.11,0.29
1312,Кузнецов П.Р.,Челябинск,Одежда,Кроссовки,16,7445.14,0.37
1313,Смирнова Е.А.,Ростов-на-Дону,Автотовары,Ароматизатор,16,420.49,0.25
1314,Смирнова Е.А.,Казань,Косметика,Крем для лица,10,1369.52,0.35
1315,Сидоров К.Д.,Новосибирск,Косметика,Шампунь,8,610.59,0.28
1316,Смирнова Е.А.,Нижний Новгород,Спорт,Бутылка для воды,8,931.55,0.28
1317,Петрова М.В.,Самара,Продукты,Сыр,17,1541.99,0.5
1318,Иванов А.С.,Санкт-Петербург,Продукты,Сыр,1,1397.83,0.44
1319,Иванов А.С.,Челябинск,Электроника,Умные часы,18,22612.82,0.2
1320,Иванов А.С.,Нижний Новгород,Спорт,Бутылка для воды,11,836.63,0.33
1321,Смирнова Е.А.,Москва,Спорт,Коврик для йоги,3,2829.31,0.28
1322,Сидоров К.Д.,Москва,Спорт,Коврик для йоги,6,2343.55,0.31
1323,Кузнецов П.Р.,Москва,Книги,Художественная литература,3,801.48,0.38
1324,Кузнецов П.Р.,Новосибирск,Косметика,Парфюм,15,4568.73,0.36
1325,Кузнецов П.Р.,Санкт-Петербург,Косметика,Парфюм,2,4519.95,0.3
1326,Сидоров К.Д.,Казань,Дом и сад,Робот-пылесос,17,22035.69,0.3
1327,Иванов А.С.,Ростов-на-Дону,Спорт,Коврик для йоги,5,2846.56,0.3
1328,Смирнова Е.А.,Новосибирск,Автотовары,Щетка для снега,13,1268.45,0.23
1329,Сидоров К.Д.,Нижний Новгород,Книги,Художественная литература,11,726.2,0.47
1330,Иванов А.С.,Екатеринбург,Косметика,Гель для душа,1,405.37,0.28
1331,Иванов А.С.,Нижний Новгород,Автотовары,Щетка для снега,10,1145.53,0.23
1332,Сидоров К.Д.,Ростов-на-Дону,Продукты,Оливковое масло,18,1925.16,0.5
1333,Смирнова Е.А.,Москва,Автотовары,Держатель для телефона,2,605.63,0.21
1334,Кузнецов П.Р.,Нижний Новгород,Книги,Художественная литература,16,784.47,0.43
1335,Смирнова Е.А.,Екатеринбург,Книги,Детектив,19,651.28,0.44
1336,Сидоров К.Д.,Челябинск,Электроника,Умная колонка,8,13292.08,0.16
1337,Смирнова Е.А.,Екатеринбург,Косметика,Маска для волос,8,870.64,0.3
1338,Кузнецов П.Р.,Новосибирск,Спорт,Мяч,9,872.15,0.3
1339,Смирнова Е.А.,Ростов-на-Дону,Книги,Бизнес,16,777.35,0.43
1340,Сидоров К.Д.,Екатеринбург,Косметика,Гель для душа,18,376.88,0.35
1341,Кузнецов П.Р.,Ростов-на-Дону,Спорт,Коврик для йоги,18,2270.62,0.36
1342,Иванов А.С.,Нижний Новгород,Спорт,Бутылка для воды,5,873.66,0.29
1343,Петрова М.В.,Казань,Спорт,Бутылка для воды,9,849.23,0.29
1344,Петрова М.В.,Самара,Книги,Фантастика,9,852.24,0.39
1345,Иванов А.С.,Екатеринбург,Косметика,Крем для лица,5,1609.7,0.31
1346,Иванов А.С.,Казань,Косметика,Гель для душа,2,448.36,0.29
1347,Петрова М.В.,Омск,Дом и сад,Чайник,1,3215.47,0.27
1348,Сидоров К.Д.,Челябинск,Косметика,Парфюм,3,4315.22,0.31
1349,Сидоров К.Д.,Новосибирск,Электроника,Смартфон,8,44863.57,0.14
1350,Петрова М.В.,Москва,Косметика,Маска для волос,2,873.81,0.28
1351,Смирнова Е.А.,Нижний Новгород,Электроника,Беспроводные наушники,8,8931.63,0.14
1352,Иванов А.С.,Санкт-Петербург,Книги,Детектив,11,564.42,0.46
1353,Смирнова Е.А.,Омск,Книги,Художественная литература,1,718.5,0.37
1354,Иванов А.С.,Москва,Электроника,Умная колонка,20,13445.71,0.2
1355,Петрова М.В.,Екатеринбург,Электроника,Смартфон,5,51501.74,0.16
1356,Петрова М.В.,Новосибирск,Книги,Фантастика,13,829.55,0.43
1357,Кузнецов П.Р.,Нижний Новгород,Одежда,Джинсы,13,4497.78,0.4
1358,Смирнова Е.А.,Новосибирск,Электроника,Ноутбук,12,97302.41,0.19
1359,Сидоров К.Д.,Казань,Продукты,Кофе зерновой,17,1164.05,0.48
1360,Иванов А.С.,Челябинск,Продукты,Кофе зерновой,4,1200.05,0.44
1361,Иванов А.С.,Санкт-Петербург,Дом и сад,Садовый шланг,11,1729.3,0.3
1362,Петрова М.В.,Нижний Новгород,Спорт,Фитнес-браслет,1,4010.29,0.32
1363,Петрова М.В.,Нижний Новгород,Косметика,Шампунь,13,606.7,0.34
1364,Иванов А.С.,Екатеринбург,Спорт,Фитнес-браслет,13,3760.76,0.33
1365,Смирнова Е.А.,Москва,Спорт,Фитнес-браслет,2,4031.8,0.32
1366,Кузнецов П.Р.,Нижний Новгород,Дом и сад,Садовый шланг,6,1717.58,0.22
1367,Смирнова Е.А.,Челябинск,Косметика,Крем для лица,9,1532.26,0.3
1368,Сидоров К.Д.,Казань,Продукты,Гречка,5,76.86,0.47
1369,Сидоров К.Д.,Самара,Спорт,Мяч,20,766.81,0.36
1370,Петрова М.В.,Новосибирск,Книги,Художественная литература,17,626.86,0.44
1371,Петрова М.В.,Самара,Спорт,Мяч,4,789.56,0.31
1372,Сидоров К.Д.,Самара,Одежда,Куртка,12,8749.13,0.38
1373,Петрова М.В.,Новосибирск,Дом и сад,Набор посуды,4,6963.92,0.26
1374,Сидоров К.Д.,Санкт-Петербург,Книги,Детектив,5,739.46,0.39
1375,Кузнецов П.Р.,Новосибирск,Продукты,Оливковое масло,4,1891.97,0.46
1376,Сидоров К.Д.,Новосибирск,Одежда,Платье,15,4993.03,0.37
1377,Иванов А.С.,Казань,Электроника,Беспроводные наушники,5,7282.84,0.15
1378,Сидоров К.Д.,Челябинск,Косметика,Крем для лица,16,1603.75,0.36
1379,Иванов А.С.,Нижний Новгород,Дом и сад,Садовый шланг,7,1839.19,0.24
1380,Смирнова Е.А.,Санкт-Петербург,Продукты,Шоколад,13,127.79,0.47
1381,Иванов А.С.,Москва,Косметика,Крем для лица,2,1343.02,0.31
1382,Иванов А.С.,Нижний Новгород,Спорт,Гантели,4,3190.16,0.31
1383,Петрова М.В.,Новосибирск,Книги,Бизнес,3,962.31,0.41
1384,Кузнецов П.Р.,Новосибирск,Одежда,Кроссовки,1,6977.68,0.36
1385,Смирнова Е.А.,Ростов-на-Дону,Автотовары,Ароматизатор,7,398.59,0.21
1386,Иванов А.С.,Санкт-Петербург,Косметика,Шампунь,18,542.26,0.32
1387,Смирнова Е.А.,Ростов-на-Дону,Электроника,Смартфон,17,48761.8,0.22
1388,Смирнова Е.А.,Новосибирск,Книги,Фантастика,11,679.44,0.44
1389,Сидоров К.Д.,Нижний Новгород,Одежда,Платье,10,5051.73,0.38
1390,Петрова М.В.,Екатеринбург,Электроника,Умная колонка,13,13795.13,0.19
1391,Иванов А.С.,Омск,Дом и сад,Набор посуды,17,6439.61,0.32
1392,Иванов А.С.,Казань,Дом и сад,Чайник,17,2976.32,0.27
1393,Кузнецов П.Р.,Екатеринбург,Дом и сад,Чайник,15,2844.08,0.28
1394,Сидоров К.Д.,Нижний Новгород,Книги,Фантастика,15,733.88,0.47
1395,Кузнецов П.Р.,Омск,Дом и сад,Увлажнитель воздуха,4,4562.74,0.22
1396,Иванов А.С.,Ростов-на-Дону,Книги,Комикс,5,526.87,0.41
1397,Петрова М.В.,Нижний Новгород,Книги,Фантастика,7,647.6,0.4
1398,Иванов А.С.,Екатеринбург,Спорт,Коврик для йоги,13,2303.14,0.32
1399,Кузнецов П.Р.,Челябинск,Продукты,Гречка,2,86.88,0.45
1400,Сидоров К.Д.,Самара,Дом и сад,Садовый шланг,15,2009.67,0.29
1401,Петрова М.В.,Казань,Дом и сад,Увлажнитель воздуха,17,4657.3,0.28
1402,Иванов А.С.,Казань,Спорт,Фитнес-браслет,6,4099.12,0.3
1403,Петрова М.В.,Самара,Продукты,Оливковое масло,8,1977.81,0.44
1404,Кузнецов П.Р.,Самара,Косметика,Гель для душа,11,439.53,0.36
1405,Сидоров К.Д.,Екатеринбург,Косметика,Гель для душа,1,399.16,0.3
1406,Иванов А.С.,Санкт-Петербург,Одежда,Кроссовки,7,6630.55,0.34
1407,Кузнецов П.Р.,Екатеринбург,Одежда,Джинсы,7,4562.48,0.37
1408,Сидоров К.Д.,Нижний Новгород,Дом и сад,Чайник,1,3087.44,0.23
1409,Смирнова Е.А.,Казань,Книги,Детектив,19,715.54,0.46
1410,Кузнецов П.Р.,Казань,Дом и сад,Увлажнитель воздуха,6,4268.62,0.23
1411,Петрова М.В.,Самара,Книги,Бизнес,4,818.8,0.38
1412,Петрова М.В.,Самара,Продукты,Кофе зерновой,19,1326.51,0.48
1413,Сидоров К.Д.,Челябинск,Автотовары,Щетка для снега,1,1180.32,0.21
1414,Кузнецов П.Р.,Казань,Продукты,Гречка,20,100.73,0.5
1415,Кузнецов П.Р.,Самара,Спорт,Бутылка для воды,15,851.97,0.35
1416,Кузнецов П.Р.,Санкт-Петербург,Электроника,Ноутбук,4,85952.59,0.17
1417,Сидоров К.Д.,Новосибирск,Спорт,Бутылка для воды,5,995.18,0.32
1418,Петрова М.В.,Москва,Автотовары,Щетка для снега,9,1170.0,0.19
1419,Иванов А.С.,Нижний Новгород,Автотовары,Видеорегистратор,14,6442.51,0.27
1420,Кузнецов П.Р.,Омск,Продукты,Шоколад,7,152.88,0.45
1421,Смирнова Е.А.,Ростов-на-Дону,Дом и сад,Увлажнитель воздуха,14,4769.6,0.3
1422,Иванов А.С.,Нижний Новгород,Дом и сад,Садовый шланг,17,1795.5,0.27
1423,Смирнова Е.А.,Самара,Косметика,Маска для волос,11,791.35,0.32
1424,Иванов А.С.,Омск,Дом и сад,Набор посуды,4,7767.37,0.27
1425,Иванов А.С.,Омск,Спорт,Бутылка для воды,6,970.69,0.32
1426,Петрова М.В.,Омск,Книги,Художественная литература,1,665.23,0.42
1427,Смирнова Е.А.,Омск,Спорт,Коврик для йоги,10,2338.42,0.37
1428,Петрова М.В.,Челябинск,Продукты,Гречка,12,97.88,0.48
1429,Сидоров К.Д.,Омск,Спорт,Фитнес-браслет,8,3917.94,0.31
1430,Смирнова Е.А.,Санкт-Петербург,Продукты,Оливковое масло,12,2052.32,0.5
1431,Петрова М.В.,Екатеринбург,Продукты,Оливковое масло,13,1943.68,0.49
1432,Смирнова Е.А.,Казань,Дом и сад,Садовый шланг,15,1906.99,0.3
1433,Петрова М.В.,Казань,Одежда,Футболка,13,1499.3,0.37
1434,Сидоров К.Д.,Москва,Спорт,Фитнес-браслет,15,4403.57,0.35
1435,Иванов А.С.,Самара,Книги,Комикс,16,438.71,0.43
1436,Иванов А.С.,Санкт-Петербург,Косметика,Гель для душа,19,438.04,0.36
1437,Петрова М.В.,Казань,Автотовары,Ароматизатор,8,343.76,0.19
1438,Сидоров К.Д.,Екатеринбург,Одежда,Платье,1,6147.5,0.33
1439,Иванов А.С.,Самара,Продукты,Гречка,16,98.52,0.5
1440,Петрова М.В.,Новосибирск,Спорт,Гантели,15,4024.11,0.35
1441,Иванов А.С.,Нижний Новгород,Одежда,Футболка,19,1299.02,0.37
1442,Смирнова Е.А.,Екатеринбург,Книги,Художественная литература,18,719.11,0.44
1443,Сидоров К.Д.,Москва,Продукты,Кофе зерновой,3,1024.32,0.43
1444,Сидоров К.Д.,Омск,Косметика,Шампунь,10,592.54,0.36
1445,Смирнова Е.А.,Москва,Автотовары,Держатель для телефона,5,687.23,0.19
1446,Иванов А.С.,Омск,Дом и сад,Робот-пылесос,10,24056.6,0.28
1447,Кузнецов П.Р.,Москва,Продукты,Кофе зерновой,14,1112.35,0.48
1448,Смирнова Е.А.,Нижний Новгород,Электроника,Ноутбук,19,96152.16,0.21
1449,Смирнова Е.А.,Омск,Книги,Фантастика,18,681.55,0.47
1450,Кузнецов П.Р.,Санкт-Петербург,Спорт,Бутылка для воды,2,916.34,0.27
1451,Смирнова Е.А.,Новосибирск,Косметика,Гель для душа,3,458.91,0.31
1452,Кузнецов П.Р.,Санкт-Петербург,Косметика,Гель для душа,1,418.71,0.3
1453,Иванов А.С.,Москва,Электроника,Умные часы,20,20474.57,0.2
1454,Петрова М.В.,Нижний Новгород,Спорт,Коврик для йоги,16,2513.31,0.35
1455,Петрова М.В.,Нижний Новгород,Продукты,Кофе зерновой,2,1252.37,0.47
1456,Смирнова Е.А.,Москва,Электроника,Беспроводные наушники,2,7361.75,0.16
1457,Сидоров К.Д.,Екатеринбург,Продукты,Шоколад,14,168.64,0.49
1458,Сидоров К.Д.,Казань,Электроника,Беспроводные наушники,15,7166.93,0.2
1459,Сидоров К.Д.,Самара,Автотовары,Ароматизатор,8,415.55,0.19
1460,Иванов А.С.,Казань,Спорт,Бутылка для воды,10,911.61,0.35
1461,Иванов А.С.,Санкт-Петербург,Косметика,Гель для душа,12,342.03,0.36
1462,Сидоров К.Д.,Омск,Одежда,Платье,1,4789.81,0.37
1463,Петрова М.В.,Омск,Одежда,Футболка,2,1696.86,0.33
1464,Петрова М.В.,Омск,Косметика,Шампунь,4,535.77,0.31
1465,Кузнецов П.Р.,Казань,Автотовары,Органайзер,20,1617.94,0.29
1466,Кузнецов П.Р.,Екатеринбург,Книги,Комикс,3,509.93,0.38
1467,Кузнецов П.Р.,Челябинск,Автотовары,Держатель для телефона,11,753.22,0.22
1468,Смирнова Е.А.,Челябинск,Автотовары,Ароматизатор,14,362.42,0.25
1469,Сидоров К.Д.,Екатеринбург,Автотовары,Ароматизатор,17,363.73,0.24
1470,Иванов А.С.,Челябинск,Косметика,Маска для волос,4,964.75,0.28
1471,Сидоров К.Д.,Санкт-Петербург,Книги,Детектив,10,573.72,0.45
1472,Петрова М.В.,Новосибирск,Дом и сад,Чайник,16,3382.8,0.31
1473,Смирнова Е.А.,Казань,Дом и сад,Чайник,13,2857.58,0.29
1474,Сидоров К.Д.,Омск,Книги,Бизнес,19,1018.2,0.44
1475,Сидоров К.Д.,Омск,Одежда,Платье,20,5768.12,0.4
1476,Иванов А.С.,Омск,Косметика,Маска для волос,5,979.8,0.3
1477,Сидоров К.Д.,Омск,Продукты,Сыр,8,1387.91,0.45
1478,Иванов А.С.,Челябинск,Автотовары,Держатель для телефона,16,675.44,0.22
1479,Иванов А.С.,Москва,Одежда,Кроссовки,17,6581.97,0.42
1480,Кузнецов П.Р.,Санкт-Петербург,Косметика,Маска для волос,15,905.91,0.34
1481,Смирнова Е.А.,Ростов-на-Дону,Электроника,Смартфон,10,51080.97,0.21
1482,Смирнова Е.А.,Москва,Электроника,Смартфон,7,42974.04,0.15
1483,Сидоров К.Д.,Самара,Косметика,Шампунь,15,629.08,0.35
1484,Смирнова Е.А.,Ростов-на-Дону,Электроника,Ноутбук,17,93416.67,0.17
1485,Петрова М.В.,Санкт-Петербург,Книги,Бизнес,19,957.91,0.46
1486,Смирнова Е.А.,Новосибирск,Продукты,Гречка,19,82.94,0.48
1487,Кузнецов П.Р.,Новосибирск,Дом и сад,Робот-пылесос,19,28230.44,0.3
1488,Смирнова Е.А.,Казань,Продукты,Гречка,9,89.01,0.47
1489,Смирнова Е.А.,Омск,Книги,Художественная литература,10,737.84,0.43
1490,Смирнова Е.А.,Москва,Автотовары,Держатель для телефона,1,611.76,0.19
1491,Сидоров К.Д.,Москва,Косметика,Маска для волос,4,879.77,0.27
1492,Смирнова Е.А.,Санкт-Петербург,Косметика,Маска для волос,10,1013.54,0.36
1493,Кузнецов П.Р.,Новосибирск,Спорт,Фитнес-браслет,18,4491.37,0.36
1494,Сидоров К.Д.,Екатеринбург,Дом и сад,Садовый шланг,5,2035.64,0.26
1495,Кузнецов П.Р.,Казань,Одежда,Кроссовки,2,7063.51,0.33
1496,Кузнецов П.Р.,Новосибирск,Дом и сад,Набор посуды,20,6766.47,0.33
1497,Сидоров К.Д.,Самара,Спорт,Коврик для йоги,3,2833.2,0.29
1498,Иванов А.С.,Екатеринбург,Косметика,Шампунь,3,583.47,0.29
1499,Петрова М.В.,Санкт-Петербург,Спорт,Гантели,19,3470.53,0.33
1500,Иванов А.С.,Санкт-Петербург,Одежда,Платье,19,5163.59,0.39
1501,Иванов А.С.,Санкт-Петербург,Одежда,Футболка,2,1570.6,0.34
1502,Сидоров К.Д.,Самара,Косметика,Гель для душа,16,374.85,0.35
1503,Смирнова Е.А.,Казань,Электроника,Беспроводные наушники,13,8054.79,0.17
1504,Петрова М.В.,Санкт-Петербург,Спорт,Мяч,4,847.74,0.27
1505,Смирнова Е.А.,Омск,Косметика,Шампунь,16,512.19,0.34
1506,Смирнова Е.А.,Самара,Продукты,Оливковое масло,4,1564.76,0.45
1507,Иванов А.С.,Санкт-Петербург,Автотовары,Щетка для снега,12,1208.63,0.27
1508,Петрова М.В.,Новосибирск,Косметика,Маска для волос,4,879.85,0.31
1509,Петрова М.В.,Новосибирск,Одежда,Кроссовки,20,6882.93,0.44
1510,Кузнецов П.Р.,Нижний Новгород,Автотовары,Органайзер,20,1745.68,0.29
1511,Петрова М.В.,Ростов-на-Дону,Спорт,Гантели,13,3730.46,0.34
1512,Смирнова Е.А.,Нижний Новгород,Косметика,Крем для лица,18,1577.38,0.33
1513,Петрова М.В.,Казань,Книги,Детектив,4,625.66,0.4
1514,Смирнова Е.А.,Новосибирск,Книги,Детектив,6,746.63,0.42
1515,Иванов А.С.,Ростов-на-Дону,Спорт,Коврик для йоги,18,2642.01,0.34
1516,Кузнецов П.Р.,Челябинск,Дом и сад,Садовый шланг,13,2118.58,0.29
1517,Сидоров К.Д.,Казань,Дом и сад,Увлажнитель воздуха,18,5614.31,0.3
1518,Сидоров К.Д.,Казань,Дом и сад,Садовый шланг,13,1960.45,0.32
1519,Смирнова Е.А.,Омск,Спорт,Коврик для йоги,17,2138.01,0.34
1520,Кузнецов П.Р.,Ростов-на-Дону,Косметика,Гель для душа,10,348.8,0.33
1521,Кузнецов П.Р.,Ростов-на-Дону,Одежда,Куртка,11,8848.62,0.39
1522,Петрова М.В.,Ростов-на-Дону,Спорт,Мяч,9,794.3,0.27
1523,Кузнецов П.Р.,Москва,Электроника,Смартфон,3,44194.23,0.13
1524,Кузнецов П.Р.,Казань,Одежда,Куртка,7,8012.6,0.34
1525,Петрова М.В.,Москва,Одежда,Кроссовки,19,5558.91,0.39
1526,Сидоров К.Д.,Челябинск,Одежда,Футболка,5,1359.2,0.37
1527,Петрова М.В.,Самара,Дом и сад,Садовый шланг,1,2008.52,0.23
1528,Кузнецов П.Р.,Омск,Спорт,Коврик для йоги,16,2526.11,0.33
1529,Сидоров К.Д.,Новосибирск,Книги,Художественная литература,11,718.47,0.44
1530,Иванов А.С.,Челябинск,Автотовары,Видеорегистратор,7,7144.84,0.18
1531,Сидоров К.Д.,Санкт-Петербург,Автотовары,Органайзер,19,1927.41,0.25
1532,Иванов А.С.,Новосибирск,Косметика,Парфюм,20,4849.05,0.36
1533,Смирнова Е.А.,Казань,Косметика,Гель для душа,2,413.14,0.3
1534,Петрова М.В.,Омск,Книги,Художественная литература,16,635.58,0.42
1535,Кузнецов П.Р.,Новосибирск,Дом и сад,Чайник,12,3092.46,0.3
1536,Смирнова Е.А.,Санкт-Петербург,Автотовары,Ароматизатор,1,356.35,0.21
1537,Сидоров К.Д.,Санкт-Петербург,Продукты,Сыр,12,1615.53,0.5
1538,Смирнова Е.А.,Омск,Дом и сад,Садовый шланг,4,1741.36,0.24
1539,Петрова М.В.,Новосибирск,Продукты,Шоколад,6,138.53,0.46
1540,Петрова М.В.,Омск,Автотовары,Ароматизатор,2,413.73,0.18
1541,Петрова М.В.,Нижний Новгород,Косметика,Крем для лица,4,1475.07,0.28
1542,Кузнецов П.Р.,Ростов-на-Дону,Электроника,Беспроводные наушники,19,7899.01,0.17
1543,Иванов А.С.,Челябинск,Спорт,Фитнес-браслет,5,4343.34,0.28
1544,Сидоров К.Д.,Казань,Электроника,Умная колонка,11,12817.24,0.21
1545,Смирнова Е.А.,Самара,Электроника,Смартфон,1,43618.7,0.15
1546,Петрова М.В.,Новосибирск,Продукты,Гречка,8,80.37,0.45
1547,Иванов А.С.,Ростов-на-Дону,Одежда,Джинсы,19,4556.93,0.4
1548,Сидоров К.Д.,Санкт-Петербург,Косметика,Маска для волос,4,922.24,0.27
1549,Смирнова Е.А.,Ростов-на-Дону,Продукты,Шоколад,20,160.5,0.5
1550,Иванов А.С.,Екатеринбург,Электроника,Беспроводные наушники,16,9032.61,0.2
1551,Сидоров К.Д.,Ростов-на-Дону,Электроника,Ноутбук,16,95766.09,0.18
1552,Сидоров К.Д.,Челябинск,Продукты,Шоколад,6,160.32,0.44
1553,Кузнецов П.Р.,Челябинск,Спорт,Гантели,2,3002.36,0.3
1554,Сидоров К.Д.,Самара,Книги,Художественная литература,6,711.21,0.39
1555,Петрова М.В.,Москва,Дом и сад,Садовый шланг,1,1879.99,0.27
1556,Кузнецов П.Р.,Омск,Дом и сад,Набор посуды,5,7863.39,0.24
1557,Кузнецов П.Р.,Челябинск,Электроника,Беспроводные наушники,8,8186.38,0.13
1558,Смирнова Е.А.,Нижний Новгород,Одежда,Футболка,13,1408.27,0.37
1559,Кузнецов П.Р.,Самара,Дом и сад,Набор посуды,9,7425.67,0.23
1560,Петрова М.В.,Казань,Одежда,Кроссовки,16,6655.97,0.41
1561,Петрова М.В.,Челябинск,Книги,Комикс,12,484.05,0.44
1562,Сидоров К.Д.,Казань,Автотовары,Держатель для телефона,17,705.63,0.25
1563,Кузнецов П.Р.,Нижний Новгород,Продукты,Шоколад,20,166.14,0.5
1564,Кузнецов П.Р.,Казань,Одежда,Джинсы,13,4698.15,0.41
1565,Петрова М.В.,Челябинск,Дом и сад,Увлажнитель воздуха,14,5314.74,0.28
1566,Сидоров К.Д.,Челябинск,Книги,Бизнес,5,949.62,0.41
1567,Иванов А.С.,Ростов-на-Дону,Косметика,Парфюм,9,4818.19,0.28
1568,Смирнова Е.А.,Челябинск,Спорт,Коврик для йоги,7,2161.4,0.29
1569,Смирнова Е.А.,Екатеринбург,Дом и сад,Робот-пылесос,19,28136.44,0.32
1570,Кузнецов П.Р.,Санкт-Петербург,Косметика,Крем для лица,7,1706.64,0.31
1571,Сидоров К.Д.,Самара,Автотовары,Щетка для снега,13,1059.46,0.27
1572,Смирнова Е.А.,Казань,Одежда,Платье,12,5855.55,0.39
1573,Иванов А.С.,Казань,Спорт,Бутылка для воды,15,868.1,0.36
1574,Сидоров К.Д.,Москва,Спорт,Гантели,6,3730.82,0.3
1575,Смирнова Е.А.,Санкт-Петербург,Дом и сад,Увлажнитель воздуха,13,5504.67,0.28
1576,Сидоров К.Д.,Москва,Одежда,Джинсы,9,4951.22,0.36
1577,Петрова М.В.,Ростов-на-Дону,Одежда,Футболка,9,1312.42,0.37
1578,Петрова М.В.,Ростов-на-Дону,Одежда,Платье,2,5310.01,0.35
1579,Смирнова Е.А.,Ростов-на-Дону,Дом и сад,Набор посуды,15,7974.71,0.3
1580,Иванов А.С.,Москва,Одежда,Футболка,20,1523.3,0.45
1581,Петрова М.В.,Москва,Продукты,Кофе зерновой,11,1253.13,0.48
1582,Сидоров К.Д.,Казань,Автотовары,Видеорегистратор,7,6040.77,0.2
1583,Сидоров К.Д.,Казань,Косметика,Гель для душа,14,349.22,0.33
1584,Петрова М.В.,Екатеринбург,Продукты,Оливковое масло,14,1674.07,0.48
1585,Петрова М.В.,Санкт-Петербург,Одежда,Платье,15,6319.6,0.37
1586,Смирнова Е.А.,Самара,Одежда,Платье,7,4952.37,0.37
1587,Петрова М.В.,Нижний Новгород,Книги,Комикс,3,476.75,0.38
1588,Петрова М.В.,Самара,Продукты,Кофе зерновой,9,1040.5,0.45
1589,Иванов А.С.,Новосибирск,Автотовары,Держатель для телефона,17,685.26,0.26
1590,Кузнецов П.Р.,Казань,Одежда,Куртка,3,8911.18,0.35
1591,Иванов А.С.,Ростов-на-Дону,Книги,Бизнес,3,978.85,0.38
1592,Кузнецов П.Р.,Санкт-Петербург,Дом и сад,Робот-пылесос,6,27982.11,0.26
1593,Петрова М.В.,Омск,Книги,Бизнес,9,929.31,0.4
1594,Смирнова Е.А.,Казань,Косметика,Маска для волос,14,874.73,0.34
1595,Иванов А.С.,Казань,Спорт,Мяч,14,815.73,0.37
1596,Сидоров К.Д.,Челябинск,Спорт,Фитнес-браслет,15,4179.03,0.36
1597,Сидоров К.Д.,Новосибирск,Спорт,Гантели,6,3819.79,0.28
1598,Кузнецов П.Р.,Ростов-на-Дону,Книги,Комикс,14,457.51,0.42
1599,Иванов А.С.,Москва,Одежда,Кроссовки,10,7331.14,0.38
1600,Иванов А.С.,Санкт-Петербург,Одежда,Футболка,12,1458.87,0.38
1601,Кузнецов П.Р.,Челябинск,Спорт,Гантели,20,3270.41,0.35
1602,Иванов А.С.,Екатеринбург,Автотовары,Щетка для снега,14,1122.59,0.23
1603,Иванов А.С.,Санкт-Петербург,Продукты,Шоколад,12,171.07,0.48
1604,Кузнецов П.Р.,Санкт-Петербург,Дом и сад,Робот-пылесос,18,24945.62,0.28
1605,Сидоров К.Д.,Ростов-на-Дону,Электроника,Беспроводные наушники,18,6981.43,0.21
1606,Сидоров К.Д.,Нижний Новгород,Косметика,Маска для волос,1,856.42,0.31
1607,Сидоров К.Д.,Москва,Спорт,Фитнес-браслет,15,3818.19,0.34
1608,Сидоров К.Д.,Омск,Косметика,Гель для душа,19,439.0,0.36
1609,Кузнецов П.Р.,Челябинск,Косметика,Крем для лица,18,1689.0,0.35
1610,Кузнецов П.Р.,Нижний Новгород,Одежда,Кроссовки,1,6001.27,0.32
1611,Петрова М.В.,Самара,Косметика,Гель для душа,13,418.24,0.32
1612,Сидоров К.Д.,Ростов-на-Дону,Одежда,Кроссовки,15,5867.14,0.42
1613,Петрова М.В.,Ростов-на-Дону,Автотовары,Держатель для телефона,7,718.12,0.19
1614,Петрова М.В.,Казань,Электроника,Ноутбук,3,96093.63,0.13
1615,Петрова М.В.,Москва,Дом и сад,Робот-пылесос,1,27647.8,0.24
1616,Петрова М.В.,Ростов-на-Дону,Автотовары,Органайзер,10,1633.84,0.23
1617,Петрова М.В.,Нижний Новгород,Одежда,Кроссовки,4,6323.52,0.37
1618,Иванов А.С.,Челябинск,Автотовары,Органайзер,4,1557.67,0.21
1619,Петрова М.В.,Нижний Новгород,Косметика,Гель для душа,14,375.65,0.35
1620,Смирнова Е.А.,Москва,Одежда,Джинсы,10,4174.78,0.39
1621,Петрова М.В.,Челябинск,Дом и сад,Робот-пылесос,16,23366.34,0.29
1622,Петрова М.В.,Москва,Дом и сад,Увлажнитель воздуха,12,5636.9,0.27
1623,Петрова М.В.,Ростов-на-Дону,Книги,Бизнес,11,946.17,0.43
1624,Кузнецов П.Р.,Санкт-Петербург,Спорт,Бутылка для воды,18,936.14,0.34
1625,Смирнова Е.А.,Казань,Продукты,Оливковое масло,16,1975.72,0.49
1626,Петрова М.В.,Санкт-Петербург,Дом и сад,Робот-пылесос,4,21260.69,0.26
1627,Кузнецов П.Р.,Омск,Автотовары,Ароматизатор,18,368.43,0.23
1628,Иванов А.С.,Москва,Электроника,Умные часы,16,20984.82,0.17
1629,Смирнова Е.А.,Челябинск,Спорт,Фитнес-браслет,1,3694.28,0.3
1630,Кузнецов П.Р.,Самара,Одежда,Джинсы,17,3955.8,0.39
1631,Петрова М.В.,Казань,Спорт,Гантели,12,4021.05,0.34
1632,Сидоров К.Д.,Челябинск,Косметика,Парфюм,17,3851.84,0.35
1633,Кузнецов П.Р.,Санкт-Петербург,Электроника,Беспроводные наушники,15,8627.05,0.21
1634,Кузнецов П.Р.,Ростов-на-Дону,Дом и сад,Садовый шланг,1,2006.6,0.24
1635,Петрова М.В.,Нижний Новгород,Дом и сад,Увлажнитель воздуха,17,4698.03,0.29
1636,Сидоров К.Д.,Казань,Автотовары,Видеорегистратор,6,6118.09,0.17
1637,Сидоров К.Д.,Новосибирск,Электроника,Умные часы,12,21232.57,0.2
1638,Смирнова Е.А.,Казань,Книги,Комикс,9,489.71,0.42
1639,Иванов А.С.,Нижний Новгород,Книги,Фантастика,6,652.18,0.41
1640,Сидоров К.Д.,Нижний Новгород,Одежда,Платье,14,6218.83,0.41
1641,Петрова М.В.,Ростов-на-Дону,Продукты,Гречка,18,97.69,0.49
1642,Кузнецов П.Р.,Челябинск,Косметика,Маска для волос,4,866.79,0.32
1643,Смирнова Е.А.,Челябинск,Автотовары,Ароматизатор,15,405.96,0.24
1644,Иванов А.С.,Нижний Новгород,Косметика,Гель для душа,19,418.82,0.33
1645,Смирнова Е.А.,Самара,Электроника,Умная колонка,18,12054.5,0.18
1646,Иванов А.С.,Казань,Спорт,Мяч,18,738.79,0.36
1647,Петрова М.В.,Казань,Продукты,Шоколад,6,142.42,0.43
1648,Кузнецов П.Р.,Екатеринбург,Книги,Бизнес,5,895.5,0.38
1649,Сидоров К.Д.,Екатеринбург,Автотовары,Органайзер,14,1774.77,0.23
1650,Смирнова Е.А.,Екатеринбург,Автотовары,Видеорегистратор,18,7275.13,0.26
1651,Сидоров К.Д.,Самара,Косметика,Шампунь,3,620.53,0.31
1652,Сидоров К.Д.,Ростов-на-Дону,Электроника,Умные часы,20,24713.16,0.21
1653,Сидоров К.Д.,Москва,Косметика,Крем для лица,17,1350.48,0.33
1654,Петрова М.В.,Нижний Новгород,Спорт,Мяч,8,684.11,0.28
1655,Сидоров К.Д.,Новосибирск,Продукты,Гречка,16,83.85,0.49
1656,Сидоров К.Д.,Омск,Спорт,Бутылка для воды,17,794.76,0.33
1657,Сидоров К.Д.,Новосибирск,Спорт,Бутылка для воды,7,942.52,0.29
1658,Кузнецов П.Р.,Москва,Автотовары,Органайзер,3,2027.95,0.22
1659,Сидоров К.Д.,Казань,Автотовары,Держатель для телефона,19,756.98,0.26
1660,Кузнецов П.Р.,Омск,Автотовары,Держатель для телефона,3,713.38,0.21
1661,Сидоров К.Д.,Омск,Продукты,Гречка,4,94.67,0.42
1662,Кузнецов П.Р.,Омск,Спорт,Гантели,9,3011.84,0.29
1663,Иванов А.С.,Ростов-на-Дону,Дом и сад,Чайник,14,3106.07,0.28
1664,Петрова М.В.,Самара,Дом и сад,Робот-пылесос,4,27667.21,0.25
1665,Кузнецов П.Р.,Ростов-на-Дону,Книги,Детектив,19,566.33,0.46
1666,Кузнецов П.Р.,Самара,Косметика,Парфюм,13,4501.67,0.32
1667,Петрова М.В.,Санкт-Петербург,Электроника,Беспроводные наушники,4,9126.97,0.17
1668,Сидоров К.Д.,Екатеринбург,Продукты,Гречка,18,94.39,0.48
1669,Иванов А.С.,Новосибирск,Косметика,Шампунь,9,689.13,0.29
1670,Кузнецов П.Р.,Екатеринбург,Одежда,Куртка,19,9785.93,0.41
1671,Смирнова Е.А.,Москва,Книги,Детектив,6,635.8,0.39
1672,Сидоров К.Д.,Челябинск,Дом и сад,Увлажнитель воздуха,17,5728.02,0.3
1673,Смирнова Е.А.,Екатеринбург,Спорт,Коврик для йоги,10,2175.39,0.33
1674,Смирнова Е.А.,Казань,Автотовары,Держатель для телефона,17,630.06,0.23
1675,Петрова М.В.,Самара,Автотовары,Держатель для телефона,18,790.95,0.26
1676,Смирнова Е.А.,Омск,Косметика,Шампунь,10,648.15,0.37
1677,Петрова М.В.,Челябинск,Электроника,Умная колонка,2,12467.58,0.13
1678,Иванов А.С.,Омск,Спорт,Коврик для йоги,6,2305.03,0.31
1679,Сидоров К.Д.,Челябинск,Электроника,Беспроводные наушники,16,6838.27,0.19
1680,Смирнова Е.А.,Новосибирск,Продукты,Сыр,14,1475.53,0.48
1681,Петрова М.В.,Ростов-на-Дону,Продукты,Сыр,13,1796.09,0.5
1682,Кузнецов П.Р.,Самара,Книги,Фантастика,15,734.62,0.46
1683,Кузнецов П.Р.,Москва,Книги,Бизнес,10,928.61,0.42
1684,Кузнецов П.Р.,Нижний Новгород,Спорт,Мяч,7,766.69,0.27
1685,Петрова М.В.,Новосибирск,Одежда,Кроссовки,4,5586.49,0.33
1686,Иванов А.С.,Екатеринбург,Спорт,Фитнес-браслет,3,3519.26,0.32
1687,Кузнецов П.Р.,Самара,Автотовары,Органайзер,2,1860.48,0.18
1688,Смирнова Е.А.,Москва,Дом и сад,Набор посуды,17,6479.23,0.29
1689,Кузнецов П.Р.,Омск,Дом и сад,Чайник,14,2663.87,0.29
1690,Кузнецов П.Р.,Санкт-Петербург,Косметика,Шампунь,2,608.39,0.32
1691,Иванов А.С.,Ростов-на-Дону,Дом и сад,Увлажнитель воздуха,12,4886.65,0.3
1692,Сидоров К.Д.,Нижний Новгород,Электроника,Умные часы,7,20147.57,0.13
1693,Петрова М.В.,Казань,Спорт,Коврик для йоги,20,2206.42,0.4
1694,Смирнова Е.А.,Самара,Одежда,Платье,8,6096.73,0.37
1695,Кузнецов П.Р.,Санкт-Петербург,Электроника,Умные часы,6,19662.74,0.13
1696,Иванов А.С.,Самара,Дом и сад,Увлажнитель воздуха,12,4298.29,0.32
1697,Смирнова Е.А.,Ростов-на-Дону,Дом и сад,Садовый шланг,8,2134.83,0.26
1698,Сидоров К.Д.,Санкт-Петербург,Электроника,Умные часы,20,19629.5,0.25
1699,Кузнецов П.Р.,Санкт-Петербург,Дом и сад,Садовый шланг,17,1727.87,0.32
1700,Петрова М.В.,Челябинск,Косметика,Крем для лица,7,1610.02,0.29
1701,Сидоров К.Д.,Москва,Спорт,Коврик для йоги,3,2209.3,0.31
1702,Сидоров К.Д.,Екатеринбург,Автотовары,Видеорегистратор,6,7800.62,0.17
1703,Иванов А.С.,Ростов-на-Дону,Дом и сад,Набор посуды,9,6856.71,0.27
1704,Кузнецов П.Р.,Ростов-на-Дону,Одежда,Кроссовки,19,6842.79,0.37
1705,Иванов А.С.,Санкт-Петербург,Автотовары,Ароматизатор,19,446.06,0.24
1706,Сидоров К.Д.,Омск,Дом и сад,Набор посуды,15,7657.85,0.27
1707,Смирнова Е.А.,Новосибирск,Продукты,Сыр,6,1522.19,0.45
1708,Кузнецов П.Р.,Омск,Дом и сад,Увлажнитель воздуха,15,4716.06,0.3
1709,Иванов А.С.,Ростов-на-Дону,Продукты,Кофе зерновой,18,1070.78,0.5
1710,Смирнова Е.А.,Самара,Дом и сад,Робот-пылесос,2,24753.81,0.23
1711,Иванов А.С.,Москва,Продукты,Гречка,3,91.11,0.47
1712,Смирнова Е.А.,Москва,Спорт,Гантели,6,3256.98,0.28
1713,Петрова М.В.,Москва,Косметика,Парфюм,12,4189.5,0.35
1714,Петрова М.В.,Москва,Электроника,Беспроводные наушники,18,7211.92,0.19
1715,Кузнецов П.Р.,Ростов-на-Дону,Книги,Художественная литература,2,781.63,0.42
1716,Петрова М.В.,Ростов-на-Дону,Спорт,Коврик для йоги,2,2820.71,0.32
1717,Сидоров К.Д.,Ростов-на-Дону,Спорт,Мяч,10,757.63,0.34
1718,Кузнецов П.Р.,Санкт-Петербург,Дом и сад,Набор посуды,2,7283.49,0.24
1719,Иванов А.С.,Санкт-Петербург,Книги,Бизнес,1,969.74,0.41
1720,Смирнова Е.А.,Казань,Автотовары,Держатель для телефона,20,680.82,0.26
1721,Смирнова Е.А.,Нижний Новгород,Книги,Комикс,10,561.27,0.46
1722,Смирнова Е.А.,Самара,Спорт,Коврик для йоги,20,2128.91,0.36
1723,Сидоров К.Д.,Москва,Спорт,Мяч,18,911.69,0.36
1724,Кузнецов П.Р.,Москва,Электроника,Ноутбук,15,91345.4,0.2
1725,Кузнецов П.Р.,Москва,Дом и сад,Садовый шланг,10,2153.27,0.31
1726,Смирнова Е.А.,Самара,Дом и сад,Садовый шланг,16,2192.02,0.28
1727,Кузнецов П.Р.,Екатеринбург,Одежда,Куртка,7,10162.3,0.36
1728,Кузнецов П.Р.,Москва,Автотовары,Ароматизатор,2,382.75,0.21
1729,Кузнецов П.Р.,Омск,Электроника,Беспроводные наушники,1,8688.31,0.17
1730,Кузнецов П.Р.,Нижний Новгород,Косметика,Гель для душа,4,380.32,0.3
1731,Петрова М.В.,Омск,Продукты,Кофе зерновой,2,1155.49,0.47
1732,Иванов А.С.,Екатеринбург,Дом и сад,Робот-пылесос,13,23673.17,0.31
1733,Сидоров К.Д.,Омск,Косметика,Маска для волос,18,1001.95,0.34
1734,Иванов А.С.,Челябинск,Косметика,Парфюм,6,4326.62,0.3
1735,Петрова М.В.,Ростов-на-Дону,Спорт,Бутылка для воды,1,871.61,0.3
1736,Смирнова Е.А.,Омск,Спорт,Мяч,20,710.09,0.38
1737,Сидоров К.Д.,Самара,Книги,Фантастика,13,676.16,0.45
1738,Кузнецов П.Р.,Нижний Новгород,Книги,Бизнес,1,773.33,0.42
1739,Сидоров К.Д.,Омск,Дом и сад,Увлажнитель воздуха,20,5092.7,0.34
1740,Петрова М.В.,Екатеринбург,Продукты,Кофе зерновой,20,1085.28,0.5
1741,Кузнецов П.Р.,Санкт-Петербург,Спорт,Бутылка для воды,18,906.27,0.35
1742,Петрова М.В.,Казань,Автотовары,Видеорегистратор,8,6338.97,0.21
1743,Кузнецов П.Р.,Омск,Косметика,Шампунь,3,513.55,0.3
1744,Смирнова Е.А.,Омск,Одежда,Джинсы,5,5036.35,0.37
1745,Кузнецов П.Р.,Нижний Новгород,Дом и сад,Чайник,19,2996.61,0.3
1746,Кузнецов П.Р.,Самара,Автотовары,Щетка для снега,20,1214.2,0.26
1747,Иванов А.С.,Екатеринбург,Автотовары,Ароматизатор,18,458.89,0.26
1748,Кузнецов П.Р.,Нижний Новгород,Продукты,Оливковое масло,20,1979.54,0.5
1749,Петрова М.В.,Нижний Новгород,Косметика,Шампунь,12,647.25,0.34
1750,Сидоров К.Д.,Омск,Электроника,Беспроводные наушники,6,7714.82,0.15
1751,Сидоров К.Д.,Омск,Дом и сад,Набор посуды,19,6312.43,0.3
1752,Сидоров К.Д.,Санкт-Петербург,Дом и сад,Робот-пылесос,9,28254.2,0.27
1753,Петрова М.В.,Омск,Косметика,Гель для душа,4,429.91,0.3
1754,Смирнова Е.А.,Санкт-Петербург,Электроника,Умные часы,12,23512.08,0.21
1755,Петрова М.В.,Омск,Одежда,Куртка,15,9658.43,0.4
1756,Иванов А.С.,Москва,Автотовары,Органайзер,20,1545.4,0.29
1757,Сидоров К.Д.,Нижний Новгород,Автотовары,Держатель для телефона,15,635.07,0.23
1758,Смирнова Е.А.,Нижний Новгород,Косметика,Шампунь,14,645.99,0.32
1759,Петрова М.В.,Санкт-Петербург,Продукты,Кофе зерновой,5,1320.59,0.46
1760,Иванов А.С.,Челябинск,Продукты,Сыр,4,1689.39,0.44
1761,Сидоров К.Д.,Нижний Новгород,Книги,Художественная литература,15,647.9,0.45
1762,Кузнецов П.Р.,Челябинск,Автотовары,Держатель для телефона,2,725.79,0.21
1763,Иванов А.С.,Омск,Автотовары,Ароматизатор,10,400.49,0.24
1764,Сидоров К.Д.,Санкт-Петербург,Автотовары,Видеорегистратор,15,7910.59,0.25
1765,Смирнова Е.А.,Санкт-Петербург,Продукты,Оливковое масло,4,1796.75,0.45
1766,Кузнецов П.Р.,Казань,Одежда,Кроссовки,1,5779.72,0.34
1767,Петрова М.В.,Челябинск,Автотовары,Держатель для телефона,17,740.02,0.23
1768,Кузнецов П.Р.,Москва,Спорт,Фитнес-браслет,15,3915.05,0.36
1769,Петрова М.В.,Челябинск,Продукты,Сыр,15,1559.47,0.5
1770,Иванов А.С.,Омск,Одежда,Кроссовки,1,7147.52,0.33
1771,Петрова М.В.,Новосибирск,Продукты,Оливковое масло,14,1682.03,0.49
1772,Сидоров К.Д.,Самара,Продукты,Оливковое масло,16,1673.18,0.5
1773,Кузнецов П.Р.,Ростов-на-Дону,Книги,Фантастика,8,841.41,0.42
1774,Сидоров К.Д.,Санкт-Петербург,Книги,Бизнес,15,920.41,0.46
1775,Сидоров К.Д.,Нижний Новгород,Спорт,Коврик для йоги,5,2481.85,0.28
1776,Кузнецов П.Р.,Новосибирск,Электроника,Умная колонка,5,13451.93,0.16
1777,Иванов А.С.,Санкт-Петербург,Электроника,Смартфон,19,41020.66,0.18
1778,Смирнова Е.А.,Санкт-Петербург,Дом и сад,Садовый шланг,5,1720.52,0.24
1779,Иванов А.С.,Казань,Книги,Художественная литература,19,737.21,0.46
1780,Смирнова Е.А.,Казань,Книги,Комикс,9,529.51,0.4
1781,Иванов А.С.,Санкт-Петербург,Автотовары,Видеорегистратор,8,7235.3,0.2
1782,Иванов А.С.,Омск,Одежда,Футболка,20,1638.65,0.45
1783,Сидоров К.Д.,Екатеринбург,Спорт,Бутылка для воды,15,999.91,0.37
1784,Смирнова Е.А.,Самара,Спорт,Мяч,12,826.19,0.34
1785,Кузнецов П.Р.,Новосибирск,Книги,Художественная литература,15,711.05,0.45
1786,Смирнова Е.А.,Екатеринбург,Электроника,Беспроводные наушники,12,9063.59,0.2
1787,Петрова М.В.,Санкт-Петербург,Автотовары,Держатель для телефона,5,795.72,0.17
1788,Кузнецов П.Р.,Санкт-Петербург,Спорт,Коврик для йоги,4,2245.1,0.31
1789,Петрова М.В.,Омск,Дом и сад,Садовый шланг,4,1765.09,0.27
1790,Петрова М.В.,Москва,Косметика,Маска для волос,12,863.82,0.35
1791,Петрова М.В.,Ростов-на-Дону,Косметика,Крем для лица,15,1572.96,0.32
1792,Петрова М.В.,Нижний Новгород,Электроника,Беспроводные наушники,2,8869.4,0.14
1793,Кузнецов П.Р.,Ростов-на-Дону,Спорт,Мяч,11,808.62,0.36
1794,Сидоров К.Д.,Челябинск,Книги,Фантастика,19,728.97,0.46
1795,Петрова М.В.,Самара,Дом и сад,Набор посуды,9,6898.9,0.27
1796,Иванов А.С.,Новосибирск,Одежда,Куртка,8,8765.94,0.34
1797,Смирнова Е.А.,Нижний Новгород,Автотовары,Ароматизатор,12,432.9,0.27
1798,Иванов А.С.,Нижний Новгород,Одежда,Футболка,2,1452.77,0.36
1799,Петрова М.В.,Екатеринбург,Автотовары,Щетка для снега,10,1201.79,0.23
1800,Смирнова Е.А.,Новосибирск,Автотовары,Видеорегистратор,14,7069.99,0.23
1801,Сидоров К.Д.,Москва,Дом и сад,Увлажнитель воздуха,11,5041.16,0.29
1802,Смирнова Е.А.,Екатеринбург,Косметика,Крем для лица,4,1483.68,0.29
1803,Смирнова Е.А.,Москва,Дом и сад,Робот-пылесос,12,27358.81,0.3
1804,Петрова М.В.,Казань,Одежда,Кроссовки,9,6801.32,0.37
1805,Кузнецов П.Р.,Омск,Книги,Комикс,18,555.1,0.43
1806,Иванов А.С.,Москва,Электроника,Ноутбук,20,74083.44,0.2
1807,Кузнецов П.Р.,Екатеринбург,Спорт,Бутылка для воды,14,926.51,0.36
1808,Смирнова Е.А.,Казань,Одежда,Куртка,7,9445.63,0.33
1809,Иванов А.С.,Ростов-на-Дону,Косметика,Гель для душа,10,457.67,0.35
1810,Сидоров К.Д.,Новосибирск,Электроника,Ноутбук,7,96762.62,0.15
1811,Сидоров К.Д.,Екатеринбург,Дом и сад,Увлажнитель воздуха,15,5283.93,0.29
1812,Кузнецов П.Р.,Ростов-на-Дону,Одежда,Футболка,10,1477.26,0.39
1813,Иванов А.С.,Челябинск,Книги,Детектив,3,588.95,0.39
1814,Сидоров К.Д.,Омск,Одежда,Джинсы,14,4374.78,0.38
1815,Петрова М.В.,Ростов-на-Дону,Книги,Комикс,1,558.38,0.37
1816,Смирнова Е.А.,Москва,Спорт,Мяч,14,861.09,0.37
1817,Смирнова Е.А.,Самара,Продукты,Гречка,17,98.38,0.47
1818,Иванов А.С.,Омск,Книги,Детектив,3,694.7,0.4
1819,Кузнецов П.Р.,Санкт-Петербург,Книги,Художественная литература,18,690.54,0.46
1820,Сидоров К.Д.,Новосибирск,Книги,Бизнес,10,926.9,0.44
1821,Иванов А.С.,Новосибирск,Спорт,Коврик для йоги,3,2815.2,0.28
1822,Петрова М.В.,Казань,Продукты,Шоколад,7,140.76,0.44
1823,Сидоров К.Д.,Самара,Продукты,Гречка,16,78.14,0.5
1824,Петрова М.В.,Ростов-на-Дону,Книги,Детектив,15,569.4,0.44
1825,Петрова М.В.,Омск,Косметика,Шампунь,19,527.51,0.33
1826,Кузнецов П.Р.,Москва,Электроника,Умные часы,5,19153.95,0.13
1827,Петрова М.В.,Москва,Автотовары,Держатель для телефона,14,791.78,0.23
1828,Сидоров К.Д.,Нижний Новгород,Одежда,Платье,6,5562.32,0.34
1829,Смирнова Е.А.,Москва,Одежда,Платье,4,5733.87,0.34
1830,Кузнецов П.Р.,Санкт-Петербург,Одежда,Кроссовки,10,6042.67,0.38
1831,Сидоров К.Д.,Омск,Спорт,Фитнес-браслет,13,4544.29,0.35
1832,Сидоров К.Д.,Москва,Спорт,Коврик для йоги,6,2144.52,0.29
1833,Петрова М.В.,Самара,Спорт,Бутылка для воды,14,888.66,0.35
1834,Сидоров К.Д.,Екатеринбург,Косметика,Парфюм,6,3894.72,0.28
1835,Смирнова Е.А.,Омск,Спорт,Коврик для йоги,15,2146.0,0.36
1836,Петрова М.В.,Москва,Косметика,Маска для волос,8,926.01,0.31
1837,Кузнецов П.Р.,Ростов-на-Дону,Электроника,Ноутбук,5,82955.89,0.13
1838,Смирнова Е.А.,Самара,Одежда,Футболка,4,1545.21,0.32
1839,Смирнова Е.А.,Челябинск,Продукты,Оливковое масло,16,1774.16,0.5
1840,Сидоров К.Д.,Москва,Книги,Художественная литература,17,781.5,0.44
1841,Смирнова Е.А.,Нижний Новгород,Продукты,Оливковое масло,3,1876.08,0.42
1842,Сидоров К.Д.,Санкт-Петербург,Дом и сад,Робот-пылесос,3,28390.44,0.25
1843,Петрова М.В.,Санкт-Петербург,Одежда,Джинсы,13,4421.05,0.4
1844,Кузнецов П.Р.,Санкт-Петербург,Дом и сад,Набор посуды,15,7810.35,0.27
1845,Петрова М.В.,Санкт-Петербург,Спорт,Гантели,5,3160.97,0.31
1846,Иванов А.С.,Москва,Дом и сад,Чайник,11,3320.93,0.28
1847,Петрова М.В.,Челябинск,Дом и сад,Робот-пылесос,4,21685.48,0.23
1848,Сидоров К.Д.,Казань,Косметика,Маска для волос,7,1022.64,0.31
1849,Смирнова Е.А.,Ростов-на-Дону,Продукты,Кофе зерновой,20,1151.17,0.5
1850,Смирнова Е.А.,Нижний Новгород,Косметика,Гель для душа,7,348.12,0.28
1851,Кузнецов П.Р.,Санкт-Петербург,Косметика,Шампунь,19,546.57,0.33
1852,Кузнецов П.Р.,Екатеринбург,Косметика,Маска для волос,7,904.38,0.3
1853,Сидоров К.Д.,Нижний Новгород,Электроника,Ноутбук,5,79175.77,0.15
1854,Петрова М.В.,Челябинск,Дом и сад,Чайник,9,2878.55,0.24
1855,Кузнецов П.Р.,Омск,Продукты,Гречка,9,102.55,0.46
1856,Иванов А.С.,Казань,Продукты,Оливковое масло,17,1868.92,0.49
1857,Петрова М.В.,Санкт-Петербург,Спорт,Гантели,16,3946.03,0.35
1858,Кузнецов П.Р.,Казань,Продукты,Оливковое масло,15,1976.68,0.47
1859,Иванов А.С.,Челябинск,Книги,Художественная литература,5,627.01,0.38
1860,Петрова М.В.,Казань,Электроника,Ноутбук,5,89392.44,0.14
1861,Сидоров К.Д.,Нижний Новгород,Автотовары,Держатель для телефона,8,778.9,0.17
1862,Кузнецов П.Р.,Санкт-Петербург,Дом и сад,Набор посуды,8,7540.93,0.23
1863,Иванов А.С.,Ростов-на-Дону,Электроника,Умная колонка,14,11563.34,0.2
1864,Петрова М.В.,Казань,Косметика,Шампунь,19,580.33,0.35
1865,Иванов А.С.,Челябинск,Автотовары,Органайзер,16,1815.96,0.26
1866,Петрова М.В.,Ростов-на-Дону,Автотовары,Держатель для телефона,2,737.4,0.17
1867,Иванов А.С.,Челябинск,Книги,Детектив,11,558.12,0.46
1868,Иванов А.С.,Екатеринбург,Автотовары,Щетка для снега,9,1178.81,0.2
1869,Смирнова Е.А.,Санкт-Петербург,Автотовары,Держатель для телефона,19,782.46,0.23
1870,Иванов А.С.,Ростов-на-Дону,Одежда,Кроссовки,7,6726.89,0.34
1871,Иванов А.С.,Санкт-Петербург,Книги,Бизнес,11,982.68,0.42
1872,Сидоров К.Д.,Омск,Косметика,Маска для волос,3,994.74,0.28
1873,Кузнецов П.Р.,Самара,Дом и сад,Садовый шланг,19,2198.65,0.32
1874,Сидоров К.Д.,Нижний Новгород,Одежда,Футболка,3,1683.67,0.33
1875,Иванов А.С.,Омск,Спорт,Гантели,13,3533.64,0.35
1876,Иванов А.С.,Омск,Одежда,Джинсы,15,4169.0,0.4
1877,Сидоров К.Д.,Новосибирск,Электроника,Ноутбук,11,76982.3,0.21
1878,Кузнецов П.Р.,Самара,Дом и сад,Чайник,2,3222.28,0.26
1879,Петрова М.В.,Екатеринбург,Одежда,Джинсы,16,5091.01,0.41
1880,Петрова М.В.,Ростов-на-Дону,Дом и сад,Увлажнитель воздуха,7,4285.99,0.24
1881,Петрова М.В.,Омск,Косметика,Гель для душа,13,375.65,0.34
1882,Сидоров К.Д.,Нижний Новгород,Дом и сад,Увлажнитель воздуха,6,4452.31,0.25
1883,Иванов А.С.,Нижний Новгород,Книги,Комикс,2,520.75,0.39
1884,Петрова М.В.,Челябинск,Электроника,Ноутбук,19,88925.56,0.21
1885,Кузнецов П.Р.,Москва,Спорт,Бутылка для воды,14,853.64,0.33
1886,Смирнова Е.А.,Челябинск,Книги,Комикс,6,439.4,0.4
1887,Иванов А.С.,Новосибирск,Одежда,Джинсы,1,4673.25,0.35
1888,Кузнецов П.Р.,Санкт-Петербург,Спорт,Гантели,3,3815.17,0.31
1889,Сидоров К.Д.,Челябинск,Книги,Художественная литература,7,628.19,0.4
1890,Петрова М.В.,Нижний Новгород,Одежда,Куртка,7,9696.18,0.34
1891,Иванов А.С.,Казань,Электроника,Ноутбук,10,79049.82,0.19
1892,Сидоров К.Д.,Ростов-на-Дону,Спорт,Коврик для йоги,17,2568.51,0.36
1893,Кузнецов П.Р.,Ростов-на-Дону,Автотовары,Органайзер,14,1941.18,0.23
1894,Сидоров К.Д.,Москва,Косметика,Шампунь,17,574.73,0.37
1895,Сидоров К.Д.,Санкт-Петербург,Электроника,Умные часы,11,20280.47,0.21
1896,Петрова М.В.,Челябинск,Продукты,Шоколад,5,134.25,0.45
1897,Иванов А.С.,Нижний Новгород,Одежда,Платье,18,4845.67,0.37
1898,Кузнецов П.Р.,Санкт-Петербург,Косметика,Шампунь,1,657.48,0.31
1899,Смирнова Е.А.,Москва,Спорт,Коврик для йоги,6,2678.79,0.28
1900,Смирнова Е.А.,Казань,Автотовары,Органайзер,15,1740.95,0.25
1901,Смирнова Е.А.,Екатеринбург,Косметика,Парфюм,18,4144.04,0.34
1902,Петрова М.В.,Казань,Электроника,Смартфон,2,46971.14,0.13
1903,Сидоров К.Д.,Челябинск,Косметика,Парфюм,15,4295.97,0.34
1904,Смирнова Е.А.,Санкт-Петербург,Одежда,Кроссовки,12,5720.04,0.4
1905,Петрова М.В.,Челябинск,Одежда,Кроссовки,17,6543.09,0.38
1906,Кузнецов П.Р.,Екатеринбург,Электроника,Умная колонка,7,10348.57,0.16
1907,Петрова М.В.,Челябинск,Одежда,Футболка,6,1673.9,0.35
1908,Сидоров К.Д.,Санкт-Петербург,Косметика,Шампунь,11,543.04,0.35
1909,Петрова М.В.,Нижний Новгород,Книги,Бизнес,12,944.44,0.43
1910,Кузнецов П.Р.,Екатеринбург,Одежда,Футболка,3,1566.92,0.35
1911,Смирнова Е.А.,Екатеринбург,Одежда,Платье,4,5605.96,0.36
1912,Смирнова Е.А.,Новосибирск,Косметика,Парфюм,17,4463.84,0.35
1913,Иванов А.С.,Омск,Книги,Художественная литература,10,757.98,0.46
1914,Сидоров К.Д.,Ростов-на-Дону,Электроника,Умные часы,18,20621.12,0.22
1915,Кузнецов П.Р.,Москва,Книги,Фантастика,17,806.27,0.46
1916,Петрова М.В.,Санкт-Петербург,Одежда,Кроссовки,13,5895.49,0.38
1917,Сидоров К.Д.,Санкт-Петербург,Продукты,Сыр,11,1594.81,0.5
1918,Сидоров К.Д.,Санкт-Петербург,Одежда,Кроссовки,4,7147.91,0.34
1919,Смирнова Е.А.,Челябинск,Косметика,Маска для волос,7,933.59,0.31
1920,Сидоров К.Д.,Нижний Новгород,Электроника,Смартфон,15,45900.01,0.21
1921,Смирнова Е.А.,Санкт-Петербург,Продукты,Оливковое масло,16,1721.66,0.49
1922,Кузнецов П.Р.,Ростов-на-Дону,Одежда,Платье,1,5682.34,0.33
1923,Иванов А.С.,Ростов-на-Дону,Дом и сад,Увлажнитель воздуха,20,5430.49,0.35
1924,Сидоров К.Д.,Самара,Электроника,Беспроводные наушники,14,6814.24,0.21
1925,Кузнецов П.Р.,Ростов-на-Дону,Косметика,Маска для волос,13,982.73,0.33
1926,Кузнецов П.Р.,Новосибирск,Одежда,Джинсы,7,4707.13,0.35
1927,Смирнова Е.А.,Екатеринбург,Косметика,Маска для волос,20,790.94,0.37
1928,Кузнецов П.Р.,Москва,Спорт,Мяч,14,914.3,0.33
1929,Кузнецов П.Р.,Челябинск,Книги,Фантастика,1,862.46,0.37
1930,Петрова М.В.,Самара,Одежда,Куртка,16,9159.47,0.42
1931,Иванов А.С.,Челябинск,Одежда,Футболка,8,1305.87,0.35
1932,Кузнецов П.Р.,Самара,Продукты,Кофе зерновой,4,1110.4,0.46
1933,Сидоров К.Д.,Ростов-на-Дону,Книги,Художественная литература,12,719.12,0.45
1934,Кузнецов П.Р.,Нижний Новгород,Продукты,Гречка,8,89.02,0.45
1935,Петрова М.В.,Санкт-Петербург,Автотовары,Ароматизатор,11,439.61,0.23
1936,Иванов А.С.,Санкт-Петербург,Косметика,Гель для душа,17,426.85,0.33
1937,Смирнова Е.А.,Омск,Продукты,Гречка,6,79.25,0.45
1938,Иванов А.С.,Новосибирск,Электроника,Умные часы,5,23866.06,0.13
1939,Иванов А.С.,Казань,Автотовары,Щетка для снега,2,1289.2,0.21
1940,Сидоров К.Д.,Казань,Электроника,Беспроводные наушники,15,8028.39,0.22
1941,Кузнецов П.Р.,Казань,Дом и сад,Чайник,13,2786.2,0.27
1942,Иванов А.С.,Екатеринбург,Дом и сад,Робот-пылесос,6,27878.33,0.27
1943,Иванов А.С.,Москва,Автотовары,Органайзер,19,1974.08,0.24
1944,Петрова М.В.,Санкт-Петербург,Косметика,Шампунь,7,543.67,0.3
1945,Иванов А.С.,Новосибирск,Дом и сад,Садовый шланг,10,2123.92,0.29
1946,Смирнова Е.А.,Самара,Одежда,Джинсы,20,4327.77,0.42
1947,Иванов А.С.,Нижний Новгород,Электроника,Умная колонка,4,12438.78,0.13
1948,Сидоров К.Д.,Новосибирск,Автотовары,Органайзер,3,1812.41,0.21
1949,Кузнецов П.Р.,Казань,Книги,Художественная литература,13,646.97,0.46
1950,Смирнова Е.А.,Нижний Новгород,Книги,Комикс,10,431.83,0.44
1951,Петрова М.В.,Екатеринбург,Косметика,Крем для лица,5,1342.11,0.3
1952,Сидоров К.Д.,Екатеринбург,Одежда,Платье,7,4779.07,0.32
1953,Петрова М.В.,Ростов-на-Дону,Продукты,Кофе зерновой,6,1320.51,0.47
1954,Иванов А.С.,Самара,Автотовары,Органайзер,16,1683.7,0.26
1955,Петрова М.В.,Новосибирск,Косметика,Маска для волос,17,806.26,0.35
1956,Смирнова Е.А.,Санкт-Петербург,Продукты,Кофе зерновой,3,1267.26,0.46
1957,Петрова М.В.,Нижний Новгород,Дом и сад,Чайник,16,3193.91,0.27
1958,Кузнецов П.Р.,Челябинск,Дом и сад,Чайник,18,3135.8,0.3
1959,Петрова М.В.,Новосибирск,Книги,Бизнес,3,983.16,0.37
1960,Петрова М.В.,Самара,Электроника,Умная колонка,1,11480.47,0.17
1961,Кузнецов П.Р.,Омск,Электроника,Умная колонка,9,11886.27,0.15
1962,Сидоров К.Д.,Ростов-на-Дону,Косметика,Маска для волос,11,885.23,0.35
1963,Смирнова Е.А.,Новосибирск,Книги,Бизнес,5,965.18,0.39
1964,Кузнецов П.Р.,Ростов-на-Дону,Книги,Художественная литература,3,613.54,0.38
1965,Иванов А.С.,Омск,Одежда,Платье,11,4957.62,0.42
1966,Петрова М.В.,Самара,Одежда,Джинсы,20,4128.43,0.41
1967,Петрова М.В.,Екатеринбург,Одежда,Футболка,11,1440.09,0.42
1968,Петрова М.В.,Казань,Дом и сад,Увлажнитель воздуха,15,5699.65,0.29
1969,Кузнецов П.Р.,Челябинск,Дом и сад,Увлажнитель воздуха,8,5040.84,0.26
1970,Петрова М.В.,Санкт-Петербург,Одежда,Платье,17,5669.69,0.38
1971,Кузнецов П.Р.,Нижний Новгород,Спорт,Бутылка для воды,1,874.41,0.29
1972,Иванов А.С.,Челябинск,Продукты,Кофе зерновой,20,1137.24,0.5
1973,Смирнова Е.А.,Челябинск,Спорт,Фитнес-браслет,1,4026.2,0.27
1974,Смирнова Е.А.,Москва,Одежда,Куртка,11,8962.21,0.4
1975,Иванов А.С.,Омск,Дом и сад,Набор посуды,19,7948.15,0.31
1976,Петрова М.В.,Санкт-Петербург,Спорт,Бутылка для воды,16,901.69,0.35
1977,Петрова М.В.,Омск,Одежда,Футболка,2,1278.85,0.36
1978,Смирнова Е.А.,Челябинск,Автотовары,Держатель для телефона,3,634.15,0.18
1979,Иванов А.С.,Ростов-на-Дону,Дом и сад,Увлажнитель воздуха,10,4455.65,0.3
1980,Смирнова Е.А.,Челябинск,Косметика,Крем для лица,18,1635.88,0.36
1981,Сидоров К.Д.,Казань,Одежда,Джинсы,3,4186.46,0.33
1982,Сидоров К.Д.,Нижний Новгород,Одежда,Кроссовки,4,6678.24,0.36
1983,Петрова М.В.,Самара,Автотовары,Органайзер,18,1934.22,0.23
1984,Сидоров К.Д.,Нижний Новгород,Продукты,Сыр,20,1549.67,0.5
1985,Петрова М.В.,Омск,Спорт,Мяч,15,820.07,0.33
1986,Смирнова Е.А.,Москва,Одежда,Джинсы,2,4603.22,0.37
1987,Иванов А.С.,Новосибирск,Книги,Бизнес,5,963.48,0.41
1988,Кузнецов П.Р.,Москва,Автотовары,Ароматизатор,16,359.02,0.25
1989,Сидоров К.Д.,Челябинск,Книги,Художественная литература,3,762.49,0.38
1990,Иванов А.С.,Омск,Электроника,Беспроводные наушники,15,8207.94,0.22
1991,Сидоров К.Д.,Москва,Спорт,Гантели,13,3783.62,0.34
1992,Сидоров К.Д.,Ростов-на-Дону,Спорт,Коврик для йоги,1,2724.92,0.28
1993,Иванов А.С.,Омск,Дом и сад,Набор посуды,16,7434.04,0.31
1994,Кузнецов П.Р.,Ростов-на-Дону,Косметика,Парфюм,13,4979.72,0.36
1995,Смирнова Е.А.,Новосибирск,Автотовары,Ароматизатор,12,426.94,0.27
1996,Сидоров К.Д.,Ростов-на-Дону,Спорт,Гантели,3,3798.11,0.27
1997,Смирнова Е.А.,Омск,Электроника,Ноутбук,8,92379.18,0.15
1998,Сидоров К.Д.,Казань,Спорт,Мяч,8,847.08,0.27
1999,Кузнецов П.Р.,Москва,Электроника,Ноутбук,2,95614.91,0.16
2000,Петрова М.В.,Ростов-на-Дону,Косметика,Крем для лица,14,1372.51,0.33
2001,Иванов А.С.,Екатеринбург,Электроника,Умная колонка,16,11422.75,0.22
2002,Петрова М.В.,Челябинск,Электроника,Умная колонка,18,11614.11,0.21
2003,Смирнова Е.А.,Новосибирск,Автотовары,Ароматизатор,7,369.92,0.22
2004,Петрова М.В.,Казань,Автотовары,Ароматизатор,15,455.05,0.23
2005,Кузнецов П.Р.,Новосибирск,Книги,Детектив,1,706.36,0.39
2006,Смирнова Е.А.,Ростов-на-Дону,Спорт,Мяч,11,874.06,0.34
2007,Сидоров К.Д.,Казань,Косметика,Парфюм,5,5014.61,0.31
2008,Сидоров К.Д.,Екатеринбург,Книги,Детектив,5,705.36,0.41
2009,Иванов А.С.,Омск,Автотовары,Видеорегистратор,10,5994.27,0.25
2010,Сидоров К.Д.,Санкт-Петербург,Спорт,Мяч,19,886.95,0.34
2011,Кузнецов П.Р.,Новосибирск,Косметика,Шампунь,11,669.35,0.35
2012,Смирнова Е.А.,Ростов-на-Дону,Спорт,Бутылка для воды,18,937.64,0.35
2013,Иванов А.С.,Ростов-на-Дону,Косметика,Парфюм,2,4764.04,0.29
2014,Смирнова Е.А.,Новосибирск,Дом и сад,Набор посуды,5,7736.69,0.26
2015,Кузнецов П.Р.,Казань,Спорт,Коврик для йоги,9,2271.27,0.32
2016,Смирнова Е.А.,Нижний Новгород,Автотовары,Щетка для снега,13,1300.67,0.23
2017,Иванов А.С.,Санкт-Петербург,Одежда,Куртка,11,10275.0,0.4
2018,Иванов А.С.,Челябинск,Одежда,Джинсы,8,5146.8,0.36
2019,Смирнова Е.А.,Москва,Спорт,Фитнес-браслет,6,4280.66,0.31
2020,Смирнова Е.А.,Нижний Новгород,Электроника,Смартфон,1,41478.89,0.13
2021,Иванов А.С.,Екатеринбург,Дом и сад,Садовый шланг,6,2080.06,0.26
2022,Кузнецов П.Р.,Омск,Одежда,Джинсы,1,4976.19,0.35
2023,Кузнецов П.Р.,Самара,Одежда,Кроссовки,17,5688.26,0.41
2024,Петрова М.В.,Москва,Косметика,Шампунь,8,526.15,0.3
2025,Смирнова Е.А.,Москва,Одежда,Джинсы,7,4101.01,0.36
2026,Сидоров К.Д.,Казань,Одежда,Платье,18,5011.02,0.4
2027,Смирнова Е.А.,Новосибирск,Продукты,Шоколад,2,130.65,0.43
2028,Смирнова Е.А.,Самара,Дом и сад,Увлажнитель воздуха,20,4372.95,0.34
2029,Сидоров К.Д.,Москва,Спорт,Фитнес-браслет,12,4505.24,0.35
2030,Сидоров К.Д.,Ростов-на-Дону,Продукты,Кофе зерновой,1,1356.89,0.43
2031,Сидоров К.Д.,Санкт-Петербург,Спорт,Гантели,8,3390.4,0.29
2032,Сидоров К.Д.,Екатеринбург,Автотовары,Видеорегистратор,3,7082.8,0.19
2033,Петрова М.В.,Самара,Дом и сад,Робот-пылесос,3,28133.47,0.25
2034,Петрова М.В.,Казань,Автотовары,Видеорегистратор,18,7706.69,0.26
2035,Кузнецов П.Р.,Новосибирск,Продукты,Оливковое масло,9,1990.58,0.44
2036,Петрова М.В.,Новосибирск,Косметика,Маска для волос,9,879.35,0.3
2037,Кузнецов П.Р.,Челябинск,Электроника,Ноутбук,2,96816.53,0.16
2038,Смирнова Е.А.,Ростов-на-Дону,Косметика,Парфюм,8,4970.7,0.31
2039,Петрова М.В.,Екатеринбург,Продукты,Кофе зерновой,12,1083.38,0.5
2040,Сидоров К.Д.,Санкт-Петербург,Продукты,Сыр,9,1764.87,0.42
2041,Кузнецов П.Р.,Челябинск,Продукты,Оливковое масло,9,1839.86,0.42
2042,Смирнова Е.А.,Екатеринбург,Дом и сад,Набор посуды,18,6110.43,0.28
2043,Иванов А.С.,Нижний Новгород,Дом и сад,Садовый шланг,16,1816.54,0.27
2044,Смирнова Е.А.,Екатеринбург,Электроника,Беспроводные наушники,9,9164.08,0.15
2045,Кузнецов П.Р.,Ростов-на-Дону,Продукты,Шоколад,2,130.42,0.43
2046,Петрова М.В.,Санкт-Петербург,Одежда,Футболка,7,1370.78,0.33
2047,Сидоров К.Д.,Екатеринбург,Дом и сад,Робот-пылесос,7,28641.55,0.22
2048,Смирнова Е.А.,Челябинск,Автотовары,Видеорегистратор,13,7799.22,0.26
2049,Иванов А.С.,Санкт-Петербург,Автотовары,Держатель для телефона,14,698.31,0.24
2050,Сидоров К.Д.,Самара,Косметика,Парфюм,18,4960.39,0.34
2051,Кузнецов П.Р.,Самара,Книги,Детектив,2,634.43,0.42
2052,Кузнецов П.Р.,Новосибирск,Автотовары,Видеорегистратор,2,6728.94,0.21
2053,Смирнова Е.А.,Новосибирск,Электроника,Умная колонка,1,12040.77,0.16
2054,Петрова М.В.,Санкт-Петербург,Продукты,Кофе зерновой,17,1168.14,0.5
2055,Смирнова Е.А.,Казань,Одежда,Джинсы,16,4173.36,0.41
2056,Иванов А.С.,Казань,Дом и сад,Увлажнитель воздуха,18,4557.64,0.27
2057,Сидоров К.Д.,Екатеринбург,Электроника,Умная колонка,1,11509.97,0.13
2058,Иванов А.С.,Екатеринбург,Дом и сад,Набор посуды,6,7777.3,0.26
2059,Сидоров К.Д.,Новосибирск,Спорт,Коврик для йоги,6,2738.2,0.3
2060,Кузнецов П.Р.,Нижний Новгород,Спорт,Коврик для йоги,3,2497.02,0.31
2061,Смирнова Е.А.,Санкт-Петербург,Спорт,Коврик для йоги,15,2659.5,0.34
2062,Петрова М.В.,Казань,Электроника,Умные часы,10,24743.56,0.2
2063,Сидоров К.Д.,Самара,Одежда,Футболка,11,1471.22,0.4
2064,Иванов А.С.,Екатеринбург,Автотовары,Ароматизатор,4,426.58,0.2
2065,Смирнова Е.А.,Ростов-на-Дону,Продукты,Оливковое масло,11,1998.4,0.5
2066,Иванов А.С.,Омск,Косметика,Маска для волос,1,846.55,0.28
2067,Иванов А.С.,Челябинск,Косметика,Маска для волос,7,945.89,0.32
2068,Иванов А.С.,Санкт-Петербург,Спорт,Фитнес-браслет,13,4599.35,0.34
2069,Кузнецов П.Р.,Челябинск,Дом и сад,Чайник,8,3290.39,0.23
2070,Смирнова Е.А.,Омск,Спорт,Мяч,12,818.18,0.36
2071,Иванов А.С.,Санкт-Петербург,Продукты,Кофе зерновой,10,1292.11,0.5
2072,Кузнецов П.Р.,Ростов-на-Дону,Электроника,Ноутбук,6,72352.64,0.14
2073,Сидоров К.Д.,Санкт-Петербург,Электроника,Беспроводные наушники,10,8519.99,0.19
2074,Кузнецов П.Р.,Ростов-на-Дону,Книги,Бизнес,7,900.28,0.4
2075,Кузнецов П.Р.,Москва,Спорт,Бутылка для воды,8,858.16,0.3
2076,Смирнова Е.А.,Самара,Электроника,Ноутбук,9,85776.81,0.15
2077,Кузнецов П.Р.,Нижний Новгород,Спорт,Бутылка для воды,10,831.1,0.36
2078,Кузнецов П.Р.,Новосибирск,Дом и сад,Набор посуды,8,7393.84,0.22
2079,Петрова М.В.,Нижний Новгород,Продукты,Оливковое масло,18,1718.6,0.5
2080,Сидоров К.Д.,Екатеринбург,Косметика,Шампунь,17,672.39,0.34
2081,Петрова М.В.,Москва,Автотовары,Ароматизатор,6,400.05,0.2
2082,Петрова М.В.,Санкт-Петербург,Одежда,Платье,19,6199.99,0.38
2083,Смирнова Е.А.,Казань,Электроника,Смартфон,8,44423.55,0.17
2084,Кузнецов П.Р.,Казань,Автотовары,Щетка для снега,1,1025.63,0.21
2085,Сидоров К.Д.,Ростов-на-Дону,Автотовары,Органайзер,19,1593.89,0.23
2086,Смирнова Е.А.,Челябинск,Электроника,Умная колонка,4,11765.85,0.13
2087,Сидоров К.Д.,Ростов-на-Дону,Одежда,Джинсы,15,3949.31,0.41
2088,Кузнецов П.Р.,Екатеринбург,Косметика,Гель для душа,16,423.68,0.35
2089,Смирнова Е.А.,Москва,Электроника,Умные часы,16,22524.08,0.19
2090,Кузнецов П.Р.,Москва,Косметика,Маска для волос,2,848.52,0.31
2091,Сидоров К.Д.,Москва,Книги,Бизнес,20,904.6,0.5
2092,Сидоров К.Д.,Челябинск,Косметика,Шампунь,4,594.54,0.29
2093,Смирнова Е.А.,Ростов-на-Дону,Продукты,Шоколад,3,132.93,0.44
2094,Смирнова Е.А.,Челябинск,Дом и сад,Садовый шланг,20,2058.18,0.33
2095,Кузнецов П.Р.,Нижний Новгород,Продукты,Сыр,9,1680.42,0.44
2096,Иванов А.С.,Челябинск,Книги,Фантастика,12,852.52,0.44
2097,Петрова М.В.,Нижний Новгород,Продукты,Сыр,19,1594.35,0.47
2098,Кузнецов П.Р.,Санкт-Петербург,Спорт,Бутылка для воды,19,924.12,0.34
2099,Иванов А.С.,Санкт-Петербург,Книги,Фантастика,6,648.15,0.42
2100,Петрова М.В.,Челябинск,Книги,Комикс,17,487.37,0.46
2101,Смирнова Е.А.,Омск,Продукты,Гречка,17,101.78,0.5
2102,Сидоров К.Д.,Омск,Косметика,Шампунь,4,645.24,0.29
2103,Сидоров К.Д.,Санкт-Петербург,Дом и сад,Чайник,12,2992.34,0.3
2104,Иванов А.С.,Ростов-на-Дону,Дом и сад,Робот-пылесос,20,28170.21,0.33
2105,Иванов А.С.,Казань,Косметика,Шампунь,15,517.19,0.34
2106,Смирнова Е.А.,Екатеринбург,Косметика,Гель для душа,10,426.68,0.34
2107,Петрова М.В.,Самара,Спорт,Мяч,11,784.09,0.32
2108,Иванов А.С.,Нижний Новгород,Электроника,Смартфон,3,39175.1,0.17
2109,Сидоров К.Д.,Ростов-на-Дону,Спорт,Бутылка для воды,14,845.42,0.32
2110,Кузнецов П.Р.,Санкт-Петербург,Дом и сад,Садовый шланг,17,2261.58,0.28
2111,Кузнецов П.Р.,Омск,Косметика,Парфюм,17,4532.28,0.34
2112,Сидоров К.Д.,Омск,Одежда,Кроссовки,14,6032.95,0.41
2113,Смирнова Е.А.,Омск,Дом и сад,Увлажнитель воздуха,19,4572.7,0.32
2114,Сидоров К.Д.,Санкт-Петербург,Косметика,Гель для душа,1,455.99,0.3
2115,Иванов А.С.,Ростов-на-Дону,Косметика,Крем для лица,15,1356.22,0.34
2116,Смирнова Е.А.,Москва,Спорт,Бутылка для воды,18,966.66,0.35
2117,Кузнецов П.Р.,Нижний Новгород,Спорт,Фитнес-браслет,5,4040.8,0.31
2118,Петрова М.В.,Санкт-Петербург,Косметика,Шампунь,2,687.64,0.3
2119,Сидоров К.Д.,Новосибирск,Дом и сад,Робот-пылесос,17,26949.09,0.29
2120,Сидоров К.Д.,Казань,Электроника,Ноутбук,18,83419.81,0.2
2121,Иванов А.С.,Самара,Дом и сад,Робот-пылесос,20,28002.82,0.3
2122,Сидоров К.Д.,Москва,Книги,Художественная литература,10,668.9,0.43
2123,Петрова М.В.,Екатеринбург,Продукты,Сыр,10,1467.28,0.5
2124,Кузнецов П.Р.,Екатеринбург,Спорт,Фитнес-браслет,17,4597.81,0.34
2125,Смирнова Е.А.,Казань,Одежда,Джинсы,19,5051.19,0.4
2126,Сидоров К.Д.,Нижний Новгород,Косметика,Гель для душа,1,434.27,0.3
2127,Сидоров К.Д.,Казань,Книги,Бизнес,17,832.64,0.46
2128,Смирнова Е.А.,Челябинск,Автотовары,Органайзер,10,1591.72,0.26
2129,Кузнецов П.Р.,Екатеринбург,Дом и сад,Чайник,5,3180.59,0.24
2130,Смирнова Е.А.,Санкт-Петербург,Спорт,Фитнес-браслет,4,4104.86,0.31
2131,Сидоров К.Д.,Ростов-на-Дону,Спорт,Мяч,6,766.89,0.3
2132,Сидоров К.Д.,Санкт-Петербург,Спорт,Фитнес-браслет,19,3543.81,0.36
2133,Смирнова Е.А.,Челябинск,Автотовары,Ароматизатор,16,410.81,0.25
2134,Кузнецов П.Р.,Екатеринбург,Книги,Детектив,15,565.67,0.45
2135,Иванов А.С.,Челябинск,Одежда,Кроссовки,12,6153.99,0.4
2136,Петрова М.В.,Челябинск,Электроника,Умные часы,6,24153.97,0.16
2137,Сидоров К.Д.,Ростов-на-Дону,Дом и сад,Увлажнитель воздуха,20,5328.76,0.35
2138,Смирнова Е.А.,Самара,Спорт,Бутылка для воды,15,859.91,0.32
2139,Сидоров К.Д.,Екатеринбург,Электроника,Умные часы,3,22071.63,0.16
2140,Петрова М.В.,Казань,Продукты,Сыр,7,1484.31,0.46
2141,Сидоров К.Д.,Ростов-на-Дону,Одежда,Платье,9,6219.64,0.37
2142,Иванов А.С.,Новосибирск,Косметика,Крем для лица,9,1409.47,0.3
2143,Смирнова Е.А.,Челябинск,Косметика,Шампунь,8,657.44,0.28
2144,Смирнова Е.А.,Санкт-Петербург,Продукты,Кофе зерновой,6,1267.36,0.44
2145,Кузнецов П.Р.,Омск,Спорт,Бутылка для воды,6,898.63,0.31
2146,Смирнова Е.А.,Екатеринбург,Косметика,Крем для лица,9,1387.45,0.3
2147,Петрова М.В.,Омск,Дом и сад,Набор посуды,13,6962.08,0.3
2148,Кузнецов П.Р.,Санкт-Петербург,Продукты,Кофе зерновой,20,1239.49,0.5
2149,Петрова М.В.,Омск,Автотовары,Органайзер,3,1939.91,0.21
2150,Кузнецов П.Р.,Санкт-Петербург,Спорт,Коврик для йоги,15,2769.57,0.36
2151,Смирнова Е.А.,Санкт-Петербург,Дом и сад,Чайник,5,2902.92,0.23
2152,Смирнова Е.А.,Казань,Дом и сад,Чайник,17,3140.26,0.28
2153,Кузнецов П.Р.,Челябинск,Автотовары,Щетка для снега,17,1188.56,0.25
2154,Петрова М.В.,Нижний Новгород,Автотовары,Щетка для снега,15,1031.93,0.26
2155,Кузнецов П.Р.,Челябинск,Автотовары,Щетка для снега,8,1251.91,0.21
2156,Смирнова Е.А.,Челябинск,Косметика,Маска для волос,6,1002.04,0.31
2157,Кузнецов П.Р.,Омск,Одежда,Футболка,11,1534.74,0.39
2158,Сидоров К.Д.,Омск,Спорт,Коврик для йоги,14,2237.76,0.34
2159,Иванов А.С.,Новосибирск,Автотовары,Ароматизатор,20,422.51,0.27
2160,Петрова М.В.,Екатеринбург,Спорт,Коврик для йоги,10,2701.31,0.35
2161,Петрова М.В.,Казань,Дом и сад,Увлажнитель воздуха,17,4572.14,0.32
2162,Смирнова Е.А.,Москва,Книги,Бизнес,6,873.16,0.41
2163,Петрова М.В.,Санкт-Петербург,Спорт,Коврик для йоги,4,2226.43,0.28
2164,Кузнецов П.Р.,Санкт-Петербург,Автотовары,Щетка для снега,3,1238.99,0.17
2165,Кузнецов П.Р.,Москва,Спорт,Мяч,12,762.58,0.33
2166,Сидоров К.Д.,Москва,Одежда,Платье,12,5327.23,0.41
2167,Сидоров К.Д.,Екатеринбург,Продукты,Шоколад,4,163.92,0.47
2168,Смирнова Е.А.,Москва,Книги,Художественная литература,15,678.76,0.46
2169,Смирнова Е.А.,Ростов-на-Дону,Продукты,Шоколад,11,151.6,0.5
2170,Смирнова Е.А.,Челябинск,Одежда,Платье,6,4907.15,0.32
2171,Иванов А.С.,Казань,Спорт,Гантели,19,3512.1,0.35
2172,Кузнецов П.Р.,Нижний Новгород,Автотовары,Щетка для снега,15,1275.84,0.24
2173,Кузнецов П.Р.,Москва,Спорт,Бутылка для воды,15,1003.65,0.34
2174,Смирнова Е.А.,Ростов-на-Дону,Электроника,Умная колонка,4,13236.21,0.15
2175,Петрова М.В.,Екатеринбург,Автотовары,Ароматизатор,4,386.61,0.17
2176,Смирнова Е.А.,Новосибирск,Дом и сад,Набор посуды,10,6177.98,0.31
2177,Кузнецов П.Р.,Москва,Автотовары,Щетка для снега,1,1352.45,0.18
2178,Кузнецов П.Р.,Екатеринбург,Автотовары,Держатель для телефона,10,613.37,0.22
2179,Петрова М.В.,Новосибирск,Автотовары,Органайзер,20,1844.82,0.27
2180,Иванов А.С.,Новосибирск,Одежда,Кроссовки,19,7081.43,0.42
2181,Иванов А.С.,Санкт-Петербург,Спорт,Мяч,20,800.61,0.38
2182,Сидоров К.Д.,Санкт-Петербург,Продукты,Оливковое масло,6,2037.79,0.43
2183,Сидоров К.Д.,Нижний Новгород,Косметика,Шампунь,16,604.33,0.32
2184,Петрова М.В.,Омск,Дом и сад,Набор посуды,8,7149.84,0.26
2185,Сидоров К.Д.,Екатеринбург,Одежда,Куртка,10,7653.56,0.38
2186,Смирнова Е.А.,Санкт-Петербург,Спорт,Гантели,5,3780.03,0.29
2187,Сидоров К.Д.,Казань,Дом и сад,Увлажнитель воздуха,14,4366.81,0.3
2188,Петрова М.В.,Санкт-Петербург,Одежда,Кроссовки,13,5899.35,0.41
2189,Кузнецов П.Р.,Нижний Новгород,Продукты,Кофе зерновой,18,1335.07,0.49
2190,Петрова М.В.,Казань,Спорт,Мяч,1,805.24,0.32
2191,Кузнецов П.Р.,Нижний Новгород,Книги,Комикс,20,556.75,0.46
2192,Иванов А.С.,Нижний Новгород,Продукты,Шоколад,6,157.87,0.42
2193,Смирнова Е.А.,Екатеринбург,Спорт,Бутылка для воды,15,772.1,0.37
2194,Сидоров К.Д.,Омск,Продукты,Гречка,12,86.09,0.47
2195,Петрова М.В.,Москва,Косметика,Шампунь,11,648.73,0.34
2196,Сидоров К.Д.,Казань,Электроника,Ноутбук,5,85621.57,0.15
2197,Смирнова Е.А.,Санкт-Петербург,Одежда,Платье,14,6158.95,0.4
2198,Петрова М.В.,Казань,Книги,Детектив,12,650.77,0.45
2199,Петрова М.В.,Ростов-на-Дону,Продукты,Оливковое масло,16,1893.89,0.47
2200,Смирнова Е.А.,Новосибирск,Книги,Бизнес,15,919.97,0.43
2201,Сидоров К.Д.,Казань,Одежда,Кроссовки,15,6344.45,0.41
2202,Сидоров К.Д.,Омск,Книги,Детектив,20,707.05,0.47
2203,Петрова М.В.,Челябинск,Продукты,Кофе зерновой,7,1226.87,0.46
2204,Сидоров К.Д.,Новосибирск,Спорт,Фитнес-браслет,12,3786.83,0.35
2205,Смирнова Е.А.,Санкт-Петербург,Спорт,Мяч,19,740.26,0.36
2206,Иванов А.С.,Новосибирск,Электроника,Умные часы,2,20032.81,0.15
2207,Смирнова Е.А.,Омск,Дом и сад,Садовый шланг,17,2237.5,0.27
2208,Иванов А.С.,Нижний Новгород,Спорт,Мяч,12,810.31,0.34
2209,Иванов А.С.,Москва,Продукты,Сыр,17,1623.06,0.49
2210,Смирнова Е.А.,Новосибирск,Продукты,Оливковое масло,17,1942.78,0.5
2211,Кузнецов П.Р.,Челябинск,Продукты,Кофе зерновой,7,1054.81,0.46
2212,Кузнецов П.Р.,Челябинск,Спорт,Гантели,3,3490.7,0.31
2213,Петрова М.В.,Омск,Автотовары,Щетка для снега,15,1362.12,0.22
2214,Сидоров К.Д.,Санкт-Петербург,Спорт,Фитнес-браслет,20,4500.19,0.36
2215,Кузнецов П.Р.,Омск,Спорт,Мяч,7,865.77,0.32
2216,Иванов А.С.,Самара,Дом и сад,Садовый шланг,10,1929.78,0.31
2217,Сидоров К.Д.,Казань,Электроника,Смартфон,8,47022.17,0.15
2218,Петрова М.В.,Казань,Электроника,Умная колонка,9,12938.99,0.16
2219,Иванов А.С.,Москва,Дом и сад,Набор посуды,11,6307.22,0.32
2220,Иванов А.С.,Москва,Книги,Бизнес,7,1009.61,0.37
2221,Кузнецов П.Р.,Челябинск,Автотовары,Щетка для снега,3,1375.95,0.19
2222,Сидоров К.Д.,Челябинск,Автотовары,Ароматизатор,15,452.6,0.25
2223,Иванов А.С.,Омск,Спорт,Гантели,14,3527.84,0.35
2224,Сидоров К.Д.,Омск,Электроника,Беспроводные наушники,12,8206.69,0.21
2225,Петрова М.В.,Нижний Новгород,Автотовары,Держатель для телефона,5,790.68,0.17
2226,Сидоров К.Д.,Санкт-Петербург,Дом и сад,Чайник,5,2874.73,0.27
2227,Сидоров К.Д.,Санкт-Петербург,Косметика,Гель для душа,17,447.61,0.35
2228,Иванов А.С.,Нижний Новгород,Книги,Комикс,3,564.5,0.41
2229,Кузнецов П.Р.,Нижний Новгород,Одежда,Платье,20,5878.98,0.44
2230,Петрова М.В.,Казань,Одежда,Кроссовки,2,6537.23,0.33
2231,Кузнецов П.Р.,Москва,Продукты,Гречка,17,101.67,0.48
2232,Кузнецов П.Р.,Екатеринбург,Электроника,Беспроводные наушники,8,9125.63,0.13
2233,Петрова М.В.,Нижний Новгород,Косметика,Парфюм,18,4377.13,0.33
2234,Смирнова Е.А.,Екатеринбург,Косметика,Гель для душа,7,405.27,0.27
2235,Смирнова Е.А.,Казань,Автотовары,Видеорегистратор,10,7789.46,0.24
2236,Петрова М.В.,Санкт-Петербург,Спорт,Фитнес-браслет,15,3686.44,0.33
2237,Кузнецов П.Р.,Москва,Косметика,Гель для душа,7,342.32,0.27
2238,Иванов А.С.,Нижний Новгород,Косметика,Шампунь,16,686.34,0.34
2239,Сидоров К.Д.,Новосибирск,Косметика,Маска для волос,5,964.44,0.27
2240,Кузнецов П.Р.,Ростов-на-Дону,Электроника,Ноутбук,12,82688.25,0.17
2241,Петрова М.В.,Самара,Электроника,Умная колонка,9,11456.47,0.14
2242,Смирнова Е.А.,Екатеринбург,Косметика,Гель для душа,11,402.0,0.33
2243,Смирнова Е.А.,Екатеринбург,Продукты,Оливковое масло,8,1640.1,0.44
2244,Смирнова Е.А.,Омск,Электроника,Умные часы,12,23842.75,0.21
2245,Иванов А.С.,Ростов-на-Дону,Книги,Фантастика,10,716.12,0.45
2246,Петрова М.В.,Москва,Автотовары,Держатель для телефона,8,603.22,0.19
2247,Кузнецов П.Р.,Екатеринбург,Автотовары,Видеорегистратор,8,6694.59,0.18
2248,Смирнова Е.А.,Екатеринбург,Спорт,Бутылка для воды,18,882.92,0.32
2249,Смирнова Е.А.,Ростов-на-Дону,Косметика,Маска для волос,7,883.29,0.28
2250,Иванов А.С.,Екатеринбург,Продукты,Гречка,16,101.91,0.48
2251,Кузнецов П.Р.,Москва,Продукты,Сыр,5,1555.65,0.47
2252,Кузнецов П.Р.,Омск,Дом и сад,Увлажнитель воздуха,14,5142.98,0.31
2253,Смирнова Е.А.,Казань,Косметика,Парфюм,7,4385.9,0.31
2254,Петрова М.В.,Санкт-Петербург,Автотовары,Видеорегистратор,11,6064.71,0.24
2255,Петрова М.В.,Санкт-Петербург,Спорт,Фитнес-браслет,8,3843.2,0.32
2256,Петрова М.В.,Екатеринбург,Дом и сад,Увлажнитель воздуха,15,4282.71,0.3
2257,Иванов А.С.,Казань,Автотовары,Ароматизатор,7,384.91,0.18
2258,Сидоров К.Д.,Санкт-Петербург,Спорт,Мяч,7,845.44,0.3
2259,Петрова М.В.,Нижний Новгород,Косметика,Крем для лица,18,1288.72,0.33
2260,Кузнецов П.Р.,Новосибирск,Автотовары,Ароматизатор,6,430.21,0.21
2261,Кузнецов П.Р.,Нижний Новгород,Электроника,Умная колонка,10,13467.27,0.19
2262,Петрова М.В.,Омск,Автотовары,Видеорегистратор,1,7670.82,0.18
2263,Кузнецов П.Р.,Екатеринбург,Электроника,Смартфон,4,46017.5,0.15
2264,Смирнова Е.А.,Челябинск,Одежда,Кроссовки,9,6529.22,0.36
2265,Сидоров К.Д.,Ростов-на-Дону,Спорт,Мяч,20,898.3,0.36
2266,Кузнецов П.Р.,Омск,Автотовары,Органайзер,18,1693.35,0.25
2267,Петрова М.В.,Нижний Новгород,Электроника,Умные часы,1,25106.81,0.13
2268,Смирнова Е.А.,Санкт-Петербург,Продукты,Гречка,17,77.98,0.5
2269,Смирнова Е.А.,Ростов-на-Дону,Дом и сад,Садовый шланг,16,2082.17,0.31
2270,Петрова М.В.,Омск,Спорт,Мяч,7,809.94,0.3
2271,Кузнецов П.Р.,Новосибирск,Спорт,Коврик для йоги,13,2299.58,0.34
2272,Кузнецов П.Р.,Омск,Одежда,Футболка,14,1364.92,0.41
2273,Смирнова Е.А.,Нижний Новгород,Одежда,Платье,8,5202.26,0.35
2274,Кузнецов П.Р.,Самара,Спорт,Мяч,9,894.69,0.29
2275,Петрова М.В.,Нижний Новгород,Дом и сад,Робот-пылесос,17,27518.88,0.29
2276,Сидоров К.Д.,Нижний Новгород,Одежда,Джинсы,20,4605.49,0.42
2277,Смирнова Е.А.,Омск,Продукты,Оливковое масло,9,1856.36,0.42
2278,Иванов А.С.,Казань,Спорт,Коврик для йоги,20,2151.78,0.38
2279,Сидоров К.Д.,Казань,Автотовары,Видеорегистратор,6,7585.67,0.17
2280,Петрова М.В.,Казань,Книги,Фантастика,14,742.49,0.45
2281,Кузнецов П.Р.,Новосибирск,Книги,Фантастика,7,808.61,0.37
2282,Иванов А.С.,Челябинск,Косметика,Гель для душа,4,429.05,0.3
2283,Петрова М.В.,Омск,Спорт,Мяч,2,869.58,0.28
2284,Кузнецов П.Р.,Самара,Одежда,Кроссовки,15,6556.92,0.41
2285,Петрова М.В.,Москва,Косметика,Парфюм,18,4949.62,0.36
2286,Сидоров К.Д.,Самара,Продукты,Кофе зерновой,20,1240.7,0.5
2287,Иванов А.С.,Омск,Электроника,Беспроводные наушники,3,8169.55,0.15
2288,Иванов А.С.,Ростов-на-Дону,Книги,Фантастика,17,819.46,0.42
2289,Иванов А.С.,Нижний Новгород,Книги,Бизнес,13,992.66,0.45
2290,Иванов А.С.,Москва,Одежда,Платье,1,5608.45,0.33
2291,Кузнецов П.Р.,Ростов-на-Дону,Продукты,Оливковое масло,12,1717.78,0.5
2292,Сидоров К.Д.,Ростов-на-Дону,Книги,Фантастика,11,849.32,0.47
2293,Иванов А.С.,Казань,Косметика,Парфюм,18,4433.47,0.32
2294,Сидоров К.Д.,Казань,Книги,Комикс,3,497.0,0.39
2295,Кузнецов П.Р.,Новосибирск,Книги,Комикс,14,498.35,0.46
2296,Сидоров К.Д.,Екатеринбург,Косметика,Парфюм,18,4789.87,0.33
2297,Петрова М.В.,Нижний Новгород,Дом и сад,Садовый шланг,7,1762.27,0.24
2298,Кузнецов П.Р.,Санкт-Петербург,Спорт,Мяч,8,822.68,0.32
2299,Сидоров К.Д.,Санкт-Петербург,Косметика,Шампунь,5,565.59,0.32
2300,Смирнова Е.А.,Екатеринбург,Косметика,Крем для лица,16,1282.22,0.35
2301,Смирнова Е.А.,Омск,Автотовары,Ароматизатор,12,369.5,0.23
2302,Петрова М.В.,Омск,Дом и сад,Чайник,6,3107.7,0.25
2303,Иванов А.С.,Екатеринбург,Электроника,Ноутбук,2,87243.34,0.15
2304,Сидоров К.Д.,Екатеринбург,Автотовары,Органайзер,14,1664.47,0.26
2305,Петрова М.В.,Казань,Книги,Художественная литература,13,676.56,0.44
2306,Смирнова Е.А.,Москва,Автотовары,Органайзер,19,1545.65,0.23
2307,Смирнова Е.А.,Самара,Книги,Фантастика,19,806.82,0.46
2308,Сидоров К.Д.,Нижний Новгород,Спорт,Коврик для йоги,14,2186.65,0.33
2309,Смирнова Е.А.,Москва,Дом и сад,Робот-пылесос,10,22608.11,0.31
2310,Сидоров К.Д.,Казань,Косметика,Гель для душа,19,345.1,0.34
2311,Иванов А.С.,Казань,Продукты,Шоколад,20,157.09,0.5
2312,Смирнова Е.А.,Омск,Дом и сад,Садовый шланг,13,1870.31,0.28
2313,Петрова М.В.,Самара,Продукты,Сыр,7,1502.4,0.44
2314,Сидоров К.Д.,Ростов-на-Дону,Одежда,Платье,20,6138.44,0.44
2315,Сидоров К.Д.,Челябинск,Электроника,Беспроводные наушники,10,8919.09,0.22
2316,Кузнецов П.Р.,Казань,Косметика,Гель для душа,14,386.3,0.37
2317,Сидоров К.Д.,Нижний Новгород,Книги,Художественная литература,6,757.97,0.41
2318,Иванов А.С.,Санкт-Петербург,Книги,Детектив,19,584.26,0.44
2319,Смирнова Е.А.,Екатеринбург,Автотовары,Щетка для снега,2,1111.43,0.2
2320,Иванов А.С.,Екатеринбург,Спорт,Мяч,12,847.85,0.36
2321,Иванов А.С.,Москва,Продукты,Сыр,6,1411.47,0.45
2322,Петрова М.В.,Челябинск,Спорт,Фитнес-браслет,15,3990.15,0.33
2323,Кузнецов П.Р.,Ростов-на-Дону,Продукты,Кофе зерновой,9,1367.56,0.47
2324,Иванов А.С.,Самара,Продукты,Сыр,14,1795.2,0.48
2325,Сидоров К.Д.,Новосибирск,Продукты,Шоколад,1,164.85,0.46
2326,Иванов А.С.,Москва,Спорт,Фитнес-браслет,18,4260.37,0.36
2327,Кузнецов П.Р.,Екатеринбург,Одежда,Футболка,5,1550.15,0.35
2328,Петрова М.В.,Ростов-на-Дону,Одежда,Куртка,13,8136.73,0.42
2329,Сидоров К.Д.,Казань,Косметика,Гель для душа,8,432.81,0.28
2330,Иванов А.С.,Омск,Автотовары,Щетка для снега,5,1032.6,0.2
2331,Смирнова Е.А.,Самара,Косметика,Крем для лица,16,1344.93,0.34
2332,Иванов А.С.,Челябинск,Электроника,Ноутбук,11,77699.68,0.19
2333,Кузнецов П.Р.,Москва,Спорт,Фитнес-браслет,5,4244.92,0.27
2334,Кузнецов П.Р.,Москва,Одежда,Куртка,2,8198.88,0.33
2335,Кузнецов П.Р.,Новосибирск,Одежда,Кроссовки,7,7119.02,0.36
2336,Смирнова Е.А.,Ростов-на-Дону,Книги,Комикс,18,477.28,0.47
2337,Кузнецов П.Р.,Новосибирск,Автотовары,Щетка для снега,1,1144.56,0.19
2338,Смирнова Е.А.,Ростов-на-Дону,Автотовары,Ароматизатор,13,359.66,0.23
2339,Сидоров К.Д.,Санкт-Петербург,Дом и сад,Садовый шланг,19,1744.14,0.28
2340,Сидоров К.Д.,Самара,Электроника,Умная колонка,10,13537.24,0.2
2341,Смирнова Е.А.,Ростов-на-Дону,Дом и сад,Увлажнитель воздуха,9,4822.81,0.26
2342,Иванов А.С.,Нижний Новгород,Книги,Детектив,9,687.95,0.41
2343,Кузнецов П.Р.,Челябинск,Одежда,Кроссовки,15,6967.87,0.4
2344,Иванов А.С.,Новосибирск,Одежда,Джинсы,12,4314.69,0.4
2345,Иванов А.С.,Нижний Новгород,Косметика,Крем для лица,11,1662.91,0.34
2346,Иванов А.С.,Санкт-Петербург,Автотовары,Ароматизатор,17,396.72,0.27
2347,Смирнова Е.А.,Москва,Одежда,Платье,18,4760.89,0.42
2348,Кузнецов П.Р.,Челябинск,Одежда,Куртка,2,9734.11,0.34
2349,Смирнова Е.А.,Казань,Автотовары,Держатель для телефона,4,671.19,0.19
2350,Кузнецов П.Р.,Санкт-Петербург,Продукты,Шоколад,5,136.31,0.45
2351,Смирнова Е.А.,Новосибирск,Продукты,Шоколад,14,150.76,0.49
2352,Смирнова Е.А.,Челябинск,Одежда,Футболка,12,1698.82,0.39
2353,Иванов А.С.,Самара,Продукты,Гречка,15,82.5,0.49
2354,Кузнецов П.Р.,Новосибирск,Автотовары,Щетка для снега,4,1191.69,0.2
2355,Кузнецов П.Р.,Москва,Одежда,Куртка,16,8287.66,0.38
2356,Кузнецов П.Р.,Ростов-на-Дону,Книги,Комикс,4,568.47,0.39
2357,Кузнецов П.Р.,Омск,Спорт,Бутылка для воды,5,878.38,0.29
2358,Петрова М.В.,Нижний Новгород,Продукты,Кофе зерновой,9,1318.58,0.43
2359,Иванов А.С.,Новосибирск,Продукты,Сыр,3,1586.26,0.45
2360,Кузнецов П.Р.,Челябинск,Одежда,Кроссовки,12,5915.7,0.4
2361,Кузнецов П.Р.,Нижний Новгород,Дом и сад,Садовый шланг,17,2188.18,0.31
2362,Кузнецов П.Р.,Нижний Новгород,Книги,Бизнес,16,783.79,0.44
2363,Петрова М.В.,Новосибирск,Книги,Детектив,20,689.29,0.45
2364,Петрова М.В.,Москва,Одежда,Куртка,10,7651.5,0.38
2365,Смирнова Е.А.,Нижний Новгород,Дом и сад,Набор посуды,4,7362.56,0.23
2366,Петрова М.В.,Самара,Книги,Детектив,6,659.85,0.41
2367,Петрова М.В.,Санкт-Петербург,Продукты,Оливковое масло,4,1773.34,0.45
2368,Кузнецов П.Р.,Казань,Электроника,Умная колонка,2,10565.41,0.16
2369,Иванов А.С.,Ростов-на-Дону,Дом и сад,Садовый шланг,18,1884.65,0.29
2370,Сидоров К.Д.,Новосибирск,Продукты,Шоколад,4,157.75,0.45
2371,Петрова М.В.,Екатеринбург,Спорт,Гантели,13,3953.88,0.32
2372,Кузнецов П.Р.,Москва,Продукты,Сыр,8,1427.48,0.45
2373,Сидоров К.Д.,Ростов-на-Дону,Электроника,Ноутбук,13,74626.31,0.18
2374,Сидоров К.Д.,Екатеринбург,Дом и сад,Чайник,4,3161.71,0.22
2375,Сидоров К.Д.,Москва,Косметика,Крем для лица,13,1386.23,0.36
2376,Кузнецов П.Р.,Омск,Спорт,Бутылка для воды,4,949.83,0.32
2377,Петрова М.В.,Челябинск,Спорт,Гантели,6,3830.51,0.3
2378,Кузнецов П.Р.,Москва,Электроника,Беспроводные наушники,6,9041.97,0.13
2379,Петрова М.В.,Нижний Новгород,Спорт,Бутылка для воды,3,930.89,0.31
2380,Смирнова Е.А.,Самара,Косметика,Шампунь,6,623.71,0.3
2381,Смирнова Е.А.,Челябинск,Книги,Художественная литература,10,788.26,0.42
2382,Иванов А.С.,Екатеринбург,Автотовары,Органайзер,2,1686.04,0.18
2383,Кузнецов П.Р.,Челябинск,Дом и сад,Увлажнитель воздуха,1,5131.03,0.23
2384,Иванов А.С.,Ростов-на-Дону,Одежда,Платье,15,5502.03,0.4
2385,Смирнова Е.А.,Челябинск,Автотовары,Щетка для снега,18,1275.65,0.26
2386,Смирнова Е.А.,Казань,Электроника,Умные часы,9,23545.11,0.15
2387,Петрова М.В.,Нижний Новгород,Продукты,Сыр,8,1827.22,0.46
2388,Кузнецов П.Р.,Челябинск,Косметика,Маска для волос,1,912.56,0.28
2389,Петрова М.В.,Нижний Новгород,Дом и сад,Чайник,5,2586.13,0.26
2390,Сидоров К.Д.,Санкт-Петербург,Спорт,Фитнес-браслет,20,3636.02,0.38
2391,Смирнова Е.А.,Нижний Новгород,Автотовары,Держатель для телефона,11,779.01,0.23
2392,Иванов А.С.,Челябинск,Дом и сад,Увлажнитель воздуха,11,4373.61,0.28
2393,Сидоров К.Д.,Санкт-Петербург,Косметика,Шампунь,7,683.48,0.31
2394,Сидоров К.Д.,Омск,Автотовары,Видеорегистратор,15,7116.57,0.25
2395,Иванов А.С.,Новосибирск,Автотовары,Видеорегистратор,13,6673.81,0.25
2396,Кузнецов П.Р.,Челябинск,Одежда,Футболка,11,1462.98,0.37
2397,Сидоров К.Д.,Ростов-на-Дону,Книги,Детектив,3,697.56,0.4
2398,Кузнецов П.Р.,Екатеринбург,Спорт,Бутылка для воды,12,814.4,0.35
2399,Сидоров К.Д.,Самара,Спорт,Коврик для йоги,19,2329.5,0.36
2400,Иванов А.С.,Новосибирск,Дом и сад,Чайник,8,3034.51,0.23
2401,Смирнова Е.А.,Казань,Книги,Бизнес,20,948.48,0.47
2402,Смирнова Е.А.,Екатеринбург,Спорт,Бутылка для воды,3,852.46,0.31
2403,Смирнова Е.А.,Челябинск,Косметика,Крем для лица,2,1404.98,0.28
2404,Петрова М.В.,Ростов-на-Дону,Спорт,Бутылка для воды,7,1006.66,0.27
2405,Петрова М.В.,Нижний Новгород,Косметика,Маска для волос,9,930.54,0.27
2406,Смирнова Е.А.,Москва,Автотовары,Ароматизатор,19,405.55,0.27
2407,Петрова М.В.,Санкт-Петербург,Дом и сад,Садовый шланг,14,1979.1,0.31
2408,Петрова М.В.,Москва,Автотовары,Щетка для снега,20,1328.7,0.28
2409,Кузнецов П.Р.,Ростов-на-Дону,Книги,Художественная литература,5,636.16,0.4
2410,Сидоров К.Д.,Челябинск,Продукты,Кофе зерновой,7,1125.67,0.44
2411,Смирнова Е.А.,Казань,Косметика,Гель для душа,20,395.9,0.35
2412,Иванов А.С.,Ростов-на-Дону,Электроника,Умная колонка,20,12984.31,0.21
2413,Сидоров К.Д.,Санкт-Петербург,Косметика,Шампунь,6,555.49,0.28
2414,Кузнецов П.Р.,Омск,Дом и сад,Робот-пылесос,9,23666.45,0.23
2415,Сидоров К.Д.,Казань,Книги,Художественная литература,9,664.05,0.38
2416,Смирнова Е.А.,Ростов-на-Дону,Автотовары,Ароматизатор,8,397.44,0.18
2417,Иванов А.С.,Новосибирск,Автотовары,Щетка для снега,6,1200.95,0.19
2418,Сидоров К.Д.,Нижний Новгород,Электроника,Умная колонка,13,10279.68,0.17
2419,Смирнова Е.А.,Ростов-на-Дону,Одежда,Кроссовки,1,6147.8,0.34
2420,Смирнова Е.А.,Москва,Одежда,Платье,8,5654.56,0.32
2421,Петрова М.В.,Челябинск,Одежда,Футболка,16,1319.85,0.39
2422,Петрова М.В.,Челябинск,Книги,Художественная литература,3,743.23,0.37
2423,Иванов А.С.,Нижний Новгород,Автотовары,Видеорегистратор,1,7032.04,0.21
2424,Смирнова Е.А.,Москва,Косметика,Маска для волос,11,953.66,0.36
2425,Кузнецов П.Р.,Новосибирск,Одежда,Кроссовки,5,6254.96,0.32
2426,Смирнова Е.А.,Нижний Новгород,Электроника,Ноутбук,1,88671.95,0.16
2427,Смирнова Е.А.,Москва,Косметика,Парфюм,4,5170.63,0.31
2428,Иванов А.С.,Омск,Продукты,Сыр,10,1626.74,0.48
2429,Иванов А.С.,Омск,Книги,Комикс,15,538.63,0.47
2430,Кузнецов П.Р.,Омск,Косметика,Шампунь,3,580.35,0.27
2431,Смирнова Е.А.,Самара,Спорт,Коврик для йоги,12,2747.47,0.35
2432,Иванов А.С.,Омск,Продукты,Оливковое масло,19,1807.54,0.49
2433,Иванов А.С.,Санкт-Петербург,Электроника,Ноутбук,8,81573.88,0.15
2434,Петрова М.В.,Новосибирск,Спорт,Коврик для йоги,20,2636.98,0.36
2435,Кузнецов П.Р.,Ростов-на-Дону,Косметика,Шампунь,17,521.16,0.35
2436,Сидоров К.Д.,Самара,Книги,Детектив,14,661.08,0.47
2437,Петрова М.В.,Новосибирск,Дом и сад,Увлажнитель воздуха,16,4564.14,0.28
2438,Сидоров К.Д.,Казань,Электроника,Умная колонка,16,12534.33,0.18
2439,Сидоров К.Д.,Омск,Электроника,Ноутбук,19,85717.57,0.2
2440,Кузнецов П.Р.,Москва,Электроника,Смартфон,2,50680.32,0.14
2441,Смирнова Е.А.,Екатеринбург,Спорт,Мяч,1,800.77,0.28
2442,Сидоров К.Д.,Нижний Новгород,Электроника,Умная колонка,12,11208.96,0.2
2443,Сидоров К.Д.,Москва,Одежда,Платье,10,5907.13,0.39
2444,Сидоров К.Д.,Самара,Дом и сад,Чайник,11,3057.91,0.29
2445,Смирнова Е.А.,Нижний Новгород,Продукты,Сыр,18,1571.86,0.48
2446,Петрова М.В.,Челябинск,Дом и сад,Садовый шланг,14,1787.39,0.27
2447,Кузнецов П.Р.,Самара,Продукты,Сыр,19,1472.25,0.47
2448,Смирнова Е.А.,Санкт-Петербург,Автотовары,Органайзер,12,1651.22,0.26
2449,Иванов А.С.,Екатеринбург,Электроника,Смартфон,2,50838.08,0.13
2450,Смирнова Е.А.,Нижний Новгород,Дом и сад,Чайник,10,3293.38,0.32
2451,Смирнова Е.А.,Омск,Одежда,Кроссовки,14,5627.93,0.39
2452,Сидоров К.Д.,Омск,Дом и сад,Набор посуды,8,7097.25,0.24
2453,Иванов А.С.,Санкт-Петербург,Автотовары,Ароматизатор,16,426.1,0.22
2454,Кузнецов П.Р.,Казань,Дом и сад,Увлажнитель воздуха,8,5508.32,0.24
2455,Иванов А.С.,Омск,Книги,Фантастика,4,713.58,0.41
2456,Петрова М.В.,Екатеринбург,Продукты,Оливковое масло,20,1760.71,0.5
2457,Смирнова Е.А.,Омск,Автотовары,Держатель для телефона,13,601.06,0.22
2458,Иванов А.С.,Санкт-Петербург,Электроника,Смартфон,2,46886.59,0.15
2459,Сидоров К.Д.,Нижний Новгород,Косметика,Гель для душа,19,435.71,0.34
2460,Иванов А.С.,Омск,Косметика,Шампунь,8,609.17,0.28
2461,Смирнова Е.А.,Нижний Новгород,Электроника,Ноутбук,2,97433.69,0.13
2462,Смирнова Е.А.,Санкт-Петербург,Дом и сад,Увлажнитель воздуха,14,4250.46,0.27
2463,Кузнецов П.Р.,Екатеринбург,Косметика,Шампунь,10,588.37,0.35
2464,Смирнова Е.А.,Казань,Книги,Бизнес,8,898.18,0.39
2465,Иванов А.С.,Казань,Продукты,Шоколад,5,147.39,0.45
2466,Сидоров К.Д.,Нижний Новгород,Одежда,Куртка,7,7916.63,0.33
2467,Смирнова Е.А.,Новосибирск,Автотовары,Ароматизатор,19,422.13,0.22
2468,Смирнова Е.А.,Москва,Книги,Фантастика,8,780.08,0.39
2469,Кузнецов П.Р.,Нижний Новгород,Одежда,Куртка,2,9037.41,0.33
2470,Иванов А.С.,Санкт-Петербург,Продукты,Сыр,1,1383.61,0.44
2471,Петрова М.В.,Самара,Одежда,Футболка,20,1438.18,0.43
2472,Петрова М.В.,Самара,Продукты,Гречка,5,98.35,0.43
2473,Иванов А.С.,Москва,Дом и сад,Робот-пылесос,20,22418.95,0.31
2474,Петрова М.В.,Москва,Электроника,Умная колонка,20,10784.21,0.22
2475,Кузнецов П.Р.,Омск,Электроника,Беспроводные наушники,8,8350.24,0.16
2476,Иванов А.С.,Екатеринбург,Автотовары,Видеорегистратор,3,7584.92,0.19
2477,Сидоров К.Д.,Москва,Продукты,Оливковое масло,11,2026.11,0.48
2478,Кузнецов П.Р.,Ростов-на-Дону,Спорт,Коврик для йоги,8,2149.89,0.28
2479,Сидоров К.Д.,Москва,Книги,Художественная литература,9,687.36,0.38
2480,Петрова М.В.,Челябинск,Одежда,Куртка,16,9716.01,0.4
2481,Петрова М.В.,Санкт-Петербург,Книги,Бизнес,8,992.25,0.39
2482,Кузнецов П.Р.,Санкт-Петербург,Спорт,Фитнес-браслет,18,3620.61,0.37
2483,Иванов А.С.,Нижний Новгород,Продукты,Сыр,20,1449.34,0.5
2484,Смирнова Е.А.,Самара,Дом и сад,Робот-пылесос,14,27460.94,0.29
2485,Кузнецов П.Р.,Москва,Спорт,Мяч,16,767.84,0.36
2486,Смирнова Е.А.,Санкт-Петербург,Дом и сад,Увлажнитель воздуха,4,5009.01,0.27
2487,Кузнецов П.Р.,Нижний Новгород,Спорт,Бутылка для воды,9,847.39,0.27
2488,Сидоров К.Д.,Новосибирск,Косметика,Маска для волос,18,846.94,0.32
2489,Кузнецов П.Р.,Омск,Дом и сад,Робот-пылесос,6,21359.71,0.23
2490,Петрова М.В.,Ростов-на-Дону,Продукты,Гречка,13,100.06,0.5
2491,Сидоров К.Д.,Екатеринбург,Спорт,Бутылка для воды,12,918.64,0.36
2492,Смирнова Е.А.,Москва,Продукты,Гречка,2,98.86,0.44
2493,Сидоров К.Д.,Москва,Спорт,Бутылка для воды,4,952.62,0.28
2494,Кузнецов П.Р.,Омск,Продукты,Шоколад,18,129.51,0.48
2495,Петрова М.В.,Нижний Новгород,Электроника,Умные часы,5,22413.6,0.14
2496,Петрова М.В.,Новосибирск,Электроника,Умные часы,6,24812.14,0.13
2497,Иванов А.С.,Ростов-на-Дону,Дом и сад,Робот-пылесос,10,21584.95,0.31
2498,Кузнецов П.Р.,Самара,Книги,Комикс,7,462.59,0.37
2499,Иванов А.С.,Самара,Продукты,Гречка,19,94.91,0.5
2500,Кузнецов П.Р.,Санкт-Петербург,Электроника,Ноутбук,19,91108.55,0.2
2501,Петрова М.В.,Самара,Электроника,Ноутбук,13,81470.55,0.2
2502,Смирнова Е.А.,Казань,Одежда,Куртка,7,9261.8,0.36
2503,Смирнова Е.А.,Челябинск,Спорт,Фитнес-браслет,4,4215.46,0.27
2504,Кузнецов П.Р.,Казань,Одежда,Куртка,13,8975.82,0.41
2505,Кузнецов П.Р.,Екатеринбург,Продукты,Кофе зерновой,8,1046.64,0.42
2506,Иванов А.С.,Челябинск,Дом и сад,Увлажнитель воздуха,7,4603.85,0.24
2507,Петрова М.В.,Омск,Продукты,Кофе зерновой,17,1055.13,0.5
2508,Иванов А.С.,Челябинск,Дом и сад,Робот-пылесос,4,25638.25,0.27
2509,Кузнецов П.Р.,Омск,Косметика,Крем для лица,1,1585.73,0.32
2510,Иванов А.С.,Москва,Дом и сад,Робот-пылесос,1,25180.84,0.22
2511,Петрова М.В.,Самара,Автотовары,Щетка для снега,9,1209.85,0.19
2512,Иванов А.С.,Ростов-на-Дону,Автотовары,Видеорегистратор,20,7446.47,0.28
2513,Иванов А.С.,Казань,Продукты,Сыр,3,1623.63,0.46
2514,Сидоров К.Д.,Новосибирск,Косметика,Гель для душа,16,397.5,0.36
2515,Смирнова Е.А.,Ростов-на-Дону,Косметика,Крем для лица,2,1558.04,0.28
2516,Петрова М.В.,Санкт-Петербург,Книги,Художественная литература,10,731.81,0.47
2517,Сидоров К.Д.,Москва,Спорт,Фитнес-браслет,14,3791.17,0.36
2518,Кузнецов П.Р.,Екатеринбург,Электроника,Умная колонка,10,11027.73,0.19
2519,Петрова М.В.,Самара,Дом и сад,Робот-пылесос,15,23797.59,0.28
2520,Сидоров К.Д.,Самара,Косметика,Маска для волос,6,931.26,0.29
2521,Кузнецов П.Р.,Москва,Книги,Комикс,20,467.82,0.46
2522,Смирнова Е.А.,Челябинск,Одежда,Куртка,4,10315.75,0.32
2523,Сидоров К.Д.,Новосибирск,Косметика,Крем для лица,8,1559.03,0.28
2524,Иванов А.С.,Санкт-Петербург,Одежда,Джинсы,6,4349.33,0.37
2525,Иванов А.С.,Москва,Автотовары,Органайзер,17,1945.27,0.26
2526,Сидоров К.Д.,Самара,Дом и сад,Увлажнитель воздуха,8,5287.08,0.24
2527,Сидоров К.Д.,Омск,Продукты,Шоколад,7,137.17,0.44
2528,Иванов А.С.,Ростов-на-Дону,Электроника,Ноутбук,7,82202.37,0.14
2529,Петрова М.В.,Самара,Электроника,Ноутбук,14,90276.23,0.18
2530,Петрова М.В.,Челябинск,Книги,Фантастика,19,725.91,0.45
2531,Петрова М.В.,Нижний Новгород,Автотовары,Ароматизатор,3,458.43,0.2
2532,Смирнова Е.А.,Самара,Электроника,Ноутбук,12,90861.79,0.22
2533,Сидоров К.Д.,Москва,Автотовары,Органайзер,6,2042.05,0.22
2534,Иванов А.С.,Москва,Дом и сад,Увлажнитель воздуха,19,4376.17,0.27
2535,Смирнова Е.А.,Новосибирск,Спорт,Гантели,18,3692.37,0.35
2536,Иванов А.С.,Нижний Новгород,Продукты,Кофе зерновой,15,1246.33,0.5
2537,Сидоров К.Д.,Самара,Спорт,Мяч,9,734.64,0.32
2538,Петрова М.В.,Екатеринбург,Одежда,Кроссовки,1,6685.98,0.34
2539,Петрова М.В.,Самара,Автотовары,Органайзер,4,1667.35,0.17
2540,Кузнецов П.Р.,Омск,Спорт,Бутылка для воды,10,870.69,0.34
2541,Петрова М.В.,Казань,Продукты,Кофе зерновой,17,1266.04,0.5
2542,Смирнова Е.А.,Нижний Новгород,Спорт,Коврик для йоги,4,2653.59,0.31
2543,Сидоров К.Д.,Москва,Продукты,Оливковое масло,4,1675.45,0.43
2544,Петрова М.В.,Москва,Дом и сад,Садовый шланг,19,1948.81,0.28
2545,Петрова М.В.,Казань,Автотовары,Органайзер,15,1737.29,0.24
2546,Петрова М.В.,Самара,Автотовары,Органайзер,20,1807.71,0.3
2547,Смирнова Е.А.,Москва,Одежда,Платье,10,5986.19,0.42
2548,Сидоров К.Д.,Челябинск,Косметика,Гель для душа,3,445.91,0.28
2549,Петрова М.В.,Омск,Одежда,Джинсы,4,4743.36,0.35
2550,Кузнецов П.Р.,Казань,Спорт,Коврик для йоги,15,2783.16,0.34
2551,Иванов А.С.,Ростов-на-Дону,Косметика,Шампунь,1,680.48,0.28
2552,Кузнецов П.Р.,Москва,Дом и сад,Увлажнитель воздуха,5,5544.78,0.25
2553,Сидоров К.Д.,Самара,Книги,Бизнес,18,912.07,0.46
2554,Иванов А.С.,Москва,Продукты,Гречка,1,80.66,0.45
2555,Смирнова Е.А.,Нижний Новгород,Спорт,Бутылка для воды,7,838.14,0.32
2556,Иванов А.С.,Новосибирск,Спорт,Гантели,17,3090.08,0.36
2557,Сидоров К.Д.,Омск,Электроника,Умные часы,3,20406.88,0.17
2558,Петрова М.В.,Новосибирск,Одежда,Куртка,4,9030.9,0.35
2559,Сидоров К.Д.,Челябинск,Автотовары,Органайзер,14,1957.43,0.27
2560,Петрова М.В.,Санкт-Петербург,Спорт,Коврик для йоги,6,2396.12,0.28
2561,Смирнова Е.А.,Санкт-Петербург,Продукты,Гречка,5,99.65,0.46
2562,Сидоров К.Д.,Ростов-на-Дону,Автотовары,Щетка для снега,3,1089.27,0.21
2563,Иванов А.С.,Самара,Продукты,Гречка,20,89.61,0.5
2564,Петрова М.В.,Челябинск,Одежда,Футболка,5,1583.43,0.32
2565,Смирнова Е.А.,Ростов-на-Дону,Автотовары,Органайзер,2,1745.06,0.21
2566,Иванов А.С.,Ростов-на-Дону,Книги,Художественная литература,12,602.84,0.44
2567,Смирнова Е.А.,Москва,Продукты,Кофе зерновой,4,1138.58,0.42
2568,Петрова М.В.,Челябинск,Книги,Фантастика,4,714.07,0.42
2569,Сидоров К.Д.,Нижний Новгород,Продукты,Сыр,11,1575.56,0.48
2570,Иванов А.С.,Москва,Автотовары,Ароматизатор,9,438.14,0.2
2571,Кузнецов П.Р.,Нижний Новгород,Книги,Фантастика,20,797.11,0.48
2572,Сидоров К.Д.,Нижний Новгород,Одежда,Кроссовки,2,6027.26,0.33
2573,Иванов А.С.,Новосибирск,Спорт,Коврик для йоги,16,2844.26,0.34
2574,Сидоров К.Д.,Нижний Новгород,Книги,Художественная литература,6,707.06,0.38
2575,Иванов А.С.,Москва,Спорт,Фитнес-браслет,13,3834.58,0.35
2576,Сидоров К.Д.,Новосибирск,Дом и сад,Чайник,1,3051.93,0.24
2577,Кузнецов П.Р.,Самара,Автотовары,Органайзер,12,2043.59,0.27
2578,Сидоров К.Д.,Екатеринбург,Спорт,Фитнес-браслет,12,3751.12,0.33
2579,Кузнецов П.Р.,Самара,Продукты,Шоколад,1,148.47,0.47
2580,Сидоров К.Д.,Казань,Одежда,Кроссовки,19,7445.49,0.39
2581,Сидоров К.Д.,Челябинск,Книги,Бизнес,17,766.75,0.45
2582,Иванов А.С.,Самара,Косметика,Парфюм,19,4188.74,0.32
2583,Иванов А.С.,Челябинск,Электроника,Беспроводные наушники,16,8623.27,0.21
2584,Петрова М.В.,Казань,Электроника,Смартфон,7,49548.67,0.12
2585,Иванов А.С.,Челябинск,Дом и сад,Робот-пылесос,13,22519.36,0.3
2586,Кузнецов П.Р.,Москва,Книги,Художественная литература,9,625.12,0.41
2587,Сидоров К.Д.,Челябинск,Автотовары,Держатель для телефона,16,764.16,0.24
2588,Сидоров К.Д.,Новосибирск,Продукты,Гречка,2,78.54,0.43
2589,Кузнецов П.Р.,Санкт-Петербург,Автотовары,Держатель для телефона,16,653.8,0.26
2590,Петрова М.В.,Казань,Одежда,Кроссовки,10,5985.68,0.39
2591,Смирнова Е.А.,Екатеринбург,Продукты,Сыр,12,1529.7,0.49
2592,Кузнецов П.Р.,Казань,Продукты,Оливковое масло,12,1767.39,0.47
2593,Иванов А.С.,Казань,Автотовары,Органайзер,12,1597.01,0.25
2594,Иванов А.С.,Санкт-Петербург,Косметика,Крем для лица,11,1510.66,0.35
2595,Сидоров К.Д.,Екатеринбург,Книги,Комикс,19,516.02,0.45
2596,Сидоров К.Д.,Екатеринбург,Косметика,Гель для душа,16,451.12,0.36
2597,Петрова М.В.,Екатеринбург,Косметика,Крем для лица,18,1641.66,0.34
2598,Кузнецов П.Р.,Москва,Спорт,Мяч,14,708.3,0.33
2599,Смирнова Е.А.,Екатеринбург,Дом и сад,Набор посуды,2,7744.29,0.24
2600,Смирнова Е.А.,Самара,Продукты,Оливковое масло,15,1900.67,0.47
2601,Петрова М.В.,Челябинск,Косметика,Парфюм,16,3923.79,0.36
2602,Иванов А.С.,Самара,Косметика,Маска для волос,6,923.25,0.28
2603,Петрова М.В.,Санкт-Петербург,Спорт,Мяч,4,838.3,0.32
2604,Петрова М.В.,Ростов-на-Дону,Электроника,Умная колонка,4,11984.38,0.17
2605,Иванов А.С.,Новосибирск,Автотовары,Держатель для телефона,18,747.04,0.22
2606,Сидоров К.Д.,Москва,Косметика,Парфюм,20,4287.34,0.35
2607,Иванов А.С.,Челябинск,Спорт,Коврик для йоги,1,2666.99,0.31
2608,Иванов А.С.,Москва,Электроника,Ноутбук,8,89895.81,0.16
2609,Сидоров К.Д.,Москва,Автотовары,Держатель для телефона,5,638.84,0.22
2610,Кузнецов П.Р.,Челябинск,Продукты,Сыр,1,1507.2,0.43
2611,Сидоров К.Д.,Санкт-Петербург,Электроника,Умные часы,10,22859.22,0.19
2612,Смирнова Е.А.,Санкт-Петербург,Косметика,Парфюм,6,4235.68,0.29
2613,Смирнова Е.А.,Казань,Одежда,Джинсы,2,4858.33,0.35
2614,Смирнова Е.А.,Екатеринбург,Одежда,Платье,6,5949.67,0.33
2615,Сидоров К.Д.,Москва,Косметика,Маска для волос,16,1034.98,0.34
2616,Кузнецов П.Р.,Санкт-Петербург,Спорт,Гантели,20,3389.88,0.39
2617,Кузнецов П.Р.,Омск,Дом и сад,Набор посуды,9,6054.51,0.27
2618,Кузнецов П.Р.,Екатеринбург,Продукты,Оливковое масло,14,1989.2,0.49
2619,Петрова М.В.,Новосибирск,Спорт,Гантели,12,4010.72,0.35
2620,Сидоров К.Д.,Москва,Продукты,Оливковое масло,13,1554.72,0.5
2621,Сидоров К.Д.,Нижний Новгород,Продукты,Оливковое масло,14,1682.06,0.48
2622,Сидоров К.Д.,Екатеринбург,Книги,Бизнес,20,988.33,0.47
2623,Иванов А.С.,Казань,Спорт,Мяч,1,757.24,0.31
2624,Кузнецов П.Р.,Екатеринбург,Одежда,Куртка,20,8067.34,0.44
2625,Петрова М.В.,Казань,Одежда,Футболка,16,1440.66,0.4
2626,Кузнецов П.Р.,Омск,Автотовары,Видеорегистратор,3,7197.73,0.18
2627,Петрова М.В.,Челябинск,Косметика,Маска для волос,12,832.65,0.33
2628,Кузнецов П.Р.,Самара,Книги,Детектив,14,574.02,0.46
2629,Иванов А.С.,Екатеринбург,Одежда,Платье,14,4708.41,0.38
2630,Смирнова Е.А.,Новосибирск,Дом и сад,Робот-пылесос,2,28318.43,0.24
2631,Кузнецов П.Р.,Челябинск,Продукты,Гречка,7,92.14,0.44
2632,Кузнецов П.Р.,Екатеринбург,Продукты,Шоколад,3,139.52,0.43
2633,Иванов А.С.,Екатеринбург,Продукты,Шоколад,3,165.08,0.45
2634,Петрова М.В.,Ростов-на-Дону,Косметика,Маска для волос,8,830.45,0.32
2635,Петрова М.В.,Ростов-на-Дону,Спорт,Бутылка для воды,13,846.29,0.33
2636,Иванов А.С.,Ростов-на-Дону,Одежда,Кроссовки,17,7114.39,0.39
2637,Смирнова Е.А.,Екатеринбург,Электроника,Смартфон,4,47251.21,0.17
2638,Петрова М.В.,Новосибирск,Косметика,Маска для волос,10,817.96,0.34
2639,Кузнецов П.Р.,Казань,Спорт,Бутылка для воды,12,992.85,0.34
2640,Кузнецов П.Р.,Ростов-на-Дону,Электроника,Умные часы,9,20227.48,0.15
2641,Кузнецов П.Р.,Самара,Электроника,Умные часы,9,23837.89,0.12
2642,Кузнецов П.Р.,Самара,Электроника,Умная колонка,12,12885.94,0.19
2643,Смирнова Е.А.,Челябинск,Косметика,Гель для душа,3,389.43,0.28
2644,Сидоров К.Д.,Москва,Дом и сад,Чайник,7,2612.56,0.24
2645,Сидоров К.Д.,Самара,Дом и сад,Увлажнитель воздуха,9,4742.46,0.27
2646,Смирнова Е.А.,Омск,Косметика,Парфюм,5,4308.5,0.29
2647,Кузнецов П.Р.,Москва,Книги,Бизнес,16,1029.55,0.43
2648,Кузнецов П.Р.,Казань,Автотовары,Органайзер,14,1645.62,0.23
2649,Кузнецов П.Р.,Ростов-на-Дону,Электроника,Умные часы,11,24620.58,0.19
2650,Иванов А.С.,Москва,Дом и сад,Набор посуды,1,6729.58,0.25
2651,Кузнецов П.Р.,Екатеринбург,Продукты,Гречка,3,87.94,0.42
2652,Сидоров К.Д.,Санкт-Петербург,Автотовары,Щетка для снега,15,1317.68,0.23
2653,Кузнецов П.Р.,Санкт-Петербург,Электроника,Умные часы,14,20239.48,0.21
2654,Петрова М.В.,Санкт-Петербург,Спорт,Гантели,17,3997.29,0.34
2655,Смирнова Е.А.,Новосибирск,Автотовары,Держатель для телефона,10,689.32,0.24
2656,Кузнецов П.Р.,Самара,Продукты,Гречка,9,79.68,0.46
2657,Кузнецов П.Р.,Нижний Новгород,Одежда,Платье,16,5986.13,0.38
2658,Иванов А.С.,Самара,Одежда,Куртка,5,9460.94,0.34
2659,Иванов А.С.,Нижний Новгород,Автотовары,Видеорегистратор,3,7864.65,0.21
2660,Смирнова Е.А.,Ростов-на-Дону,Книги,Художественная литература,16,691.44,0.46
2661,Смирнова Е.А.,Самара,Дом и сад,Чайник,14,2841.54,0.28
2662,Петрова М.В.,Казань,Автотовары,Видеорегистратор,6,7700.58,0.21
2663,Петрова М.В.,Челябинск,Продукты,Кофе зерновой,3,1110.63,0.42
2664,Иванов А.С.,Самара,Одежда,Платье,16,5323.86,0.38
2665,Сидоров К.Д.,Самара,Одежда,Куртка,16,8498.91,0.4
2666,Иванов А.С.,Москва,Косметика,Шампунь,14,527.91,0.32
2667,Смирнова Е.А.,Челябинск,Автотовары,Щетка для снега,3,1207.56,0.18
2668,Иванов А.С.,Самара,Спорт,Коврик для йоги,1,2693.36,0.27
2669,Сидоров К.Д.,Ростов-на-Дону,Спорт,Гантели,14,3035.9,0.36
2670,Сидоров К.Д.,Москва,Косметика,Шампунь,19,524.99,0.36
2671,Петрова М.В.,Екатеринбург,Продукты,Гречка,17,96.98,0.5
2672,Сидоров К.Д.,Челябинск,Продукты,Сыр,8,1513.77,0.46
2673,Иванов А.С.,Казань,Одежда,Куртка,20,7728.41,0.41
2674,Сидоров К.Д.,Екатеринбург,Книги,Фантастика,20,672.74,0.46
2675,Иванов А.С.,Самара,Косметика,Маска для волос,15,813.82,0.36
2676,Смирнова Е.А.,Новосибирск,Одежда,Платье,17,4885.65,0.41
2677,Петрова М.В.,Омск,Одежда,Куртка,7,8976.42,0.35
2678,Смирнова Е.А.,Омск,Автотовары,Держатель для телефона,10,768.67,0.27
2679,Кузнецов П.Р.,Ростов-на-Дону,Одежда,Куртка,8,7794.23,0.37
2680,Смирнова Е.А.,Нижний Новгород,Автотовары,Органайзер,8,1875.31,0.2
2681,Кузнецов П.Р.,Самара,Электроника,Смартфон,15,43170.76,0.19
2682,Петрова М.В.,Санкт-Петербург,Продукты,Оливковое масло,5,1572.74,0.44
2683,Иванов А.С.,Казань,Книги,Бизнес,12,1030.29,0.45
2684,Кузнецов П.Р.,Новосибирск,Одежда,Платье,18,6307.19,0.38
2685,Сидоров К.Д.,Самара,Косметика,Маска для волос,8,1004.6,0.32
2686,Сидоров К.Д.,Челябинск,Книги,Комикс,13,571.64,0.46
2687,Смирнова Е.А.,Ростов-на-Дону,Косметика,Крем для лица,5,1639.64,0.32
2688,Иванов А.С.,Нижний Новгород,Продукты,Шоколад,4,140.87,0.45
2689,Иванов А.С.,Самара,Одежда,Платье,13,5465.07,0.38
2690,Смирнова Е.А.,Ростов-на-Дону,Книги,Детектив,18,709.23,0.45
2691,Иванов А.С.,Омск,Книги,Бизнес,14,933.1,0.43
2692,Петрова М.В.,Екатеринбург,Книги,Художественная литература,9,666.98,0.38
2693,Кузнецов П.Р.,Омск,Электроника,Умные часы,2,24506.46,0.15
2694,Иванов А.С.,Москва,Одежда,Футболка,18,1512.35,0.4
2695,Петрова М.В.,Санкт-Петербург,Спорт,Коврик для йоги,8,2686.97,0.28
2696,Иванов А.С.,Казань,Продукты,Шоколад,1,128.97,0.45
2697,Сидоров К.Д.,Казань,Продукты,Оливковое масло,19,1662.2,0.5
2698,Иванов А.С.,Омск,Книги,Бизнес,2,926.96,0.37
2699,Смирнова Е.А.,Москва,Электроника,Беспроводные наушники,20,8757.49,0.22
2700,Петрова М.В.,Омск,Косметика,Парфюм,8,4919.87,0.32
2701,Сидоров К.Д.,Новосибирск,Косметика,Гель для душа,20,396.84,0.35
2702,Кузнецов П.Р.,Нижний Новгород,Продукты,Кофе зерновой,14,1340.64,0.5
2703,Сидоров К.Д.,Москва,Дом и сад,Чайник,15,2971.1,0.3
2704,Кузнецов П.Р.,Екатеринбург,Электроника,Умные часы,3,19683.99,0.15
2705,Кузнецов П.Р.,Казань,Книги,Комикс,9,430.9,0.4
2706,Смирнова Е.А.,Омск,Дом и сад,Чайник,16,2586.63,0.27
2707,Кузнецов П.Р.,Москва,Автотовары,Щетка для снега,1,1051.48,0.17
2708,Кузнецов П.Р.,Новосибирск,Дом и сад,Чайник,6,2858.25,0.24
2709,Петрова М.В.,Нижний Новгород,Одежда,Джинсы,16,5046.86,0.39
2710,Смирнова Е.А.,Екатеринбург,Дом и сад,Увлажнитель воздуха,6,4256.72,0.26
2711,Петрова М.В.,Москва,Дом и сад,Увлажнитель воздуха,10,5642.2,0.27
2712,Петрова М.В.,Новосибирск,Спорт,Коврик для йоги,12,2740.47,0.35
2713,Сидоров К.Д.,Ростов-на-Дону,Автотовары,Ароматизатор,17,428.63,0.26
2714,Петрова М.В.,Санкт-Петербург,Одежда,Платье,15,5420.81,0.38
2715,Петрова М.В.,Москва,Косметика,Парфюм,14,4861.84,0.34
2716,Смирнова Е.А.,Ростов-на-Дону,Автотовары,Щетка для снега,10,1339.84,0.25
2717,Иванов А.С.,Нижний Новгород,Спорт,Мяч,5,784.76,0.3
2718,Петрова М.В.,Самара,Одежда,Футболка,19,1472.4,0.38
2719,Кузнецов П.Р.,Челябинск,Продукты,Кофе зерновой,18,1037.73,0.5
2720,Сидоров К.Д.,Екатеринбург,Дом и сад,Набор посуды,7,7356.85,0.24
2721,Кузнецов П.Р.,Санкт-Петербург,Электроника,Умные часы,1,20222.19,0.14
2722,Смирнова Е.А.,Казань,Одежда,Футболка,20,1328.62,0.45
2723,Иванов А.С.,Новосибирск,Косметика,Крем для лица,8,1360.36,0.27
2724,Иванов А.С.,Новосибирск,Книги,Бизнес,9,938.17,0.41
2725,Сидоров К.Д.,Казань,Дом и сад,Набор посуды,17,6573.39,0.31
2726,Кузнецов П.Р.,Ростов-на-Дону,Спорт,Мяч,10,730.57,0.37
2727,Иванов А.С.,Екатеринбург,Продукты,Кофе зерновой,3,1138.46,0.45
2728,Кузнецов П.Р.,Москва,Дом и сад,Робот-пылесос,19,26413.84,0.28
2729,Кузнецов П.Р.,Нижний Новгород,Электроника,Ноутбук,9,76249.26,0.13
2730,Сидоров К.Д.,Новосибирск,Дом и сад,Чайник,2,3395.3,0.23
2731,Кузнецов П.Р.,Омск,Книги,Фантастика,20,808.44,0.45
2732,Петрова М.В.,Москва,Спорт,Гантели,18,3606.85,0.36
2733,Смирнова Е.А.,Казань,Продукты,Оливковое масло,17,1559.91,0.5
2734,Смирнова Е.А.,Самара,Автотовары,Щетка для снега,9,1075.68,0.21
2735,Иванов А.С.,Екатеринбург,Одежда,Кроссовки,8,6089.43,0.37
2736,Иванов А.С.,Екатеринбург,Продукты,Оливковое масло,7,1542.07,0.46
2737,Кузнецов П.Р.,Ростов-на-Дону,Продукты,Оливковое масло,7,1994.32,0.43
2738,Иванов А.С.,Новосибирск,Электроника,Смартфон,9,50818.8,0.13
2739,Кузнецов П.Р.,Новосибирск,Косметика,Шампунь,8,586.99,0.29
2740,Кузнецов П.Р.,Новосибирск,Продукты,Оливковое масло,9,1726.79,0.46
2741,Смирнова Е.А.,Нижний Новгород,Книги,Бизнес,8,782.59,0.41
2742,Кузнецов П.Р.,Новосибирск,Электроника,Ноутбук,10,82362.37,0.2
2743,Иванов А.С.,Омск,Продукты,Оливковое масло,17,1723.81,0.49
2744,Петрова М.В.,Москва,Продукты,Оливковое масло,2,1759.16,0.43
2745,Кузнецов П.Р.,Санкт-Петербург,Косметика,Шампунь,6,656.36,0.3
2746,Смирнова Е.А.,Новосибирск,Автотовары,Щетка для снега,2,1175.77,0.21
2747,Петрова М.В.,Екатеринбург,Книги,Бизнес,8,916.25,0.41
2748,Кузнецов П.Р.,Екатеринбург,Продукты,Оливковое масло,9,1736.63,0.46
2749,Смирнова Е.А.,Москва,Книги,Художественная литература,17,695.74,0.44
2750,Сидоров К.Д.,Ростов-на-Дону,Электроника,Ноутбук,4,74890.36,0.13
2751,Петрова М.В.,Москва,Электроника,Смартфон,15,49065.6,0.2
2752,Сидоров К.Д.,Екатеринбург,Косметика,Маска для волос,20,882.34,0.36
2753,Смирнова Е.А.,Екатеринбург,Продукты,Гречка,13,103.01,0.48
2754,Сидоров К.Д.,Омск,Косметика,Парфюм,4,3943.03,0.31
2755,Петрова М.В.,Омск,Дом и сад,Чайник,12,2652.7,0.28
2756,Смирнова Е.А.,Новосибирск,Электроника,Ноутбук,14,76708.34,0.21
2757,Иванов А.С.,Екатеринбург,Книги,Фантастика,3,643.45,0.38
2758,Петрова М.В.,Санкт-Петербург,Автотовары,Щетка для снега,12,1137.3,0.26
2759,Петрова М.В.,Самара,Косметика,Парфюм,10,4362.25,0.35
2760,Кузнецов П.Р.,Ростов-на-Дону,Автотовары,Держатель для телефона,15,654.71,0.23
2761,Петрова М.В.,Омск,Электроника,Умная колонка,1,13112.14,0.17
2762,Кузнецов П.Р.,Челябинск,Спорт,Гантели,13,3449.22,0.34
2763,Кузнецов П.Р.,Новосибирск,Одежда,Джинсы,13,3889.44,0.37
2764,Кузнецов П.Р.,Челябинск,Книги,Бизнес,18,866.16,0.45
2765,Иванов А.С.,Омск,Электроника,Умная колонка,15,13661.68,0.22
2766,Кузнецов П.Р.,Ростов-на-Дону,Книги,Фантастика,2,782.75,0.38
2767,Кузнецов П.Р.,Самара,Косметика,Маска для волос,9,876.52,0.32
2768,Кузнецов П.Р.,Екатеринбург,Автотовары,Щетка для снега,2,1301.59,0.21
2769,Смирнова Е.А.,Новосибирск,Косметика,Крем для лица,13,1624.19,0.35
2770,Иванов А.С.,Москва,Одежда,Кроссовки,7,6075.87,0.35
2771,Петрова М.В.,Нижний Новгород,Электроника,Беспроводные наушники,20,8682.31,0.24
2772,Сидоров К.Д.,Казань,Продукты,Гречка,18,87.78,0.49
2773,Иванов А.С.,Омск,Продукты,Сыр,16,1496.93,0.49
2774,Кузнецов П.Р.,Омск,Дом и сад,Чайник,7,2751.76,0.26
2775,Сидоров К.Д.,Ростов-на-Дону,Книги,Фантастика,4,805.38,0.4
2776,Кузнецов П.Р.,Казань,Автотовары,Ароматизатор,3,395.99,0.21
2777,Петрова М.В.,Москва,Электроника,Смартфон,17,46488.36,0.18
2778,Сидоров К.Д.,Челябинск,Продукты,Сыр,1,1405.23,0.47
2779,Сидоров К.Д.,Ростов-на-Дону,Косметика,Шампунь,10,644.24,0.35
2780,Петрова М.В.,Челябинск,Косметика,Маска для волос,2,856.46,0.31
2781,Смирнова Е.А.,Москва,Книги,Бизнес,6,869.81,0.38
2782,Петрова М.В.,Нижний Новгород,Автотовары,Видеорегистратор,4,6924.03,0.18
2783,Петрова М.В.,Новосибирск,Дом и сад,Садовый шланг,20,1777.46,0.34
2784,Иванов А.С.,Казань,Электроника,Ноутбук,2,83310.06,0.14
2785,Иванов А.С.,Челябинск,Электроника,Ноутбук,13,79067.11,0.18
2786,Кузнецов П.Р.,Нижний Новгород,Косметика,Крем для лица,6,1463.37,0.29
2787,Сидоров К.Д.,Москва,Продукты,Сыр,12,1751.87,0.48
2788,Петрова М.В.,Нижний Новгород,Продукты,Гречка,2,96.95,0.45
2789,Смирнова Е.А.,Ростов-на-Дону,Книги,Детектив,15,730.2,0.45
2790,Иванов А.С.,Санкт-Петербург,Дом и сад,Увлажнитель воздуха,2,5063.06,0.25
2791,Смирнова Е.А.,Челябинск,Спорт,Гантели,19,3339.77,0.35
2792,Петрова М.В.,Челябинск,Одежда,Платье,7,5978.39,0.35
2793,Сидоров К.Д.,Москва,Продукты,Кофе зерновой,2,1229.21,0.46
2794,Иванов А.С.,Ростов-на-Дону,Электроника,Беспроводные наушники,12,8043.64,0.2
2795,Иванов А.С.,Самара,Косметика,Шампунь,20,611.77,0.4
2796,Иванов А.С.,Нижний Новгород,Продукты,Сыр,15,1393.51,0.5
2797,Смирнова Е.А.,Санкт-Петербург,Дом и сад,Набор посуды,20,6329.62,0.33
2798,Петрова М.В.,Казань,Продукты,Гречка,5,84.69,0.44
2799,Смирнова Е.А.,Нижний Новгород,Продукты,Оливковое масло,16,1977.94,0.49
2800,Смирнова Е.А.,Санкт-Петербург,Продукты,Кофе зерновой,4,1262.58,0.46
2801,Петрова М.В.,Ростов-на-Дону,Продукты,Кофе зерновой,20,1262.28,0.5
2802,Смирнова Е.А.,Казань,Косметика,Крем для лица,1,1459.05,0.28
2803,Кузнецов П.Р.,Екатеринбург,Одежда,Джинсы,4,4891.29,0.34
2804,Петрова М.В.,Санкт-Петербург,Электроника,Смартфон,12,44832.13,0.18
2805,Кузнецов П.Р.,Самара,Электроника,Смартфон,4,42738.04,0.14
2806,Смирнова Е.А.,Новосибирск,Электроника,Смартфон,11,45899.86,0.2
2807,Сидоров К.Д.,Москва,Книги,Комикс,18,499.15,0.45
2808,Кузнецов П.Р.,Москва,Спорт,Бутылка для воды,15,876.18,0.34
2809,Кузнецов П.Р.,Омск,Дом и сад,Увлажнитель воздуха,8,4615.03,0.25
2810,Иванов А.С.,Москва,Книги,Художественная литература,6,699.7,0.41
2811,Смирнова Е.А.,Санкт-Петербург,Продукты,Гречка,4,92.53,0.44
2812,Кузнецов П.Р.,Казань,Дом и сад,Робот-пылесос,15,28084.34,0.29
2813,Сидоров К.Д.,Самара,Электроника,Умные часы,6,20606.27,0.13
2814,Смирнова Е.А.,Казань,Книги,Комикс,12,492.98,0.45
2815,Петрова М.В.,Челябинск,Спорт,Бутылка для воды,10,953.99,0.32
2816,Смирнова Е.А.,Новосибирск,Электроника,Умные часы,2,25196.05,0.17
2817,Сидоров К.Д.,Челябинск,Дом и сад,Увлажнитель воздуха,2,5684.9,0.22
2818,Иванов А.С.,Екатеринбург,Книги,Бизнес,14,1023.19,0.47
2819,Кузнецов П.Р.,Екатеринбург,Спорт,Коврик для йоги,18,2708.23,0.37
2820,Смирнова Е.А.,Москва,Косметика,Шампунь,10,549.09,0.32
2821,Смирнова Е.А.,Москва,Спорт,Мяч,5,723.82,0.3
2822,Сидоров К.Д.,Самара,Продукты,Сыр,11,1411.37,0.47
2823,Иванов А.С.,Новосибирск,Одежда,Куртка,10,9798.46,0.39
2824,Петрова М.В.,Новосибирск,Электроника,Умные часы,20,19075.86,0.24
2825,Сидоров К.Д.,Нижний Новгород,Косметика,Шампунь,11,568.51,0.34
2826,Петрова М.В.,Москва,Автотовары,Ароматизатор,2,366.28,0.22
2827,Иванов А.С.,Ростов-на-Дону,Одежда,Платье,1,5521.42,0.36
2828,Кузнецов П.Р.,Екатеринбург,Книги,Детектив,2,731.79,0.37
2829,Петрова М.В.,Новосибирск,Дом и сад,Робот-пылесос,18,27986.94,0.3
2830,Петрова М.В.,Омск,Автотовары,Видеорегистратор,16,6078.39,0.25
2831,Сидоров К.Д.,Новосибирск,Продукты,Шоколад,3,155.43,0.44
2832,Иванов А.С.,Нижний Новгород,Спорт,Мяч,2,687.99,0.27
2833,Петрова М.В.,Новосибирск,Одежда,Кроссовки,15,6191.02,0.42
2834,Кузнецов П.Р.,Ростов-на-Дону,Продукты,Гречка,14,100.32,0.5
2835,Сидоров К.Д.,Санкт-Петербург,Косметика,Шампунь,5,523.21,0.31
2836,Кузнецов П.Р.,Казань,Книги,Бизнес,18,1007.41,0.46
2837,Сидоров К.Д.,Нижний Новгород,Спорт,Гантели,10,3547.75,0.35
2838,Иванов А.С.,Ростов-на-Дону,Косметика,Парфюм,6,3974.1,0.3
2839,Кузнецов П.Р.,Омск,Электроника,Беспроводные наушники,5,8854.99,0.13
2840,Смирнова Е.А.,Москва,Книги,Детектив,16,563.33,0.44
2841,Сидоров К.Д.,Екатеринбург,Автотовары,Держатель для телефона,13,777.99,0.25
2842,Кузнецов П.Р.,Омск,Автотовары,Видеорегистратор,3,7187.32,0.21
2843,Смирнова Е.А.,Самара,Книги,Фантастика,16,800.71,0.47
2844,Кузнецов П.Р.,Санкт-Петербург,Косметика,Гель для душа,4,445.39,0.31
2845,Смирнова Е.А.,Ростов-на-Дону,Косметика,Шампунь,19,547.42,0.32
2846,Петрова М.В.,Ростов-на-Дону,Продукты,Гречка,11,98.49,0.5
2847,Иванов А.С.,Нижний Новгород,Косметика,Маска для волос,10,983.44,0.34
2848,Петрова М.В.,Новосибирск,Спорт,Бутылка для воды,14,910.3,0.35
2849,Смирнова Е.А.,Омск,Одежда,Куртка,13,9103.89,0.38
2850,Сидоров К.Д.,Самара,Электроника,Беспроводные наушники,9,8453.28,0.14
2851,Петрова М.В.,Екатеринбург,Книги,Бизнес,1,838.36,0.4
2852,Кузнецов П.Р.,Челябинск,Книги,Фантастика,6,772.34,0.38
2853,Кузнецов П.Р.,Екатеринбург,Электроника,Смартфон,12,50037.65,0.21
2854,Иванов А.С.,Екатеринбург,Спорт,Фитнес-браслет,6,3687.69,0.32
2855,Сидоров К.Д.,Екатеринбург,Продукты,Сыр,14,1770.29,0.47
2856,Смирнова Е.А.,Омск,Автотовары,Ароматизатор,13,444.44,0.23
2857,Сидоров К.Д.,Санкт-Петербург,Дом и сад,Робот-пылесос,6,28254.66,0.26
2858,Сидоров К.Д.,Новосибирск,Дом и сад,Робот-пылесос,10,27244.2,0.28
2859,Смирнова Е.А.,Санкт-Петербург,Дом и сад,Чайник,20,3098.17,0.34
2860,Сидоров К.Д.,Самара,Одежда,Кроссовки,8,7385.57,0.36
2861,Сидоров К.Д.,Челябинск,Дом и сад,Робот-пылесос,11,25913.2,0.28
2862,Иванов А.С.,Казань,Продукты,Гречка,5,77.28,0.45
2863,Сидоров К.Д.,Санкт-Петербург,Автотовары,Видеорегистратор,20,6287.08,0.27
2864,Смирнова Е.А.,Нижний Новгород,Косметика,Гель для душа,14,349.27,0.34
2865,Иванов А.С.,Новосибирск,Автотовары,Органайзер,7,1724.38,0.2
2866,Петрова М.В.,Омск,Косметика,Крем для лица,14,1297.18,0.36
2867,Петрова М.В.,Самара,Дом и сад,Увлажнитель воздуха,13,4636.37,0.29
2868,Кузнецов П.Р.,Санкт-Петербург,Одежда,Платье,2,5508.8,0.35
2869,Сидоров К.Д.,Самара,Одежда,Платье,17,5021.81,0.4
2870,Сидоров К.Д.,Челябинск,Электроника,Беспроводные наушники,15,7046.74,0.22
2871,Иванов А.С.,Санкт-Петербург,Книги,Комикс,2,505.46,0.41
2872,Сидоров К.Д.,Новосибирск,Одежда,Платье,8,4760.07,0.36
2873,Петрова М.В.,Новосибирск,Продукты,Сыр,19,1385.24,0.49
2874,Петрова М.В.,Ростов-на-Дону,Дом и сад,Увлажнитель воздуха,18,4721.25,0.3
2875,Сидоров К.Д.,Челябинск,Книги,Комикс,14,474.06,0.44
2876,Смирнова Е.А.,Омск,Косметика,Маска для волос,18,892.46,0.33
2877,Сидоров К.Д.,Новосибирск,Продукты,Кофе зерновой,18,1312.48,0.5
2878,Петрова М.В.,Казань,Дом и сад,Садовый шланг,9,1851.7,0.22
2879,Смирнова Е.А.,Казань,Автотовары,Видеорегистратор,14,6364.31,0.25
2880,Смирнова Е.А.,Казань,Спорт,Гантели,6,3088.92,0.31
2881,Петрова М.В.,Санкт-Петербург,Спорт,Мяч,17,912.26,0.32
2882,Сидоров К.Д.,Ростов-на-Дону,Одежда,Футболка,12,1429.55,0.4
2883,Сидоров К.Д.,Омск,Спорт,Бутылка для воды,8,908.7,0.28
2884,Кузнецов П.Р.,Нижний Новгород,Дом и сад,Робот-пылесос,6,24859.33,0.25
2885,Иванов А.С.,Самара,Одежда,Джинсы,20,4707.68,0.42
2886,Иванов А.С.,Новосибирск,Спорт,Фитнес-браслет,2,3475.98,0.28
2887,Сидоров К.Д.,Омск,Автотовары,Ароматизатор,20,357.53,0.28
2888,Смирнова Е.А.,Самара,Автотовары,Держатель для телефона,16,768.9,0.24
2889,Петрова М.В.,Омск,Продукты,Оливковое масло,11,1654.4,0.5
2890,Кузнецов П.Р.,Казань,Электроника,Умная колонка,20,10839.74,0.24
2891,Смирнова Е.А.,Москва,Автотовары,Щетка для снега,17,1111.91,0.24
2892,Петрова М.В.,Челябинск,Одежда,Куртка,18,9661.72,0.39
2893,Иванов А.С.,Москва,Книги,Детектив,5,745.92,0.4
2894,Сидоров К.Д.,Новосибирск,Электроника,Умная колонка,13,13298.53,0.2
2895,Иванов А.С.,Челябинск,Продукты,Гречка,10,93.85,0.5
2896,Смирнова Е.А.,Санкт-Петербург,Электроника,Беспроводные наушники,17,8151.16,0.22
2897,Петрова М.В.,Новосибирск,Продукты,Сыр,8,1398.36,0.45
2898,Петрова М.В.,Омск,Спорт,Фитнес-браслет,13,4063.25,0.35
2899,Смирнова Е.А.,Новосибирск,Книги,Комикс,5,560.44,0.39
2900,Петрова М.В.,Новосибирск,Продукты,Шоколад,4,149.21,0.45
2901,Кузнецов П.Р.,Ростов-на-Дону,Автотовары,Держатель для телефона,20,647.79,0.29
2902,Сидоров К.Д.,Москва,Спорт,Бутылка для воды,20,794.84,0.39
2903,Петрова М.В.,Екатеринбург,Книги,Комикс,19,564.29,0.46
2904,Петрова М.В.,Челябинск,Электроника,Умная колонка,9,11128.33,0.16
2905,Иванов А.С.,Москва,Дом и сад,Набор посуды,16,7558.29,0.3
2906,Смирнова Е.А.,Екатеринбург,Косметика,Гель для душа,15,389.78,0.35
2907,Кузнецов П.Р.,Нижний Новгород,Электроника,Смартфон,12,50124.1,0.19
2908,Иванов А.С.,Ростов-на-Дону,Дом и сад,Садовый шланг,19,2274.97,0.3
2909,Смирнова Е.А.,Казань,Дом и сад,Робот-пылесос,16,22387.5,0.31
2910,Кузнецов П.Р.,Казань,Автотовары,Ароматизатор,10,377.06,0.25
2911,Смирнова Е.А.,Казань,Электроника,Умные часы,16,19356.45,0.22
2912,Кузнецов П.Р.,Ростов-на-Дону,Электроника,Ноутбук,19,82937.18,0.19
2913,Кузнецов П.Р.,Ростов-на-Дону,Одежда,Платье,9,5318.82,0.35
2914,Кузнецов П.Р.,Москва,Автотовары,Ароматизатор,5,457.5,0.19
2915,Кузнецов П.Р.,Омск,Электроника,Ноутбук,14,86043.46,0.19
2916,Иванов А.С.,Казань,Автотовары,Ароматизатор,17,438.17,0.26
2917,Кузнецов П.Р.,Челябинск,Продукты,Сыр,2,1729.83,0.43
2918,Иванов А.С.,Ростов-на-Дону,Спорт,Бутылка для воды,20,912.2,0.37
2919,Петрова М.В.,Самара,Одежда,Платье,19,6057.41,0.41
2920,Смирнова Е.А.,Москва,Косметика,Парфюм,14,4301.76,0.34
2921,Сидоров К.Д.,Екатеринбург,Дом и сад,Увлажнитель воздуха,16,5404.07,0.27
2922,Иванов А.С.,Новосибирск,Дом и сад,Увлажнитель воздуха,7,4363.47,0.26
2923,Смирнова Е.А.,Санкт-Петербург,Автотовары,Щетка для снега,2,1180.35,0.18
2924,Иванов А.С.,Санкт-Петербург,Электроника,Умные часы,11,23611.63,0.19
2925,Смирнова Е.А.,Новосибирск,Дом и сад,Чайник,16,2848.87,0.31
2926,Смирнова Е.А.,Казань,Спорт,Фитнес-браслет,17,3791.23,0.35
2927,Смирнова Е.А.,Москва,Дом и сад,Увлажнитель воздуха,8,4494.12,0.26
2928,Смирнова Е.А.,Екатеринбург,Продукты,Шоколад,12,147.57,0.5
2929,Кузнецов П.Р.,Самара,Книги,Бизнес,10,765.91,0.46
2930,Сидоров К.Д.,Новосибирск,Одежда,Кроссовки,6,5618.03,0.34
2931,Смирнова Е.А.,Екатеринбург,Дом и сад,Чайник,17,3184.41,0.3
2932,Иванов А.С.,Екатеринбург,Дом и сад,Набор посуды,4,6531.01,0.25
2933,Петрова М.В.,Ростов-на-Дону,Книги,Детектив,4,700.07,0.42
2934,Петрова М.В.,Омск,Продукты,Оливковое масло,6,1661.58,0.44
2935,Кузнецов П.Р.,Самара,Продукты,Кофе зерновой,16,1265.0,0.49
2936,Петрова М.В.,Самара,Дом и сад,Набор посуды,12,6227.8,0.3
2937,Кузнецов П.Р.,Омск,Автотовары,Щетка для снега,20,1197.59,0.27
2938,Иванов А.С.,Екатеринбург,Спорт,Фитнес-браслет,13,3624.61,0.34
2939,Сидоров К.Д.,Нижний Новгород,Одежда,Платье,10,5005.44,0.41
2940,Иванов А.С.,Москва,Спорт,Коврик для йоги,14,2750.84,0.36
2941,Петрова М.В.,Новосибирск,Автотовары,Щетка для снега,1,1240.09,0.18
2942,Иванов А.С.,Новосибирск,Одежда,Платье,12,4689.48,0.41
2943,Кузнецов П.Р.,Новосибирск,Косметика,Шампунь,10,532.97,0.34
2944,Петрова М.В.,Екатеринбург,Одежда,Футболка,4,1446.52,0.35
2945,Иванов А.С.,Екатеринбург,Дом и сад,Садовый шланг,12,1736.33,0.3
2946,Кузнецов П.Р.,Челябинск,Продукты,Кофе зерновой,13,1098.21,0.48
2947,Петрова М.В.,Екатеринбург,Книги,Фантастика,7,846.09,0.38
2948,Сидоров К.Д.,Челябинск,Электроника,Смартфон,18,46197.34,0.17
2949,Иванов А.С.,Москва,Одежда,Джинсы,16,4862.79,0.37
2950,Смирнова Е.А.,Екатеринбург,Спорт,Фитнес-браслет,19,3511.89,0.34
2951,Петрова М.В.,Казань,Книги,Детектив,5,643.82,0.4
2952,Сидоров К.Д.,Санкт-Петербург,Косметика,Парфюм,7,3919.11,0.3
2953,Иванов А.С.,Новосибирск,Электроника,Ноутбук,11,79024.8,0.21
2954,Сидоров К.Д.,Москва,Продукты,Сыр,8,1612.3,0.42
2955,Сидоров К.Д.,Новосибирск,Электроника,Умная колонка,4,12369.48,0.14
2956,Петрова М.В.,Москва,Косметика,Крем для лица,6,1380.61,0.31
2957,Иванов А.С.,Нижний Новгород,Дом и сад,Увлажнитель воздуха,8,4303.2,0.23
2958,Сидоров К.Д.,Ростов-на-Дону,Одежда,Кроссовки,2,5832.03,0.35
2959,Петрова М.В.,Нижний Новгород,Дом и сад,Робот-пылесос,13,22949.15,0.3
2960,Кузнецов П.Р.,Омск,Автотовары,Щетка для снега,5,1061.16,0.19
2961,Сидоров К.Д.,Омск,Спорт,Бутылка для воды,8,959.2,0.31
2962,Иванов А.С.,Ростов-на-Дону,Книги,Детектив,9,650.14,0.42
2963,Смирнова Е.А.,Ростов-на-Дону,Косметика,Крем для лица,3,1687.64,0.29
2964,Иванов А.С.,Санкт-Петербург,Косметика,Шампунь,17,655.76,0.36
2965,Кузнецов П.Р.,Самара,Одежда,Куртка,17,8492.65,0.42
2966,Сидоров К.Д.,Нижний Новгород,Автотовары,Органайзер,11,2033.43,0.22
2967,Сидоров К.Д.,Самара,Электроника,Ноутбук,17,79605.69,0.19
2968,Иванов А.С.,Москва,Одежда,Платье,12,5322.02,0.41
2969,Кузнецов П.Р.,Омск,Спорт,Мяч,7,709.34,0.32
2970,Иванов А.С.,Новосибирск,Косметика,Крем для лица,19,1595.18,0.36
2971,Иванов А.С.,Ростов-на-Дону,Автотовары,Щетка для снега,18,1034.68,0.24
2972,Смирнова Е.А.,Екатеринбург,Электроника,Смартфон,19,42965.91,0.19
2973,Иванов А.С.,Москва,Электроника,Умные часы,7,22359.4,0.16
2974,Иванов А.С.,Челябинск,Продукты,Гречка,9,100.27,0.45
2975,Сидоров К.Д.,Москва,Продукты,Оливковое масло,3,2041.18,0.46
2976,Петрова М.В.,Челябинск,Дом и сад,Набор посуды,14,7127.56,0.31
2977,Сидоров К.Д.,Ростов-на-Дону,Книги,Детектив,8,585.38,0.38
2978,Иванов А.С.,Омск,Продукты,Гречка,3,101.93,0.45
2979,Сидоров К.Д.,Челябинск,Дом и сад,Набор посуды,16,7172.07,0.31
2980,Кузнецов П.Р.,Москва,Автотовары,Держатель для телефона,17,746.89,0.25
2981,Петрова М.В.,Казань,Автотовары,Держатель для телефона,6,608.17,0.19
2982,Петрова М.В.,Самара,Спорт,Мяч,11,781.58,0.34
2983,Смирнова Е.А.,Челябинск,Электроника,Беспроводные наушники,11,7684.58,0.21
2984,Смирнова Е.А.,Новосибирск,Книги,Фантастика,18,712.9,0.46
2985,Петрова М.В.,Омск,Продукты,Сыр,13,1770.95,0.5
2986,Сидоров К.Д.,Москва,Дом и сад,Набор посуды,11,7344.0,0.28
2987,Сидоров К.Д.,Казань,Автотовары,Щетка для снега,18,1025.78,0.25
2988,Кузнецов П.Р.,Ростов-на-Дону,Автотовары,Щетка для снега,16,1040.24,0.24
2989,Сидоров К.Д.,Омск,Косметика,Маска для волос,19,1027.63,0.37
2990,Сидоров К.Д.,Челябинск,Косметика,Маска для волос,8,932.64,0.29
2991,Иванов А.С.,Екатеринбург,Продукты,Кофе зерновой,8,1069.71,0.46
2992,Смирнова Е.А.,Самара,Спорт,Гантели,9,3251.69,0.31
2993,Иванов А.С.,Ростов-на-Дону,Продукты,Сыр,14,1768.25,0.47
2994,Сидоров К.Д.,Челябинск,Косметика,Гель для душа,5,341.14,0.31
2995,Сидоров К.Д.,Ростов-на-Дону,Косметика,Шампунь,18,599.39,0.35
2996,Петрова М.В.,Санкт-Петербург,Косметика,Крем для лица,2,1389.06,0.28
2997,Петрова М.В.,Екатеринбург,Дом и сад,Набор посуды,6,7933.89,0.27
2998,Петрова М.В.,Челябинск,Одежда,Джинсы,12,3876.48,0.38
2999,Кузнецов П.Р.,Ростов-на-Дону,Электроника,Умная колонка,8,10629.48,0.16
3000,Смирнова Е.А.,Новосибирск,Спорт,Коврик для йоги,20,2317.75,0.4
