date,manager,city,category,product,quantity,price,discount,revenue_before_discount,discount_amount,revenue,month
2024-01-01,Иванов А.С.,Екатеринбург,Одежда,Кроссовки,5,6191.15,0.35,30955.75,10834.512499999999,20121.237500000003,2024-01
2024-01-01,Сидоров К.Д.,Челябинск,Книги,Детектив,1,734.32,0.4,734.32,293.728,440.59200000000004,2024-01
2024-01-01,Кузнецов П.Р.,Москва,Дом и сад,Увлажнитель воздуха,1,5343.56,0.27,5343.56,1442.7612000000001,3900.7988000000005,2024-01
2024-01-01,Иванов А.С.,Казань,Продукты,Шоколад,3,149.17,0.46,447.51,205.8546,241.6554,2024-01
2024-01-01,Иванов А.С.,Москва,Автотовары,Ароматизатор,16,382.44,0.26,6119.04,1590.9504,4528.0896,2024-01
2024-01-02,Смирнова Е.А.,Екатеринбург,Продукты,Оливковое масло,13,1536.55,0.48,19975.149999999998,9588.071999999998,10387.078,2024-01
2024-01-02,Смирнова Е.А.,Санкт-Петербург,Косметика,Гель для душа,1,392.03,0.3,392.03,117.60899999999998,274.421,2024-01
2024-01-02,Иванов А.С.,Санкт-Петербург,Спорт,Фитнес-браслет,10,4076.29,0.37,40762.9,15082.273000000001,25680.627,2024-01
2024-01-02,Петрова М.В.,Казань,Продукты,Шоколад,17,142.83,0.48,2428.11,1165.4928,1262.6172000000001,2024-01
2024-01-02,Иванов А.С.,Челябинск,Одежда,Джинсы,4,5008.0,0.36,20032.0,7211.5199999999995,12820.48,2024-01
2024-01-03,Сидоров К.Д.,Екатеринбург,Спорт,Мяч,16,725.91,0.34,11614.56,3948.9504,7665.6096,2024-01
2024-01-03,Иванов А.С.,Самара,Одежда,Футболка,13,1409.36,0.4,18321.68,7328.6720000000005,10993.008,2024-01
2024-01-03,Петрова М.В.,Новосибирск,Дом и сад,Чайник,14,2729.69,0.29,38215.66,11082.5414,27133.1186,2024-01
2024-01-04,Иванов А.С.,Санкт-Петербург,Косметика,Гель для душа,5,346.72,0.28,1733.6000000000001,485.4080000000001,1248.192,2024-01
2024-01-04,Смирнова Е.А.,Омск,Косметика,Шампунь,1,608.02,0.3,608.02,182.40599999999998,425.61400000000003,2024-01
2024-01-05,Сидоров К.Д.,Казань,Электроника,Беспроводные наушники,7,6860.06,0.13,48020.420000000006,6242.654600000001,41777.765400000004,2024-01
2024-01-05,Иванов А.С.,Самара,Продукты,Шоколад,4,169.59,0.47,678.36,318.8292,359.5308,2024-01
2024-01-05,Иванов А.С.,Нижний Новгород,Одежда,Футболка,8,1626.1,0.35,13008.8,4553.079999999999,8455.720000000001,2024-01
2024-01-06,Кузнецов П.Р.,Челябинск,Продукты,Гречка,13,91.18,0.5,1185.3400000000001,592.6700000000001,592.6700000000001,2024-01
2024-01-07,Смирнова Е.А.,Самара,Одежда,Джинсы,20,4096.46,0.42,81929.2,34410.263999999996,47518.936,2024-01
2024-01-07,Смирнова Е.А.,Санкт-Петербург,Книги,Комикс,8,472.45,0.39,3779.6,1474.044,2305.5559999999996,2024-01
2024-01-07,Петрова М.В.,Москва,Косметика,Гель для душа,17,418.74,0.37,7118.58,2633.8746,4484.7054,2024-01
2024-01-07,Сидоров К.Д.,Казань,Косметика,Маска для волос,19,909.59,0.33,17282.21,5703.1293,11579.080699999999,2024-01
2024-01-08,Кузнецов П.Р.,Казань,Автотовары,Держатель для телефона,2,625.19,0.2,1250.38,250.07600000000002,1000.3040000000001,2024-01
2024-01-08,Петрова М.В.,Омск,Дом и сад,Увлажнитель воздуха,14,5386.91,0.29,75416.73999999999,21870.854599999995,53545.8854,2024-01
2024-01-08,Смирнова Е.А.,Ростов-на-Дону,Одежда,Платье,1,6111.0,0.33,6111.0,2016.63,4094.37,2024-01
2024-01-09,Иванов А.С.,Санкт-Петербург,Электроника,Беспроводные наушники,16,7556.45,0.2,120903.2,24180.64,96722.56,2024-01
2024-01-09,Кузнецов П.Р.,Ростов-на-Дону,Спорт,Коврик для йоги,14,2463.45,0.34,34488.299999999996,11726.021999999999,22762.278,2024-01
2024-01-10,Кузнецов П.Р.,Новосибирск,Дом и сад,Чайник,13,3331.98,0.29,43315.74,12561.564599999998,30754.1754,2024-01
2024-01-10,Петрова М.В.,Санкт-Петербург,Спорт,Коврик для йоги,12,2420.63,0.35,29047.56,10166.646,18880.914,2024-01
2024-01-10,Сидоров К.Д.,Казань,Одежда,Джинсы,15,4452.37,0.39,66785.55,26046.364500000003,40739.1855,2024-01
2024-01-10,Петрова М.В.,Санкт-Петербург,Автотовары,Органайзер,4,1689.19,0.19,6756.76,1283.7844,5472.9756,2024-01
2024-01-11,Кузнецов П.Р.,Нижний Новгород,Спорт,Мяч,14,915.59,0.34,12818.26,4358.2084,8460.051599999999,2024-01
2024-01-11,Смирнова Е.А.,Новосибирск,Продукты,Гречка,4,88.56,0.44,354.24,155.8656,198.3744,2024-01
2024-01-11,Иванов А.С.,Москва,Спорт,Фитнес-браслет,13,4030.21,0.34,52392.73,17813.5282,34579.2018,2024-01
2024-01-11,Кузнецов П.Р.,Омск,Дом и сад,Чайник,12,2971.69,0.31,35660.28,11054.6868,24605.5932,2024-01
2024-01-12,Иванов А.С.,Москва,Косметика,Маска для волос,10,972.79,0.37,9727.9,3599.323,6128.576999999999,2024-01
2024-01-12,Сидоров К.Д.,Челябинск,Электроника,Беспроводные наушники,16,7001.57,0.21,112025.12,23525.275199999996,88499.84479999999,2024-01
2024-01-12,Сидоров К.Д.,Москва,Продукты,Шоколад,10,144.79,0.48,1447.8999999999999,694.992,752.9079999999999,2024-01
2024-01-12,Сидоров К.Д.,Омск,Электроника,Ноутбук,11,89554.99,0.17,985104.89,167467.83130000002,817637.0586999999,2024-01
2024-01-12,Сидоров К.Д.,Ростов-на-Дону,Электроника,Беспроводные наушники,2,7911.99,0.15,15823.98,2373.5969999999998,13450.383,2024-01
2024-01-13,Петрова М.В.,Челябинск,Дом и сад,Чайник,5,3275.32,0.25,16376.6,4094.15,12282.45,2024-01
2024-01-14,Петрова М.В.,Челябинск,Дом и сад,Чайник,10,2863.29,0.29,28632.9,8303.541,20329.359000000004,2024-01
2024-01-14,Сидоров К.Д.,Самара,Автотовары,Ароматизатор,18,400.1,0.22,7201.8,1584.396,5617.404,2024-01
2024-01-14,Сидоров К.Д.,Самара,Автотовары,Органайзер,16,1884.0,0.26,30144.0,7837.4400000000005,22306.559999999998,2024-01
2024-01-15,Иванов А.С.,Челябинск,Косметика,Шампунь,17,632.8,0.32,10757.599999999999,3442.432,7315.167999999999,2024-01
2024-01-15,Кузнецов П.Р.,Нижний Новгород,Электроника,Ноутбук,4,96881.73,0.15,387526.92,58129.03799999999,329397.882,2024-01
2024-01-15,Сидоров К.Д.,Омск,Спорт,Гантели,19,3279.81,0.33,62316.39,20564.4087,41751.9813,2024-01
2024-01-16,Кузнецов П.Р.,Санкт-Петербург,Автотовары,Ароматизатор,2,420.34,0.18,840.68,151.3224,689.3575999999999,2024-01
2024-01-17,Кузнецов П.Р.,Челябинск,Электроника,Ноутбук,10,83963.33,0.21,839633.3,176322.99300000002,663310.307,2024-01
2024-01-17,Иванов А.С.,Санкт-Петербург,Книги,Художественная литература,20,611.62,0.48,12232.4,5871.552,6360.848,2024-01
2024-01-17,Петрова М.В.,Омск,Спорт,Бутылка для воды,16,804.85,0.36,12877.6,4635.936,8241.664,2024-01
2024-01-17,Петрова М.В.,Самара,Дом и сад,Набор посуды,9,5953.62,0.25,53582.58,13395.645,40186.935,2024-01
2024-01-18,Сидоров К.Д.,Челябинск,Автотовары,Ароматизатор,14,430.39,0.26,6025.46,1566.6196,4458.8404,2024-01
2024-01-18,Кузнецов П.Р.,Челябинск,Книги,Бизнес,15,785.77,0.47,11786.55,5539.678499999999,6246.8715,2024-01
2024-01-19,Кузнецов П.Р.,Новосибирск,Автотовары,Ароматизатор,1,417.24,0.19,417.24,79.2756,337.9644,2024-01
2024-01-19,Петрова М.В.,Новосибирск,Книги,Комикс,4,438.93,0.39,1755.72,684.7308,1070.9892,2024-01
2024-01-19,Сидоров К.Д.,Нижний Новгород,Автотовары,Органайзер,12,1534.1,0.22,18409.199999999997,4050.0239999999994,14359.175999999998,2024-01
2024-01-19,Сидоров К.Д.,Казань,Косметика,Парфюм,10,4794.79,0.33,47947.9,15822.807,32125.093,2024-01
2024-01-19,Петрова М.В.,Нижний Новгород,Косметика,Крем для лица,2,1351.18,0.29,2702.36,783.6844,1918.6756,2024-01
2024-01-20,Петрова М.В.,Казань,Электроника,Беспроводные наушники,20,8955.87,0.22,179117.40000000002,39405.82800000001,139711.57200000001,2024-01
2024-01-21,Смирнова Е.А.,Екатеринбург,Спорт,Фитнес-браслет,8,3579.11,0.31,28632.88,8876.1928,19756.6872,2024-01
2024-01-21,Петрова М.В.,Санкт-Петербург,Дом и сад,Садовый шланг,4,1736.22,0.22,6944.88,1527.8736000000001,5417.0064,2024-01
2024-01-21,Иванов А.С.,Екатеринбург,Автотовары,Ароматизатор,9,353.35,0.21,3180.15,667.8315,2512.3185000000003,2024-01
2024-01-21,Смирнова Е.А.,Ростов-на-Дону,Электроника,Смартфон,19,43038.06,0.18,817723.1399999999,147190.1652,670532.9748,2024-01
2024-01-21,Сидоров К.Д.,Екатеринбург,Электроника,Ноутбук,17,90516.44,0.21,1538779.48,323143.6908,1215635.7892,2024-01
2024-01-21,Смирнова Е.А.,Ростов-на-Дону,Спорт,Гантели,10,3893.17,0.32,38931.7,12458.144,26473.555999999997,2024-01
2024-01-22,Иванов А.С.,Москва,Спорт,Фитнес-браслет,9,3984.33,0.29,35858.97,10399.1013,25459.8687,2024-01
2024-01-22,Иванов А.С.,Новосибирск,Дом и сад,Набор посуды,14,7134.02,0.31,99876.28,30961.6468,68914.6332,2024-01
2024-01-22,Смирнова Е.А.,Ростов-на-Дону,Электроника,Умные часы,16,18863.51,0.19,301816.16,57345.0704,244471.08959999998,2024-01
2024-01-22,Кузнецов П.Р.,Москва,Книги,Детектив,15,591.6,0.45,8874.0,3993.3,4880.7,2024-01
2024-01-22,Петрова М.В.,Нижний Новгород,Одежда,Кроссовки,9,6775.34,0.36,60978.06,21952.101599999998,39025.9584,2024-01
2024-01-23,Кузнецов П.Р.,Ростов-на-Дону,Дом и сад,Чайник,15,2851.72,0.31,42775.799999999996,13260.497999999998,29515.301999999996,2024-01
2024-01-23,Иванов А.С.,Ростов-на-Дону,Автотовары,Держатель для телефона,9,727.71,0.21,6549.39,1375.3719,5174.0181,2024-01
2024-01-23,Кузнецов П.Р.,Ростов-на-Дону,Книги,Комикс,4,573.02,0.39,2292.08,893.9112,1398.1688,2024-01
2024-01-23,Сидоров К.Д.,Екатеринбург,Одежда,Футболка,10,1532.7,0.38,15327.0,5824.26,9502.74,2024-01
2024-01-23,Петрова М.В.,Челябинск,Одежда,Куртка,10,10065.31,0.42,100653.09999999999,42274.301999999996,58378.797999999995,2024-01
2024-01-24,Смирнова Е.А.,Санкт-Петербург,Книги,Комикс,14,537.94,0.47,7531.160000000001,3539.6452,3991.514800000001,2024-01
2024-01-25,Сидоров К.Д.,Новосибирск,Косметика,Гель для душа,16,444.26,0.36,7108.16,2558.9375999999997,4549.222400000001,2024-01
2024-01-25,Кузнецов П.Р.,Казань,Продукты,Гречка,2,93.19,0.45,186.38,83.871,102.509,2024-01
2024-01-25,Сидоров К.Д.,Екатеринбург,Одежда,Футболка,15,1447.95,0.42,21719.25,9122.085,12597.165,2024-01
2024-01-25,Сидоров К.Д.,Ростов-на-Дону,Электроника,Умная колонка,1,10332.15,0.15,10332.15,1549.8225,8782.3275,2024-01
2024-01-26,Смирнова Е.А.,Санкт-Петербург,Книги,Фантастика,19,840.06,0.44,15961.14,7022.9016,8938.238399999998,2024-01
2024-01-26,Петрова М.В.,Санкт-Петербург,Книги,Комикс,12,500.61,0.47,6007.32,2823.4403999999995,3183.8796,2024-01
2024-01-27,Сидоров К.Д.,Самара,Спорт,Бутылка для воды,12,786.72,0.33,9440.64,3115.4112,6325.228799999999,2024-01
2024-01-27,Смирнова Е.А.,Самара,Продукты,Сыр,3,1551.34,0.45,4654.0199999999995,2094.3089999999997,2559.711,2024-01
2024-01-28,Кузнецов П.Р.,Самара,Косметика,Парфюм,3,4557.25,0.28,13671.75,3828.09,9843.66,2024-01
2024-01-28,Иванов А.С.,Москва,Дом и сад,Робот-пылесос,8,28658.3,0.24,229266.4,55023.935999999994,174242.464,2024-01
2024-01-28,Кузнецов П.Р.,Новосибирск,Электроника,Смартфон,2,45716.01,0.15,91432.02,13714.803,77717.217,2024-01
2024-01-28,Иванов А.С.,Челябинск,Косметика,Крем для лица,4,1521.59,0.29,6086.36,1765.0443999999998,4321.3156,2024-01
2024-01-29,Петрова М.В.,Казань,Дом и сад,Набор посуды,17,7506.32,0.31,127607.44,39558.3064,88049.1336,2024-01
2024-01-29,Смирнова Е.А.,Нижний Новгород,Спорт,Бутылка для воды,6,931.48,0.3,5588.88,1676.664,3912.2160000000003,2024-01
2024-01-29,Кузнецов П.Р.,Ростов-на-Дону,Косметика,Парфюм,12,4056.43,0.37,48677.159999999996,18010.549199999998,30666.6108,2024-01
2024-01-29,Петрова М.В.,Новосибирск,Продукты,Сыр,2,1430.59,0.43,2861.18,1230.3074,1630.8726,2024-01
2024-01-29,Кузнецов П.Р.,Самара,Одежда,Джинсы,16,4021.52,0.41,64344.32,26381.171199999997,37963.1488,2024-01
2024-01-29,Кузнецов П.Р.,Ростов-на-Дону,Одежда,Платье,3,5043.56,0.32,15130.68,4841.8176,10288.8624,2024-01
2024-01-31,Кузнецов П.Р.,Екатеринбург,Автотовары,Ароматизатор,14,456.31,0.24,6388.34,1533.2015999999999,4855.1384,2024-01
2024-01-31,Смирнова Е.А.,Казань,Косметика,Парфюм,13,4138.83,0.36,53804.79,19369.7244,34435.0656,2024-01
2024-02-01,Смирнова Е.А.,Нижний Новгород,Книги,Комикс,18,564.79,0.45,10166.22,4574.799,5591.420999999999,2024-02
2024-02-01,Кузнецов П.Р.,Ростов-на-Дону,Одежда,Джинсы,8,4550.47,0.33,36403.76,12013.240800000001,24390.519200000002,2024-02
2024-02-02,Кузнецов П.Р.,Москва,Автотовары,Видеорегистратор,15,7735.95,0.25,116039.25,29009.8125,87029.4375,2024-02
2024-02-03,Смирнова Е.А.,Омск,Дом и сад,Садовый шланг,5,2100.65,0.26,10503.25,2730.8450000000003,7772.405,2024-02
2024-02-03,Кузнецов П.Р.,Омск,Дом и сад,Робот-пылесос,6,26625.35,0.26,159752.09999999998,41535.545999999995,118216.55399999997,2024-02
2024-02-03,Сидоров К.Д.,Ростов-на-Дону,Спорт,Фитнес-браслет,7,4312.97,0.29,30190.79,8755.329099999999,21435.460900000002,2024-02
2024-02-04,Смирнова Е.А.,Екатеринбург,Автотовары,Держатель для телефона,12,778.73,0.23,9344.76,2149.2948,7195.465200000001,2024-02
2024-02-04,Смирнова Е.А.,Екатеринбург,Спорт,Мяч,14,748.32,0.36,10476.480000000001,3771.5328000000004,6704.9472000000005,2024-02
2024-02-04,Кузнецов П.Р.,Ростов-на-Дону,Спорт,Бутылка для воды,16,920.08,0.34,14721.28,5005.235200000001,9716.0448,2024-02
2024-02-05,Смирнова Е.А.,Омск,Электроника,Беспроводные наушники,9,7532.26,0.17,67790.34,11524.3578,56265.9822,2024-02
2024-02-05,Смирнова Е.А.,Нижний Новгород,Продукты,Сыр,10,1710.92,0.49,17109.2,8383.508,8725.692000000001,2024-02
2024-02-05,Сидоров К.Д.,Новосибирск,Дом и сад,Чайник,4,3403.99,0.23,13615.96,3131.6708,10484.2892,2024-02
2024-02-06,Кузнецов П.Р.,Самара,Продукты,Кофе зерновой,1,1262.47,0.43,1262.47,542.8621,719.6079,2024-02
2024-02-06,Кузнецов П.Р.,Нижний Новгород,Электроника,Умные часы,17,22176.15,0.22,376994.55000000005,82938.801,294055.74900000007,2024-02
2024-02-06,Петрова М.В.,Новосибирск,Электроника,Беспроводные наушники,1,8104.5,0.14,8104.5,1134.63,6969.87,2024-02
2024-02-07,Иванов А.С.,Самара,Продукты,Сыр,11,1444.41,0.48,15888.51,7626.4848,8262.0252,2024-02
2024-02-07,Сидоров К.Д.,Екатеринбург,Продукты,Шоколад,14,145.08,0.47,2031.1200000000001,954.6264,1076.4936000000002,2024-02
2024-02-07,Смирнова Е.А.,Омск,Книги,Комикс,10,466.57,0.45,4665.7,2099.565,2566.1349999999998,2024-02
2024-02-08,Петрова М.В.,Омск,Спорт,Фитнес-браслет,10,3827.37,0.32,38273.7,12247.583999999999,26026.115999999998,2024-02
2024-02-08,Иванов А.С.,Нижний Новгород,Косметика,Парфюм,15,4365.2,0.34,65478.0,22262.52,43215.479999999996,2024-02
2024-02-08,Кузнецов П.Р.,Омск,Автотовары,Щетка для снега,11,1226.58,0.25,13492.38,3373.095,10119.285,2024-02
2024-02-08,Сидоров К.Д.,Москва,Дом и сад,Чайник,12,3424.17,0.27,41090.04,11094.310800000001,29995.7292,2024-02
2024-02-09,Иванов А.С.,Омск,Продукты,Оливковое масло,10,1686.35,0.49,16863.5,8263.115,8600.385,2024-02
2024-02-09,Смирнова Е.А.,Санкт-Петербург,Спорт,Гантели,4,3384.62,0.31,13538.48,4196.9288,9341.5512,2024-02
2024-02-09,Петрова М.В.,Санкт-Петербург,Автотовары,Ароматизатор,8,449.54,0.21,3596.32,755.2272,2841.0928000000004,2024-02
2024-02-10,Иванов А.С.,Ростов-на-Дону,Автотовары,Органайзер,8,1958.41,0.19,15667.28,2976.7832000000003,12690.4968,2024-02
2024-02-10,Петрова М.В.,Ростов-на-Дону,Книги,Комикс,9,546.96,0.41,4922.64,2018.2824,2904.3576000000003,2024-02
2024-02-10,Иванов А.С.,Челябинск,Дом и сад,Набор посуды,15,6897.53,0.32,103462.95,33108.144,70354.806,2024-02
2024-02-10,Сидоров К.Д.,Казань,Книги,Детектив,9,584.8,0.42,5263.2,2210.544,3052.656,2024-02
2024-02-10,Петрова М.В.,Санкт-Петербург,Спорт,Бутылка для воды,2,1021.21,0.31,2042.42,633.1502,1409.2698,2024-02
2024-02-10,Сидоров К.Д.,Нижний Новгород,Одежда,Куртка,4,10164.67,0.34,40658.68,13823.951200000001,26834.728799999997,2024-02
2024-02-11,Смирнова Е.А.,Челябинск,Автотовары,Держатель для телефона,15,690.07,0.24,10351.050000000001,2484.252,7866.798000000001,2024-02
2024-02-11,Иванов А.С.,Нижний Новгород,Электроника,Смартфон,4,44619.88,0.16,178479.52,28556.7232,149922.79679999998,2024-02
2024-02-11,Сидоров К.Д.,Санкт-Петербург,Продукты,Сыр,11,1761.71,0.48,19378.81,9301.828800000001,10076.9812,2024-02
2024-02-12,Иванов А.С.,Нижний Новгород,Электроника,Смартфон,7,41237.14,0.14,288659.98,40412.3972,248247.58279999997,2024-02
2024-02-12,Сидоров К.Д.,Челябинск,Продукты,Сыр,14,1490.43,0.5,20866.02,10433.01,10433.01,2024-02
2024-02-12,Иванов А.С.,Самара,Спорт,Гантели,12,3899.37,0.36,46792.44,16845.2784,29947.161600000003,2024-02
2024-02-12,Иванов А.С.,Челябинск,Косметика,Парфюм,8,5097.05,0.29,40776.4,11825.155999999999,28951.244000000002,2024-02
2024-02-12,Кузнецов П.Р.,Челябинск,Автотовары,Ароматизатор,8,417.95,0.21,3343.6,702.156,2641.444,2024-02
2024-02-14,Иванов А.С.,Новосибирск,Электроника,Беспроводные наушники,19,8676.95,0.17,164862.05000000002,28026.548500000004,136835.5015,2024-02
2024-02-16,Смирнова Е.А.,Омск,Электроника,Ноутбук,18,74303.17,0.2,1337457.06,267491.412,1069965.648,2024-02
2024-02-16,Смирнова Е.А.,Нижний Новгород,Электроника,Ноутбук,4,76116.07,0.16,304464.28,48714.28480000001,255749.9952,2024-02
2024-02-16,Смирнова Е.А.,Санкт-Петербург,Спорт,Фитнес-браслет,8,4393.67,0.31,35149.36,10896.3016,24253.0584,2024-02
2024-02-16,Смирнова Е.А.,Москва,Электроника,Беспроводные наушники,1,8670.09,0.14,8670.09,1213.8126000000002,7456.2774,2024-02
2024-02-16,Иванов А.С.,Москва,Электроника,Умная колонка,15,12737.41,0.21,191061.15,40122.841499999995,150938.30849999998,2024-02
2024-02-17,Петрова М.В.,Омск,Книги,Фантастика,13,794.83,0.44,10332.79,4546.4276,5786.362400000001,2024-02
2024-02-18,Петрова М.В.,Самара,Электроника,Ноутбук,5,89910.72,0.13,449553.6,58441.968,391111.632,2024-02
2024-02-18,Сидоров К.Д.,Москва,Одежда,Джинсы,8,3848.36,0.34,30786.88,10467.539200000001,20319.340799999998,2024-02
2024-02-18,Петрова М.В.,Казань,Спорт,Гантели,9,3631.47,0.32,32683.23,10458.6336,22224.596400000002,2024-02
2024-02-18,Кузнецов П.Р.,Новосибирск,Книги,Комикс,7,560.88,0.41,3926.16,1609.7255999999998,2316.4344,2024-02
2024-02-19,Петрова М.В.,Новосибирск,Спорт,Бутылка для воды,2,943.63,0.29,1887.26,547.3054,1339.9546,2024-02
2024-02-19,Петрова М.В.,Новосибирск,Книги,Детектив,8,724.04,0.4,5792.32,2316.928,3475.392,2024-02
2024-02-19,Смирнова Е.А.,Екатеринбург,Спорт,Бутылка для воды,20,889.34,0.39,17786.8,6936.852,10849.948,2024-02
2024-02-20,Смирнова Е.А.,Самара,Электроника,Умные часы,7,23966.35,0.13,167764.44999999998,21809.3785,145955.0715,2024-02
2024-02-20,Кузнецов П.Р.,Самара,Косметика,Шампунь,3,604.48,0.31,1813.44,562.1664000000001,1251.2736,2024-02
2024-02-20,Иванов А.С.,Ростов-на-Дону,Автотовары,Видеорегистратор,6,6222.01,0.17,37332.06,6346.4502,30985.6098,2024-02
2024-02-20,Смирнова Е.А.,Ростов-на-Дону,Электроника,Умные часы,9,21070.13,0.12,189631.17,22755.740400000002,166875.4296,2024-02
2024-02-22,Иванов А.С.,Самара,Электроника,Умные часы,19,19110.81,0.22,363105.39,79883.1858,283222.20420000004,2024-02
2024-02-22,Иванов А.С.,Москва,Дом и сад,Робот-пылесос,17,27170.37,0.31,461896.29,143187.8499,318708.4401,2024-02
2024-02-22,Иванов А.С.,Казань,Продукты,Кофе зерновой,19,1076.13,0.49,20446.47,10018.7703,10427.699700000001,2024-02
2024-02-23,Петрова М.В.,Ростов-на-Дону,Продукты,Сыр,8,1640.76,0.45,13126.08,5906.736,7219.344,2024-02
2024-02-23,Сидоров К.Д.,Новосибирск,Книги,Комикс,9,493.84,0.39,4444.5599999999995,1733.3783999999998,2711.1816,2024-02
2024-02-23,Сидоров К.Д.,Санкт-Петербург,Книги,Бизнес,10,901.06,0.44,9010.599999999999,3964.6639999999993,5045.936,2024-02
2024-02-24,Сидоров К.Д.,Челябинск,Продукты,Сыр,2,1690.43,0.42,3380.86,1419.9612,1960.8988000000002,2024-02
2024-02-24,Кузнецов П.Р.,Санкт-Петербург,Спорт,Коврик для йоги,13,2743.47,0.36,35665.11,12839.4396,22825.670400000003,2024-02
2024-02-24,Сидоров К.Д.,Москва,Одежда,Кроссовки,10,7191.93,0.41,71919.3,29486.913,42432.387,2024-02
2024-02-24,Кузнецов П.Р.,Ростов-на-Дону,Автотовары,Видеорегистратор,18,7495.71,0.23,134922.78,31032.239400000002,103890.5406,2024-02
2024-02-24,Сидоров К.Д.,Ростов-на-Дону,Продукты,Сыр,13,1650.4,0.5,21455.2,10727.6,10727.6,2024-02
2024-02-25,Кузнецов П.Р.,Челябинск,Продукты,Гречка,1,93.1,0.46,93.1,42.826,50.273999999999994,2024-02
2024-02-26,Сидоров К.Д.,Новосибирск,Автотовары,Органайзер,14,2016.45,0.23,28230.3,6492.969,21737.331,2024-02
2024-02-27,Сидоров К.Д.,Ростов-на-Дону,Книги,Художественная литература,9,666.0,0.42,5994.0,2517.48,3476.52,2024-02
2024-02-27,Сидоров К.Д.,Новосибирск,Автотовары,Ароматизатор,6,442.28,0.21,2653.68,557.2728,2096.4071999999996,2024-02
2024-02-27,Сидоров К.Д.,Екатеринбург,Спорт,Коврик для йоги,11,2870.02,0.34,31570.22,10733.874800000001,20836.3452,2024-02
2024-02-28,Петрова М.В.,Санкт-Петербург,Электроника,Умные часы,6,20892.7,0.14,125356.20000000001,17549.868000000002,107806.33200000001,2024-02
2024-02-28,Иванов А.С.,Казань,Книги,Художественная литература,16,633.38,0.47,10134.08,4763.0176,5371.0624,2024-02
2024-02-29,Иванов А.С.,Новосибирск,Продукты,Оливковое масло,18,1543.21,0.5,27777.78,13888.89,13888.89,2024-02
2024-03-01,Кузнецов П.Р.,Москва,Книги,Художественная литература,18,652.48,0.46,11744.64,5402.5344,6342.1056,2024-03
2024-03-01,Смирнова Е.А.,Ростов-на-Дону,Спорт,Коврик для йоги,10,2730.49,0.37,27304.899999999998,10102.812999999998,17202.087,2024-03
2024-03-01,Петрова М.В.,Москва,Одежда,Куртка,10,10040.12,0.39,100401.20000000001,39156.46800000001,61244.732,2024-03
2024-03-02,Петрова М.В.,Нижний Новгород,Автотовары,Органайзер,20,1772.66,0.29,35453.200000000004,10281.428,25171.772000000004,2024-03
2024-03-02,Смирнова Е.А.,Казань,Косметика,Маска для волос,3,775.3,0.31,2325.8999999999996,721.0289999999999,1604.8709999999996,2024-03
2024-03-03,Кузнецов П.Р.,Омск,Косметика,Шампунь,15,581.97,0.36,8729.550000000001,3142.6380000000004,5586.912,2024-03
2024-03-03,Кузнецов П.Р.,Екатеринбург,Косметика,Шампунь,20,514.08,0.36,10281.6,3701.376,6580.224,2024-03
2024-03-04,Петрова М.В.,Нижний Новгород,Электроника,Умные часы,8,20232.05,0.12,161856.4,19422.768,142433.63199999998,2024-03
2024-03-05,Петрова М.В.,Ростов-на-Дону,Продукты,Кофе зерновой,16,1036.37,0.5,16581.92,8290.96,8290.96,2024-03
2024-03-05,Иванов А.С.,Новосибирск,Косметика,Крем для лица,18,1506.45,0.36,27116.100000000002,9761.796,17354.304000000004,2024-03
2024-03-06,Петрова М.В.,Ростов-на-Дону,Спорт,Фитнес-браслет,5,3913.66,0.28,19568.3,5479.124000000001,14089.176,2024-03
2024-03-06,Иванов А.С.,Ростов-на-Дону,Спорт,Коврик для йоги,1,2252.17,0.28,2252.17,630.6076,1621.5624,2024-03
2024-03-07,Сидоров К.Д.,Ростов-на-Дону,Спорт,Коврик для йоги,14,2187.4,0.35,30623.600000000002,10718.26,19905.340000000004,2024-03
2024-03-07,Кузнецов П.Р.,Санкт-Петербург,Одежда,Футболка,3,1358.51,0.35,4075.5299999999997,1426.4354999999998,2649.0945,2024-03
2024-03-08,Кузнецов П.Р.,Екатеринбург,Электроника,Беспроводные наушники,14,6975.76,0.2,97660.64,19532.128,78128.512,2024-03
2024-03-08,Смирнова Е.А.,Челябинск,Одежда,Футболка,4,1603.93,0.35,6415.72,2245.502,4170.218000000001,2024-03
2024-03-09,Петрова М.В.,Москва,Дом и сад,Чайник,13,2639.94,0.3,34319.22,10295.766,24023.454,2024-03
2024-03-09,Кузнецов П.Р.,Москва,Электроника,Ноутбук,14,83553.79,0.18,1169753.0599999998,210555.55079999997,959197.5091999999,2024-03
2024-03-09,Петрова М.В.,Ростов-на-Дону,Книги,Комикс,2,484.48,0.41,968.96,397.2736,571.6864,2024-03
2024-03-12,Кузнецов П.Р.,Ростов-на-Дону,Дом и сад,Робот-пылесос,3,24911.17,0.25,74733.51,18683.3775,56050.13249999999,2024-03
2024-03-13,Иванов А.С.,Нижний Новгород,Книги,Фантастика,18,761.65,0.44,13709.699999999999,6032.267999999999,7677.432,2024-03
2024-03-13,Петрова М.В.,Екатеринбург,Продукты,Гречка,8,85.16,0.46,681.28,313.3888,367.89119999999997,2024-03
2024-03-13,Смирнова Е.А.,Москва,Автотовары,Ароматизатор,1,353.39,0.2,353.39,70.678,282.712,2024-03
2024-03-13,Петрова М.В.,Самара,Автотовары,Видеорегистратор,11,7939.8,0.25,87337.8,21834.45,65503.350000000006,2024-03
2024-03-14,Кузнецов П.Р.,Новосибирск,Продукты,Оливковое масло,1,2022.31,0.45,2022.31,910.0395,1112.2705,2024-03
2024-03-15,Иванов А.С.,Нижний Новгород,Продукты,Кофе зерновой,20,1252.38,0.5,25047.600000000002,12523.800000000001,12523.800000000001,2024-03
2024-03-15,Петрова М.В.,Москва,Продукты,Сыр,6,1436.7,0.45,8620.2,3879.0900000000006,4741.110000000001,2024-03
2024-03-15,Смирнова Е.А.,Ростов-на-Дону,Продукты,Оливковое масло,9,2064.85,0.46,18583.649999999998,8548.479,10035.170999999998,2024-03
2024-03-15,Иванов А.С.,Санкт-Петербург,Автотовары,Органайзер,10,1840.76,0.23,18407.6,4233.748,14173.851999999999,2024-03
2024-03-15,Петрова М.В.,Омск,Автотовары,Ароматизатор,16,372.27,0.26,5956.32,1548.6432,4407.676799999999,2024-03
2024-03-15,Сидоров К.Д.,Нижний Новгород,Книги,Детектив,3,718.71,0.38,2156.13,819.3294000000001,1336.8006,2024-03
2024-03-16,Кузнецов П.Р.,Челябинск,Спорт,Бутылка для воды,18,834.61,0.35,15022.98,5258.043,9764.937,2024-03
2024-03-16,Иванов А.С.,Омск,Автотовары,Органайзер,10,1766.41,0.24,17664.100000000002,4239.384,13424.716000000002,2024-03
2024-03-17,Иванов А.С.,Казань,Дом и сад,Садовый шланг,4,1894.77,0.24,7579.08,1818.9792,5760.1008,2024-03
2024-03-18,Иванов А.С.,Челябинск,Автотовары,Органайзер,19,2007.47,0.26,38141.93,9916.9018,28225.0282,2024-03
2024-03-18,Петрова М.В.,Санкт-Петербург,Спорт,Коврик для йоги,20,2403.33,0.38,48066.6,18265.308,29801.291999999998,2024-03
2024-03-18,Иванов А.С.,Ростов-на-Дону,Электроника,Смартфон,6,45971.77,0.13,275830.62,35857.9806,239972.6394,2024-03
2024-03-19,Сидоров К.Д.,Екатеринбург,Продукты,Гречка,2,102.84,0.42,205.68,86.3856,119.29440000000001,2024-03
2024-03-19,Петрова М.В.,Екатеринбург,Дом и сад,Набор посуды,11,7227.47,0.29,79502.17,23055.629299999997,56446.5407,2024-03
2024-03-19,Петрова М.В.,Омск,Косметика,Гель для душа,8,400.03,0.29,3200.24,928.0695999999999,2272.1704,2024-03
2024-03-20,Смирнова Е.А.,Омск,Спорт,Гантели,7,3935.56,0.29,27548.92,7989.186799999999,19559.7332,2024-03
2024-03-21,Кузнецов П.Р.,Новосибирск,Автотовары,Органайзер,9,1926.29,0.18,17336.61,3120.5898,14216.0202,2024-03
2024-03-22,Кузнецов П.Р.,Москва,Продукты,Оливковое масло,9,1571.09,0.43,14139.81,6080.1183,8059.691699999999,2024-03
2024-03-22,Кузнецов П.Р.,Санкт-Петербург,Книги,Бизнес,9,887.07,0.39,7983.63,3113.6157000000003,4870.0143,2024-03
2024-03-22,Смирнова Е.А.,Челябинск,Книги,Художественная литература,18,792.17,0.45,14259.06,6416.577,7842.482999999999,2024-03
2024-03-23,Сидоров К.Д.,Казань,Спорт,Мяч,4,748.37,0.32,2993.48,957.9136,2035.5664000000002,2024-03
2024-03-23,Сидоров К.Д.,Санкт-Петербург,Спорт,Гантели,3,2984.98,0.27,8954.94,2417.8338000000003,6537.1062,2024-03
2024-03-23,Смирнова Е.А.,Екатеринбург,Продукты,Кофе зерновой,17,1238.99,0.48,21062.83,10110.1584,10952.671600000001,2024-03
2024-03-23,Петрова М.В.,Казань,Продукты,Шоколад,6,135.39,0.44,812.3399999999999,357.4296,454.9103999999999,2024-03
2024-03-24,Сидоров К.Д.,Новосибирск,Книги,Комикс,18,549.95,0.44,9899.1,4355.604,5543.496,2024-03
2024-03-25,Петрова М.В.,Новосибирск,Электроника,Смартфон,11,50047.75,0.18,550525.25,99094.545,451430.705,2024-03
2024-03-26,Петрова М.В.,Екатеринбург,Книги,Бизнес,19,1032.23,0.44,19612.37,8629.442799999999,10982.9272,2024-03
2024-03-26,Сидоров К.Д.,Новосибирск,Дом и сад,Увлажнитель воздуха,5,4997.82,0.22,24989.1,5497.602,19491.498,2024-03
2024-03-26,Кузнецов П.Р.,Екатеринбург,Спорт,Гантели,20,3469.78,0.4,69395.6,27758.240000000005,41637.36,2024-03
2024-03-27,Петрова М.В.,Нижний Новгород,Электроника,Смартфон,1,43161.11,0.16,43161.11,6905.7776,36255.3324,2024-03
2024-03-27,Сидоров К.Д.,Самара,Спорт,Гантели,8,3253.18,0.32,26025.44,8328.1408,17697.2992,2024-03
2024-03-27,Сидоров К.Д.,Омск,Дом и сад,Робот-пылесос,17,22371.98,0.28,380323.66,106490.6248,273833.0352,2024-03
2024-03-27,Смирнова Е.А.,Казань,Электроника,Смартфон,13,38804.4,0.18,504457.2,90802.296,413654.904,2024-03
2024-03-28,Петрова М.В.,Омск,Одежда,Джинсы,20,4256.59,0.41,85131.8,34904.038,50227.762,2024-03
2024-03-28,Петрова М.В.,Омск,Спорт,Коврик для йоги,4,2395.93,0.27,9583.72,2587.6044,6996.115599999999,2024-03
2024-03-29,Иванов А.С.,Нижний Новгород,Дом и сад,Увлажнитель воздуха,18,4938.09,0.27,88885.62,23999.1174,64886.50259999999,2024-03
2024-03-29,Сидоров К.Д.,Омск,Книги,Детектив,3,569.72,0.41,1709.16,700.7556,1008.4044000000001,2024-03
2024-03-30,Кузнецов П.Р.,Челябинск,Дом и сад,Робот-пылесос,7,23895.76,0.24,167270.31999999998,40144.87679999999,127125.44319999998,2024-03
2024-03-30,Иванов А.С.,Самара,Одежда,Джинсы,1,5133.6,0.34,5133.6,1745.4240000000002,3388.1760000000004,2024-03
2024-03-30,Сидоров К.Д.,Москва,Одежда,Платье,8,5332.32,0.33,42658.56,14077.3248,28581.235199999996,2024-03
2024-03-30,Кузнецов П.Р.,Москва,Косметика,Крем для лица,5,1597.05,0.28,7985.25,2235.8700000000003,5749.379999999999,2024-03
2024-03-30,Иванов А.С.,Санкт-Петербург,Автотовары,Видеорегистратор,19,7048.67,0.25,133924.73,33481.1825,100443.54750000002,2024-03
2024-03-31,Иванов А.С.,Омск,Автотовары,Держатель для телефона,11,630.59,0.23,6936.490000000001,1595.3927000000003,5341.0973,2024-03
2024-04-01,Петрова М.В.,Челябинск,Спорт,Мяч,6,788.57,0.28,4731.42,1324.7976,3406.6224,2024-04
2024-04-01,Смирнова Е.А.,Екатеринбург,Одежда,Джинсы,16,4390.64,0.4,70250.24,28100.096000000005,42150.144,2024-04
2024-04-01,Петрова М.В.,Самара,Спорт,Бутылка для воды,9,990.13,0.31,8911.17,2762.4627,6148.7073,2024-04
2024-04-01,Петрова М.В.,Челябинск,Книги,Бизнес,9,936.96,0.41,8432.64,3457.3823999999995,4975.2576,2024-04
2024-04-01,Смирнова Е.А.,Омск,Автотовары,Ароматизатор,6,435.83,0.2,2614.98,522.996,2091.984,2024-04
2024-04-02,Смирнова Е.А.,Челябинск,Автотовары,Видеорегистратор,1,8004.27,0.18,8004.27,1440.7686,6563.5014,2024-04
2024-04-02,Сидоров К.Д.,Омск,Книги,Бизнес,5,953.41,0.39,4767.05,1859.1495000000002,2907.9004999999997,2024-04
2024-04-02,Сидоров К.Д.,Казань,Косметика,Шампунь,3,629.01,0.31,1887.03,584.9793,1302.0507,2024-04
2024-04-02,Смирнова Е.А.,Москва,Одежда,Кроссовки,17,6129.5,0.4,104201.5,41680.600000000006,62520.899999999994,2024-04
2024-04-03,Смирнова Е.А.,Омск,Спорт,Бутылка для воды,1,829.94,0.32,829.94,265.5808,564.3592000000001,2024-04
2024-04-04,Иванов А.С.,Омск,Дом и сад,Робот-пылесос,7,24893.38,0.23,174253.66,40078.3418,134175.3182,2024-04
2024-04-04,Смирнова Е.А.,Москва,Спорт,Мяч,6,831.46,0.29,4988.76,1446.7404,3542.0196000000005,2024-04
2024-04-04,Петрова М.В.,Самара,Книги,Комикс,3,559.66,0.4,1678.98,671.5920000000001,1007.3879999999999,2024-04
2024-04-04,Петрова М.В.,Омск,Спорт,Фитнес-браслет,10,4420.94,0.36,44209.399999999994,15915.383999999998,28294.015999999996,2024-04
2024-04-05,Иванов А.С.,Санкт-Петербург,Книги,Фантастика,12,813.67,0.42,9764.039999999999,4100.8967999999995,5663.1431999999995,2024-04
2024-04-05,Петрова М.В.,Казань,Спорт,Коврик для йоги,13,2598.07,0.36,33774.91,12158.9676,21615.942400000004,2024-04
2024-04-05,Иванов А.С.,Казань,Книги,Фантастика,7,666.09,0.41,4662.63,1911.6783,2750.9517,2024-04
2024-04-07,Петрова М.В.,Челябинск,Автотовары,Держатель для телефона,17,689.43,0.27,11720.31,3164.4837,8555.826299999999,2024-04
2024-04-07,Сидоров К.Д.,Москва,Электроника,Ноутбук,11,77165.18,0.19,848816.98,161275.2262,687541.7538,2024-04
2024-04-07,Сидоров К.Д.,Нижний Новгород,Продукты,Оливковое масло,18,1648.62,0.5,29675.159999999996,14837.579999999998,14837.579999999998,2024-04
2024-04-08,Петрова М.В.,Челябинск,Косметика,Парфюм,16,4077.33,0.35,65237.28,22833.048,42404.232,2024-04
2024-04-08,Кузнецов П.Р.,Москва,Косметика,Маска для волос,14,1006.57,0.36,14091.980000000001,5073.1128,9018.8672,2024-04
2024-04-08,Смирнова Е.А.,Новосибирск,Электроника,Умная колонка,19,11961.59,0.19,227270.21,43181.3399,184088.8701,2024-04
2024-04-09,Кузнецов П.Р.,Новосибирск,Одежда,Джинсы,20,3855.94,0.44,77118.8,33932.272000000004,43186.528,2024-04
2024-04-10,Иванов А.С.,Екатеринбург,Косметика,Шампунь,19,522.88,0.34,9934.72,3377.8048,6556.9151999999995,2024-04
2024-04-10,Смирнова Е.А.,Санкт-Петербург,Книги,Фантастика,8,832.8,0.38,6662.4,2531.712,4130.688,2024-04
2024-04-11,Петрова М.В.,Челябинск,Дом и сад,Набор посуды,8,7297.54,0.22,58380.32,12843.6704,45536.6496,2024-04
2024-04-11,Смирнова Е.А.,Санкт-Петербург,Спорт,Фитнес-браслет,8,4357.66,0.28,34861.28,9761.1584,25100.1216,2024-04
2024-04-11,Сидоров К.Д.,Екатеринбург,Косметика,Маска для волос,17,837.46,0.33,14236.82,4698.1506,9538.669399999999,2024-04
2024-04-12,Сидоров К.Д.,Ростов-на-Дону,Книги,Комикс,2,481.7,0.39,963.4,375.726,587.674,2024-04
2024-04-12,Смирнова Е.А.,Казань,Косметика,Шампунь,6,570.35,0.31,3422.1000000000004,1060.851,2361.2490000000003,2024-04
2024-04-13,Смирнова Е.А.,Омск,Электроника,Беспроводные наушники,13,8221.94,0.2,106885.22,21377.044,85508.176,2024-04
2024-04-13,Петрова М.В.,Нижний Новгород,Электроника,Беспроводные наушники,9,9094.94,0.15,81854.46,12278.169,69576.29100000001,2024-04
2024-04-13,Петрова М.В.,Нижний Новгород,Дом и сад,Робот-пылесос,17,26379.85,0.3,448457.44999999995,134537.235,313920.21499999997,2024-04
2024-04-13,Смирнова Е.А.,Санкт-Петербург,Спорт,Фитнес-браслет,11,4152.79,0.33,45680.69,15074.627700000001,30606.0623,2024-04
2024-04-14,Сидоров К.Д.,Нижний Новгород,Электроника,Умная колонка,14,12545.04,0.2,175630.56,35126.112,140504.448,2024-04
2024-04-14,Иванов А.С.,Екатеринбург,Автотовары,Щетка для снега,6,1133.88,0.19,6803.280000000001,1292.6232000000002,5510.656800000001,2024-04
2024-04-14,Иванов А.С.,Челябинск,Дом и сад,Садовый шланг,12,2014.22,0.3,24170.64,7251.192,16919.448,2024-04
2024-04-15,Петрова М.В.,Екатеринбург,Спорт,Гантели,14,3690.03,0.37,51660.420000000006,19114.3554,32546.064600000005,2024-04
2024-04-15,Сидоров К.Д.,Челябинск,Спорт,Фитнес-браслет,3,3563.66,0.29,10690.98,3100.3841999999995,7590.5958,2024-04
2024-04-16,Петрова М.В.,Омск,Спорт,Мяч,7,745.57,0.27,5218.990000000001,1409.1273000000003,3809.8627000000006,2024-04
2024-04-17,Смирнова Е.А.,Москва,Дом и сад,Садовый шланг,2,2242.99,0.26,4485.98,1166.3547999999998,3319.6251999999995,2024-04
2024-04-17,Кузнецов П.Р.,Челябинск,Электроника,Ноутбук,12,72764.97,0.21,873179.64,183367.7244,689811.9156,2024-04
2024-04-18,Петрова М.В.,Ростов-на-Дону,Электроника,Умные часы,17,21373.83,0.2,363355.11000000004,72671.02200000001,290684.08800000005,2024-04
2024-04-18,Смирнова Е.А.,Самара,Автотовары,Держатель для телефона,11,674.92,0.24,7424.12,1781.7887999999998,5642.3312000000005,2024-04
2024-04-18,Кузнецов П.Р.,Екатеринбург,Спорт,Коврик для йоги,17,2204.23,0.36,37471.91,13489.8876,23982.0224,2024-04
2024-04-20,Кузнецов П.Р.,Омск,Электроника,Смартфон,15,46036.66,0.2,690549.9,138109.98,552439.92,2024-04
2024-04-20,Смирнова Е.А.,Самара,Спорт,Гантели,9,3101.72,0.3,27915.48,8374.644,19540.836,2024-04
2024-04-20,Петрова М.В.,Санкт-Петербург,Книги,Бизнес,8,1000.58,0.38,8004.64,3041.7632000000003,4962.8768,2024-04
2024-04-20,Иванов А.С.,Казань,Одежда,Футболка,9,1285.01,0.36,11565.09,4163.4324,7401.6576000000005,2024-04
2024-04-20,Смирнова Е.А.,Челябинск,Косметика,Шампунь,13,648.23,0.32,8426.99,2696.6367999999998,5730.3532,2024-04
2024-04-20,Кузнецов П.Р.,Екатеринбург,Книги,Детектив,10,684.97,0.45,6849.700000000001,3082.3650000000002,3767.3350000000005,2024-04
2024-04-21,Кузнецов П.Р.,Омск,Косметика,Крем для лица,9,1720.46,0.27,15484.14,4180.7178,11303.422199999999,2024-04
2024-04-22,Кузнецов П.Р.,Москва,Автотовары,Видеорегистратор,13,6821.14,0.23,88674.82,20395.2086,68279.61140000001,2024-04
2024-04-22,Петрова М.В.,Екатеринбург,Косметика,Шампунь,19,683.64,0.34,12989.16,4416.3144,8572.8456,2024-04
2024-04-22,Смирнова Е.А.,Екатеринбург,Спорт,Фитнес-браслет,11,3772.91,0.35,41502.009999999995,14525.703499999998,26976.3065,2024-04
2024-04-22,Петрова М.В.,Казань,Электроника,Ноутбук,17,87035.73,0.18,1479607.41,266329.33379999996,1213278.0762,2024-04
2024-04-22,Смирнова Е.А.,Челябинск,Дом и сад,Набор посуды,14,6075.04,0.31,85050.56,26365.6736,58684.8864,2024-04
2024-04-23,Кузнецов П.Р.,Екатеринбург,Дом и сад,Робот-пылесос,7,21769.87,0.24,152389.09,36573.3816,115815.7084,2024-04
2024-04-23,Смирнова Е.А.,Москва,Одежда,Футболка,20,1515.74,0.42,30314.8,12732.215999999999,17582.584000000003,2024-04
2024-04-23,Иванов А.С.,Санкт-Петербург,Автотовары,Ароматизатор,10,430.12,0.23,4301.2,989.276,3311.924,2024-04
2024-04-24,Петрова М.В.,Омск,Косметика,Крем для лица,14,1386.85,0.35,19415.899999999998,6795.564999999999,12620.335,2024-04
2024-04-24,Петрова М.В.,Санкт-Петербург,Книги,Детектив,5,559.45,0.38,2797.25,1062.955,1734.295,2024-04
2024-04-25,Петрова М.В.,Екатеринбург,Электроника,Беспроводные наушники,19,7715.21,0.17,146588.99,24920.1283,121668.8617,2024-04
2024-04-25,Кузнецов П.Р.,Москва,Дом и сад,Чайник,9,3428.93,0.27,30860.37,8332.2999,22528.070099999997,2024-04
2024-04-25,Сидоров К.Д.,Омск,Дом и сад,Чайник,19,2918.17,0.29,55445.23,16079.1167,39366.113300000005,2024-04
2024-04-25,Кузнецов П.Р.,Нижний Новгород,Электроника,Беспроводные наушники,19,6818.1,0.21,129543.90000000001,27204.219,102339.68100000001,2024-04
2024-04-26,Петрова М.В.,Казань,Одежда,Платье,15,5753.75,0.41,86306.25,35385.5625,50920.6875,2024-04
2024-04-26,Кузнецов П.Р.,Москва,Автотовары,Видеорегистратор,3,7008.48,0.2,21025.44,4205.088,16820.352,2024-04
2024-04-26,Петрова М.В.,Екатеринбург,Автотовары,Видеорегистратор,12,7824.27,0.23,93891.24,21594.985200000003,72296.2548,2024-04
2024-04-27,Иванов А.С.,Самара,Косметика,Крем для лица,1,1293.72,0.32,1293.72,413.9904,879.7296,2024-04
2024-04-27,Петрова М.В.,Омск,Спорт,Гантели,5,3366.58,0.28,16832.9,4713.212,12119.688000000002,2024-04
2024-04-27,Сидоров К.Д.,Екатеринбург,Одежда,Джинсы,6,3896.0,0.36,23376.0,8415.36,14960.64,2024-04
2024-04-28,Петрова М.В.,Санкт-Петербург,Одежда,Куртка,13,8747.08,0.38,113712.04,43210.5752,70501.46479999999,2024-04
2024-04-28,Кузнецов П.Р.,Москва,Косметика,Маска для волос,8,816.48,0.28,6531.84,1828.9152000000001,4702.9248,2024-04
2024-04-28,Иванов А.С.,Челябинск,Косметика,Гель для душа,5,440.62,0.32,2203.1,704.992,1498.108,2024-04
2024-04-29,Иванов А.С.,Челябинск,Косметика,Гель для душа,16,364.53,0.32,5832.48,1866.3935999999999,3966.0863999999997,2024-04
2024-05-01,Кузнецов П.Р.,Казань,Электроника,Ноутбук,2,79678.22,0.13,159356.44,20716.3372,138640.1028,2024-05
2024-05-01,Петрова М.В.,Казань,Продукты,Сыр,17,1397.19,0.47,23752.23,11163.5481,12588.6819,2024-05
2024-05-01,Смирнова Е.А.,Санкт-Петербург,Спорт,Бутылка для воды,14,978.66,0.33,13701.24,4521.4092,9179.8308,2024-05
2024-05-01,Смирнова Е.А.,Омск,Дом и сад,Чайник,1,2837.19,0.23,2837.19,652.5537,2184.6363,2024-05
2024-05-01,Сидоров К.Д.,Ростов-на-Дону,Продукты,Гречка,2,76.51,0.44,153.02,67.3288,85.69120000000001,2024-05
2024-05-02,Сидоров К.Д.,Самара,Дом и сад,Увлажнитель воздуха,18,5056.04,0.3,91008.72,27302.615999999998,63706.10400000001,2024-05
2024-05-03,Сидоров К.Д.,Омск,Книги,Фантастика,13,833.48,0.46,10835.24,4984.2104,5851.0296,2024-05
2024-05-03,Смирнова Е.А.,Нижний Новгород,Одежда,Куртка,19,8387.94,0.4,159370.86000000002,63748.34400000001,95622.516,2024-05
2024-05-03,Сидоров К.Д.,Ростов-на-Дону,Дом и сад,Набор посуды,16,7020.42,0.28,112326.72,31451.481600000003,80875.2384,2024-05
2024-05-03,Смирнова Е.А.,Омск,Дом и сад,Чайник,13,2686.06,0.28,34918.78,9777.2584,25141.5216,2024-05
2024-05-03,Иванов А.С.,Нижний Новгород,Автотовары,Видеорегистратор,20,6852.37,0.25,137047.4,34261.85,102785.54999999999,2024-05
2024-05-04,Иванов А.С.,Нижний Новгород,Продукты,Сыр,17,1726.32,0.48,29347.44,14086.7712,15260.6688,2024-05
2024-05-04,Иванов А.С.,Ростов-на-Дону,Электроника,Беспроводные наушники,8,8901.38,0.14,71211.04,9969.5456,61241.494399999996,2024-05
2024-05-04,Смирнова Е.А.,Нижний Новгород,Автотовары,Видеорегистратор,2,6655.83,0.19,13311.66,2529.2154,10782.444599999999,2024-05
2024-05-05,Сидоров К.Д.,Екатеринбург,Дом и сад,Робот-пылесос,6,26221.02,0.25,157326.12,39331.53,117994.59,2024-05
2024-05-05,Сидоров К.Д.,Москва,Дом и сад,Садовый шланг,3,2067.97,0.23,6203.91,1426.8993,4777.0107,2024-05
2024-05-05,Петрова М.В.,Екатеринбург,Спорт,Коврик для йоги,14,2607.49,0.34,36504.86,12411.6524,24093.2076,2024-05
2024-05-05,Кузнецов П.Р.,Челябинск,Автотовары,Ароматизатор,10,445.08,0.26,4450.8,1157.208,3293.592,2024-05
2024-05-05,Кузнецов П.Р.,Екатеринбург,Автотовары,Органайзер,10,1578.07,0.23,15780.699999999999,3629.5609999999997,12151.139,2024-05
2024-05-06,Иванов А.С.,Омск,Спорт,Коврик для йоги,6,2695.15,0.29,16170.900000000001,4689.561,11481.339000000002,2024-05
2024-05-06,Иванов А.С.,Самара,Автотовары,Видеорегистратор,8,6093.75,0.18,48750.0,8775.0,39975.0,2024-05
2024-05-07,Иванов А.С.,Москва,Дом и сад,Увлажнитель воздуха,12,5391.2,0.31,64694.399999999994,20055.264,44639.136,2024-05
2024-05-07,Кузнецов П.Р.,Москва,Спорт,Мяч,2,778.72,0.29,1557.44,451.6576,1105.7824,2024-05
2024-05-07,Кузнецов П.Р.,Екатеринбург,Продукты,Шоколад,18,170.67,0.49,3072.06,1505.3093999999999,1566.7506,2024-05
2024-05-07,Иванов А.С.,Нижний Новгород,Косметика,Гель для душа,8,344.83,0.27,2758.64,744.8328,2013.8071999999997,2024-05
2024-05-08,Иванов А.С.,Новосибирск,Дом и сад,Робот-пылесос,6,24057.44,0.24,144344.63999999998,34642.713599999995,109701.9264,2024-05
2024-05-08,Смирнова Е.А.,Челябинск,Дом и сад,Набор посуды,7,5970.3,0.27,41792.1,11283.867,30508.233,2024-05
2024-05-08,Иванов А.С.,Москва,Дом и сад,Чайник,19,2975.04,0.27,56525.76,15261.955200000002,41263.8048,2024-05
2024-05-08,Смирнова Е.А.,Москва,Спорт,Мяч,10,719.71,0.36,7197.1,2590.956,4606.144,2024-05
2024-05-09,Иванов А.С.,Новосибирск,Электроника,Умные часы,5,20401.9,0.14,102009.5,14281.330000000002,87728.17,2024-05
2024-05-09,Кузнецов П.Р.,Москва,Автотовары,Органайзер,1,1871.27,0.2,1871.27,374.254,1497.016,2024-05
2024-05-09,Иванов А.С.,Новосибирск,Одежда,Кроссовки,1,6021.85,0.36,6021.85,2167.866,3853.9840000000004,2024-05
2024-05-09,Петрова М.В.,Нижний Новгород,Продукты,Шоколад,5,166.49,0.43,832.45,357.9535,474.4965,2024-05
2024-05-10,Смирнова Е.А.,Омск,Одежда,Платье,19,6007.37,0.39,114140.03,44514.6117,69625.41829999999,2024-05
2024-05-10,Иванов А.С.,Нижний Новгород,Автотовары,Держатель для телефона,13,675.12,0.24,8776.56,2106.3743999999997,6670.1856,2024-05
2024-05-10,Петрова М.В.,Новосибирск,Спорт,Мяч,18,781.84,0.34,14073.12,4784.8608,9288.2592,2024-05
2024-05-10,Петрова М.В.,Нижний Новгород,Автотовары,Ароматизатор,15,404.16,0.25,6062.400000000001,1515.6000000000001,4546.8,2024-05
2024-05-11,Сидоров К.Д.,Омск,Одежда,Платье,9,5343.55,0.35,48091.950000000004,16832.1825,31259.767500000005,2024-05
2024-05-11,Кузнецов П.Р.,Нижний Новгород,Косметика,Парфюм,17,4445.76,0.37,75577.92,27963.8304,47614.0896,2024-05
2024-05-11,Смирнова Е.А.,Ростов-на-Дону,Косметика,Крем для лица,18,1550.1,0.37,27901.8,10323.666,17578.134,2024-05
2024-05-12,Смирнова Е.А.,Новосибирск,Продукты,Шоколад,5,166.1,0.42,830.5,348.81,481.69,2024-05
2024-05-12,Петрова М.В.,Самара,Автотовары,Ароматизатор,5,413.64,0.19,2068.2,392.95799999999997,1675.2419999999997,2024-05
2024-05-12,Иванов А.С.,Омск,Одежда,Кроссовки,13,7464.77,0.41,97042.01000000001,39787.2241,57254.78590000001,2024-05
2024-05-13,Смирнова Е.А.,Челябинск,Электроника,Смартфон,20,39830.06,0.23,796601.2,183218.27599999998,613382.924,2024-05
2024-05-13,Петрова М.В.,Омск,Косметика,Парфюм,5,5025.28,0.31,25126.399999999998,7789.183999999999,17337.216,2024-05
2024-05-14,Смирнова Е.А.,Омск,Продукты,Кофе зерновой,17,1247.66,0.48,21210.22,10180.9056,11029.314400000001,2024-05
2024-05-15,Сидоров К.Д.,Новосибирск,Дом и сад,Робот-пылесос,20,21283.01,0.32,425660.19999999995,136211.264,289448.936,2024-05
2024-05-16,Смирнова Е.А.,Самара,Одежда,Куртка,20,8195.63,0.44,163912.59999999998,72121.544,91791.05599999998,2024-05
2024-05-16,Петрова М.В.,Ростов-на-Дону,Электроника,Беспроводные наушники,15,7936.05,0.2,119040.75,23808.15,95232.6,2024-05
2024-05-16,Иванов А.С.,Екатеринбург,Автотовары,Щетка для снега,14,1101.18,0.27,15416.52,4162.460400000001,11254.0596,2024-05
2024-05-16,Смирнова Е.А.,Омск,Спорт,Коврик для йоги,5,2834.63,0.31,14173.150000000001,4393.6765000000005,9779.4735,2024-05
2024-05-17,Петрова М.В.,Новосибирск,Косметика,Парфюм,17,4479.4,0.36,76149.79999999999,27413.927999999996,48735.87199999999,2024-05
2024-05-17,Иванов А.С.,Санкт-Петербург,Продукты,Кофе зерновой,6,1340.4,0.44,8042.400000000001,3538.6560000000004,4503.744000000001,2024-05
2024-05-17,Петрова М.В.,Самара,Косметика,Шампунь,14,580.73,0.33,8130.22,2682.9726,5447.2474,2024-05
2024-05-18,Смирнова Е.А.,Екатеринбург,Косметика,Шампунь,14,622.85,0.34,8719.9,2964.766,5755.134,2024-05
2024-05-18,Сидоров К.Д.,Москва,Одежда,Куртка,14,9824.23,0.38,137539.22,52264.9036,85274.31640000001,2024-05
2024-05-18,Сидоров К.Д.,Санкт-Петербург,Спорт,Мяч,5,842.42,0.29,4212.099999999999,1221.5089999999998,2990.5909999999994,2024-05
2024-05-19,Петрова М.В.,Самара,Продукты,Шоколад,3,150.92,0.43,452.76,194.6868,258.0732,2024-05
2024-05-20,Петрова М.В.,Казань,Спорт,Коврик для йоги,1,2421.32,0.32,2421.32,774.8224,1646.4976000000001,2024-05
2024-05-20,Смирнова Е.А.,Новосибирск,Косметика,Крем для лица,20,1365.69,0.36,27313.800000000003,9832.968,17480.832000000002,2024-05
2024-05-20,Петрова М.В.,Москва,Косметика,Шампунь,1,634.64,0.28,634.64,177.69920000000002,456.94079999999997,2024-05
2024-05-20,Кузнецов П.Р.,Екатеринбург,Автотовары,Щетка для снега,19,1239.14,0.23,23543.660000000003,5415.041800000001,18128.618200000004,2024-05
2024-05-20,Сидоров К.Д.,Москва,Электроника,Смартфон,18,45260.06,0.2,814681.08,162936.21600000001,651744.864,2024-05
2024-05-21,Кузнецов П.Р.,Екатеринбург,Книги,Бизнес,17,949.33,0.46,16138.61,7423.7606000000005,8714.8494,2024-05
2024-05-21,Кузнецов П.Р.,Челябинск,Автотовары,Ароматизатор,15,352.48,0.23,5287.200000000001,1216.0560000000003,4071.1440000000002,2024-05
2024-05-21,Смирнова Е.А.,Екатеринбург,Автотовары,Органайзер,1,1737.09,0.19,1737.09,330.0471,1407.0429,2024-05
2024-05-22,Смирнова Е.А.,Челябинск,Автотовары,Видеорегистратор,10,7813.0,0.22,78130.0,17188.6,60941.4,2024-05
2024-05-22,Иванов А.С.,Казань,Косметика,Крем для лица,7,1292.06,0.31,9044.42,2803.7702,6240.6498,2024-05
2024-05-22,Кузнецов П.Р.,Самара,Дом и сад,Увлажнитель воздуха,7,5457.11,0.27,38199.77,10313.937899999999,27885.8321,2024-05
2024-05-22,Иванов А.С.,Санкт-Петербург,Электроника,Смартфон,3,49533.39,0.17,148600.16999999998,25262.028899999998,123338.14109999998,2024-05
2024-05-22,Петрова М.В.,Самара,Автотовары,Ароматизатор,15,448.72,0.23,6730.8,1548.084,5182.716,2024-05
2024-05-23,Кузнецов П.Р.,Москва,Косметика,Парфюм,7,4673.18,0.32,32712.260000000002,10467.923200000001,22244.3368,2024-05
2024-05-23,Сидоров К.Д.,Санкт-Петербург,Одежда,Платье,7,5952.38,0.34,41666.66,14166.664400000001,27499.995600000002,2024-05
2024-05-23,Сидоров К.Д.,Санкт-Петербург,Спорт,Мяч,19,889.49,0.34,16900.31,5746.105400000001,11154.204600000001,2024-05
2024-05-24,Смирнова Е.А.,Омск,Дом и сад,Увлажнитель воздуха,8,4275.34,0.22,34202.72,7524.5984,26678.121600000002,2024-05
2024-05-24,Иванов А.С.,Челябинск,Косметика,Гель для душа,18,360.49,0.35,6488.82,2271.0869999999995,4217.733,2024-05
2024-05-25,Петрова М.В.,Ростов-на-Дону,Электроника,Беспроводные наушники,6,7923.92,0.17,47543.520000000004,8082.398400000001,39461.121600000006,2024-05
2024-05-25,Сидоров К.Д.,Санкт-Петербург,Косметика,Маска для волос,18,1001.79,0.34,18032.22,6130.9548,11901.265200000002,2024-05
2024-05-25,Смирнова Е.А.,Самара,Косметика,Гель для душа,18,452.7,0.34,8148.599999999999,2770.524,5378.075999999999,2024-05
2024-05-26,Кузнецов П.Р.,Нижний Новгород,Книги,Бизнес,18,770.61,0.44,13870.98,6103.2312,7767.748799999999,2024-05
2024-05-26,Смирнова Е.А.,Самара,Спорт,Коврик для йоги,2,2873.7,0.29,5747.4,1666.7459999999999,4080.6539999999995,2024-05
2024-05-26,Сидоров К.Д.,Ростов-на-Дону,Автотовары,Щетка для снега,1,1025.55,0.18,1025.55,184.599,840.951,2024-05
2024-05-26,Смирнова Е.А.,Самара,Косметика,Маска для волос,17,879.24,0.33,14947.08,4932.5364,10014.5436,2024-05
2024-05-27,Иванов А.С.,Казань,Автотовары,Органайзер,16,2010.45,0.25,32167.2,8041.8,24125.4,2024-05
2024-05-27,Смирнова Е.А.,Омск,Книги,Бизнес,7,803.93,0.41,5627.509999999999,2307.2790999999997,3320.2308999999996,2024-05
2024-05-28,Петрова М.В.,Екатеринбург,Косметика,Шампунь,4,687.19,0.31,2748.76,852.1156000000001,1896.6444000000001,2024-05
2024-05-28,Петрова М.В.,Казань,Спорт,Гантели,17,3726.12,0.32,63344.04,20270.092800000002,43073.947199999995,2024-05
2024-05-28,Иванов А.С.,Ростов-на-Дону,Книги,Детектив,13,601.68,0.42,7821.839999999999,3285.1727999999994,4536.6672,2024-05
2024-05-28,Сидоров К.Д.,Санкт-Петербург,Электроника,Умные часы,15,22296.16,0.17,334442.4,56855.208000000006,277587.19200000004,2024-05
2024-05-28,Иванов А.С.,Нижний Новгород,Косметика,Маска для волос,9,894.42,0.27,8049.78,2173.4406,5876.3394,2024-05
2024-05-28,Смирнова Е.А.,Ростов-на-Дону,Спорт,Фитнес-браслет,1,4218.68,0.31,4218.68,1307.7908,2910.8892000000005,2024-05
2024-05-29,Сидоров К.Д.,Санкт-Петербург,Косметика,Крем для лица,18,1676.94,0.34,30184.920000000002,10262.872800000001,19922.0472,2024-05
2024-05-30,Иванов А.С.,Самара,Книги,Художественная литература,15,623.89,0.44,9358.35,4117.674,5240.676,2024-05
2024-05-30,Петрова М.В.,Казань,Косметика,Гель для душа,12,375.04,0.35,4500.4800000000005,1575.1680000000001,2925.3120000000004,2024-05
2024-05-30,Кузнецов П.Р.,Челябинск,Одежда,Кроссовки,7,5857.34,0.36,41001.380000000005,14760.4968,26240.883200000004,2024-05
2024-05-31,Кузнецов П.Р.,Челябинск,Косметика,Парфюм,12,4588.27,0.35,55059.240000000005,19270.734,35788.50600000001,2024-05
2024-05-31,Сидоров К.Д.,Омск,Продукты,Шоколад,2,147.0,0.43,294.0,126.42,167.57999999999998,2024-05
2024-05-31,Сидоров К.Д.,Нижний Новгород,Косметика,Маска для волос,1,823.28,0.3,823.28,246.98399999999998,576.296,2024-05
2024-06-01,Кузнецов П.Р.,Новосибирск,Спорт,Гантели,8,3829.01,0.29,30632.08,8883.3032,21748.7768,2024-06
2024-06-02,Иванов А.С.,Москва,Книги,Бизнес,9,874.91,0.38,7874.19,2992.1922,4881.997799999999,2024-06
2024-06-02,Сидоров К.Д.,Москва,Косметика,Гель для душа,18,354.85,0.37,6387.3,2363.301,4023.9990000000003,2024-06
2024-06-02,Иванов А.С.,Нижний Новгород,Одежда,Кроссовки,18,5850.15,0.41,105302.7,43174.106999999996,62128.593,2024-06
2024-06-02,Смирнова Е.А.,Нижний Новгород,Электроника,Ноутбук,1,88708.77,0.15,88708.77,13306.3155,75402.4545,2024-06
2024-06-02,Иванов А.С.,Челябинск,Спорт,Мяч,3,769.18,0.28,2307.54,646.1112,1661.4288,2024-06
2024-06-03,Кузнецов П.Р.,Казань,Дом и сад,Чайник,18,2819.17,0.3,50745.06,15223.517999999998,35521.542,2024-06
2024-06-03,Кузнецов П.Р.,Челябинск,Спорт,Мяч,6,876.11,0.3,5256.66,1576.9979999999998,3679.6620000000003,2024-06
2024-06-04,Петрова М.В.,Челябинск,Одежда,Футболка,20,1370.21,0.45,27404.2,12331.890000000001,15072.31,2024-06
2024-06-04,Смирнова Е.А.,Новосибирск,Косметика,Гель для душа,7,344.34,0.28,2410.3799999999997,674.9064,1735.4735999999998,2024-06
2024-06-04,Петрова М.В.,Самара,Одежда,Платье,8,6026.07,0.33,48208.56,15908.8248,32299.735199999996,2024-06
2024-06-04,Петрова М.В.,Нижний Новгород,Автотовары,Щетка для снега,1,1032.88,0.21,1032.88,216.90480000000002,815.9752000000001,2024-06
2024-06-05,Петрова М.В.,Екатеринбург,Автотовары,Органайзер,14,1969.1,0.24,27567.399999999998,6616.1759999999995,20951.224,2024-06
2024-06-05,Смирнова Е.А.,Челябинск,Книги,Фантастика,2,719.25,0.39,1438.5,561.015,877.485,2024-06
2024-06-05,Иванов А.С.,Самара,Электроника,Умная колонка,9,13252.9,0.13,119276.09999999999,15505.893,103770.207,2024-06
2024-06-06,Петрова М.В.,Ростов-на-Дону,Косметика,Парфюм,13,3956.85,0.32,51439.049999999996,16460.496,34978.554,2024-06
2024-06-07,Сидоров К.Д.,Ростов-на-Дону,Электроника,Умные часы,6,21567.72,0.13,129406.32,16822.821600000003,112583.49840000001,2024-06
2024-06-07,Смирнова Е.А.,Омск,Продукты,Оливковое масло,8,1695.98,0.47,13567.84,6376.8848,7190.9552,2024-06
2024-06-07,Иванов А.С.,Казань,Книги,Детектив,20,689.51,0.5,13790.2,6895.1,6895.1,2024-06
2024-06-07,Петрова М.В.,Ростов-на-Дону,Книги,Бизнес,3,955.11,0.38,2865.33,1088.8254,1776.5046,2024-06
2024-06-08,Иванов А.С.,Нижний Новгород,Книги,Художественная литература,17,632.22,0.45,10747.74,4836.483,5911.257,2024-06
2024-06-08,Смирнова Е.А.,Новосибирск,Продукты,Шоколад,12,159.28,0.48,1911.3600000000001,917.4528,993.9072000000001,2024-06
2024-06-08,Смирнова Е.А.,Москва,Спорт,Мяч,5,718.15,0.29,3590.75,1041.3174999999999,2549.4325,2024-06
2024-06-08,Петрова М.В.,Казань,Электроника,Беспроводные наушники,5,7141.06,0.17,35705.3,6069.901000000001,29635.399,2024-06
2024-06-08,Петрова М.В.,Челябинск,Электроника,Ноутбук,17,94598.95,0.21,1608182.15,337718.25149999995,1270463.8985,2024-06
2024-06-08,Сидоров К.Д.,Самара,Продукты,Оливковое масло,1,1927.2,0.43,1927.2,828.696,1098.504,2024-06
2024-06-09,Смирнова Е.А.,Казань,Электроника,Беспроводные наушники,3,8136.07,0.15,24408.21,3661.2315,20746.978499999997,2024-06
2024-06-09,Сидоров К.Д.,Нижний Новгород,Спорт,Мяч,9,752.53,0.28,6772.7699999999995,1896.3756,4876.394399999999,2024-06
2024-06-09,Иванов А.С.,Москва,Косметика,Парфюм,15,4587.77,0.36,68816.55,24773.958,44042.592000000004,2024-06
2024-06-10,Иванов А.С.,Омск,Косметика,Парфюм,12,4302.91,0.35,51634.92,18072.221999999998,33562.698000000004,2024-06
2024-06-10,Сидоров К.Д.,Москва,Продукты,Оливковое масло,1,1868.5,0.43,1868.5,803.455,1065.045,2024-06
2024-06-10,Смирнова Е.А.,Казань,Электроника,Ноутбук,18,89258.54,0.18,1606653.72,289197.66959999996,1317456.0504,2024-06
2024-06-10,Петрова М.В.,Самара,Дом и сад,Чайник,14,2591.02,0.31,36274.28,11245.0268,25029.2532,2024-06
2024-06-10,Кузнецов П.Р.,Омск,Книги,Фантастика,1,813.17,0.39,813.17,317.1363,496.03369999999995,2024-06
2024-06-11,Петрова М.В.,Москва,Автотовары,Держатель для телефона,15,772.52,0.25,11587.8,2896.95,8690.849999999999,2024-06
2024-06-11,Кузнецов П.Р.,Нижний Новгород,Книги,Комикс,2,558.31,0.42,1116.62,468.9803999999999,647.6396,2024-06
2024-06-12,Иванов А.С.,Самара,Косметика,Крем для лица,17,1376.91,0.36,23407.47,8426.6892,14980.7808,2024-06
2024-06-12,Смирнова Е.А.,Новосибирск,Спорт,Гантели,6,3838.76,0.31,23032.56,7140.0936,15892.466400000001,2024-06
2024-06-12,Смирнова Е.А.,Самара,Спорт,Гантели,15,3527.19,0.32,52907.85,16930.512,35977.338,2024-06
2024-06-12,Сидоров К.Д.,Санкт-Петербург,Одежда,Футболка,17,1346.08,0.38,22883.36,8695.676800000001,14187.6832,2024-06
2024-06-13,Смирнова Е.А.,Ростов-на-Дону,Электроника,Смартфон,6,39217.28,0.16,235303.68,37648.5888,197655.0912,2024-06
2024-06-13,Смирнова Е.А.,Москва,Спорт,Фитнес-браслет,11,3619.76,0.35,39817.36,13936.076,25881.284,2024-06
2024-06-13,Сидоров К.Д.,Казань,Продукты,Шоколад,13,162.84,0.48,2116.92,1016.1216,1100.7984000000001,2024-06
2024-06-13,Смирнова Е.А.,Самара,Одежда,Джинсы,7,4569.77,0.34,31988.390000000003,10876.052600000003,21112.3374,2024-06
2024-06-14,Смирнова Е.А.,Москва,Продукты,Шоколад,15,158.96,0.49,2384.4,1168.356,1216.044,2024-06
2024-06-14,Иванов А.С.,Москва,Автотовары,Держатель для телефона,3,669.54,0.18,2008.62,361.55159999999995,1647.0683999999999,2024-06
2024-06-15,Петрова М.В.,Самара,Дом и сад,Садовый шланг,19,2232.04,0.32,42408.76,13570.8032,28837.9568,2024-06
2024-06-15,Сидоров К.Д.,Омск,Спорт,Гантели,4,3264.72,0.28,13058.88,3656.4864000000002,9402.3936,2024-06
2024-06-16,Иванов А.С.,Москва,Книги,Детектив,18,587.17,0.46,10569.06,4861.7676,5707.292399999999,2024-06
2024-06-17,Петрова М.В.,Челябинск,Спорт,Бутылка для воды,7,853.26,0.32,5972.82,1911.3024,4061.5175999999997,2024-06
2024-06-18,Петрова М.В.,Нижний Новгород,Книги,Комикс,1,523.28,0.39,523.28,204.0792,319.20079999999996,2024-06
2024-06-18,Смирнова Е.А.,Новосибирск,Одежда,Футболка,4,1619.78,0.33,6479.12,2138.1096000000002,4341.010399999999,2024-06
2024-06-18,Петрова М.В.,Москва,Электроника,Умные часы,14,23629.2,0.18,330808.8,59545.583999999995,271263.216,2024-06
2024-06-18,Сидоров К.Д.,Новосибирск,Косметика,Парфюм,20,4789.33,0.4,95786.6,38314.64000000001,57471.96,2024-06
2024-06-19,Смирнова Е.А.,Казань,Одежда,Куртка,10,9291.28,0.4,92912.8,37165.12,55747.68,2024-06
2024-06-19,Петрова М.В.,Новосибирск,Автотовары,Щетка для снега,3,1058.42,0.22,3175.26,698.5572000000001,2476.7028,2024-06
2024-06-20,Кузнецов П.Р.,Новосибирск,Продукты,Кофе зерновой,4,1340.78,0.44,5363.12,2359.7728,3003.3471999999997,2024-06
2024-06-20,Смирнова Е.А.,Москва,Дом и сад,Садовый шланг,8,1795.16,0.24,14361.28,3446.7072,10914.572800000002,2024-06
2024-06-21,Иванов А.С.,Ростов-на-Дону,Косметика,Гель для душа,19,413.62,0.37,7858.78,2907.7486,4951.0314,2024-06
2024-06-21,Смирнова Е.А.,Новосибирск,Продукты,Оливковое масло,13,1740.88,0.49,22631.440000000002,11089.4056,11542.034400000002,2024-06
2024-06-21,Сидоров К.Д.,Екатеринбург,Косметика,Шампунь,20,541.84,0.4,10836.800000000001,4334.72,6502.080000000001,2024-06
2024-06-21,Иванов А.С.,Самара,Одежда,Куртка,2,8655.39,0.34,17310.78,5885.6652,11425.1148,2024-06
2024-06-21,Иванов А.С.,Казань,Электроника,Беспроводные наушники,19,8200.47,0.21,155808.93,32719.875299999996,123089.0547,2024-06
2024-06-22,Петрова М.В.,Омск,Косметика,Маска для волос,18,853.66,0.32,15365.88,4917.0815999999995,10448.7984,2024-06
2024-06-22,Кузнецов П.Р.,Казань,Книги,Художественная литература,4,783.15,0.38,3132.6,1190.388,1942.212,2024-06
2024-06-23,Петрова М.В.,Нижний Новгород,Книги,Детектив,6,719.42,0.41,4316.5199999999995,1769.7731999999996,2546.7468,2024-06
2024-06-23,Кузнецов П.Р.,Ростов-на-Дону,Спорт,Мяч,12,688.94,0.33,8267.28,2728.2024,5539.0776000000005,2024-06
2024-06-25,Сидоров К.Д.,Новосибирск,Автотовары,Щетка для снега,2,1202.11,0.19,2404.22,456.80179999999996,1947.4181999999998,2024-06
2024-06-25,Петрова М.В.,Ростов-на-Дону,Продукты,Шоколад,13,156.9,0.5,2039.7,1019.85,1019.85,2024-06
2024-06-25,Иванов А.С.,Самара,Продукты,Кофе зерновой,12,1298.72,0.5,15584.64,7792.32,7792.32,2024-06
2024-06-25,Кузнецов П.Р.,Санкт-Петербург,Электроника,Умные часы,4,18967.3,0.13,75869.2,9862.996,66006.204,2024-06
2024-06-25,Сидоров К.Д.,Челябинск,Книги,Бизнес,1,898.93,0.38,898.93,341.5934,557.3366,2024-06
2024-06-27,Кузнецов П.Р.,Москва,Спорт,Мяч,17,912.08,0.33,15505.36,5116.768800000001,10388.591199999999,2024-06
2024-06-29,Иванов А.С.,Москва,Одежда,Куртка,12,9026.4,0.41,108316.79999999999,44409.88799999999,63906.912,2024-06
2024-06-30,Смирнова Е.А.,Нижний Новгород,Спорт,Гантели,10,3965.68,0.36,39656.799999999996,14276.447999999999,25380.352,2024-06
2024-07-01,Смирнова Е.А.,Екатеринбург,Электроника,Беспроводные наушники,15,7342.35,0.22,110135.25,24229.755,85905.495,2024-07
2024-07-01,Петрова М.В.,Екатеринбург,Дом и сад,Робот-пылесос,9,22118.54,0.23,199066.86000000002,45785.3778,153281.48220000003,2024-07
2024-07-01,Петрова М.В.,Омск,Дом и сад,Увлажнитель воздуха,4,4911.97,0.23,19647.88,4519.0124000000005,15128.867600000001,2024-07
2024-07-01,Кузнецов П.Р.,Ростов-на-Дону,Продукты,Шоколад,13,131.3,0.48,1706.9,819.312,887.5880000000001,2024-07
2024-07-01,Петрова М.В.,Казань,Дом и сад,Робот-пылесос,3,25539.24,0.24,76617.72,18388.2528,58229.4672,2024-07
2024-07-01,Петрова М.В.,Санкт-Петербург,Книги,Детектив,19,560.93,0.44,10657.669999999998,4689.3748,5968.295199999999,2024-07
2024-07-02,Смирнова Е.А.,Екатеринбург,Электроника,Беспроводные наушники,7,7156.98,0.14,50098.86,7013.840400000001,43085.0196,2024-07
2024-07-02,Петрова М.В.,Екатеринбург,Книги,Художественная литература,7,770.36,0.41,5392.52,2210.9332,3181.5868000000005,2024-07
2024-07-04,Петрова М.В.,Омск,Дом и сад,Увлажнитель воздуха,2,5143.25,0.22,10286.5,2263.03,8023.469999999999,2024-07
2024-07-05,Иванов А.С.,Челябинск,Дом и сад,Робот-пылесос,13,22521.4,0.3,292778.2,87833.46,204944.74,2024-07
2024-07-05,Сидоров К.Д.,Самара,Дом и сад,Увлажнитель воздуха,17,5523.13,0.31,93893.21,29106.8951,64786.314900000005,2024-07
2024-07-05,Смирнова Е.А.,Санкт-Петербург,Косметика,Крем для лица,10,1564.64,0.35,15646.400000000001,5476.24,10170.160000000002,2024-07
2024-07-05,Кузнецов П.Р.,Новосибирск,Дом и сад,Набор посуды,16,6007.72,0.31,96123.52,29798.2912,66325.22880000001,2024-07
2024-07-06,Кузнецов П.Р.,Санкт-Петербург,Спорт,Бутылка для воды,9,792.04,0.29,7128.36,2067.2243999999996,5061.1356,2024-07
2024-07-06,Сидоров К.Д.,Новосибирск,Косметика,Парфюм,7,4670.51,0.28,32693.57,9154.1996,23539.3704,2024-07
2024-07-06,Смирнова Е.А.,Омск,Спорт,Фитнес-браслет,2,4474.53,0.29,8949.06,2595.2273999999998,6353.8326,2024-07
2024-07-06,Смирнова Е.А.,Москва,Электроника,Беспроводные наушники,2,7559.69,0.12,15119.38,1814.3256,13305.054399999999,2024-07
2024-07-06,Смирнова Е.А.,Новосибирск,Электроника,Умная колонка,4,11427.37,0.13,45709.48,5942.232400000001,39767.2476,2024-07
2024-07-06,Кузнецов П.Р.,Казань,Электроника,Беспроводные наушники,13,8774.09,0.22,114063.17,25093.897399999998,88969.2726,2024-07
2024-07-08,Иванов А.С.,Нижний Новгород,Дом и сад,Робот-пылесос,13,28644.71,0.3,372381.23,111714.36899999999,260666.86099999998,2024-07
2024-07-08,Сидоров К.Д.,Новосибирск,Спорт,Бутылка для воды,18,865.66,0.34,15581.88,5297.8392,10284.040799999999,2024-07
2024-07-08,Смирнова Е.А.,Ростов-на-Дону,Продукты,Шоколад,5,142.82,0.45,714.0999999999999,321.34499999999997,392.75499999999994,2024-07
2024-07-08,Смирнова Е.А.,Омск,Косметика,Крем для лица,15,1289.13,0.36,19336.95,6961.302,12375.648000000001,2024-07
2024-07-08,Кузнецов П.Р.,Новосибирск,Спорт,Мяч,3,741.04,0.3,2223.12,666.9359999999999,1556.184,2024-07
2024-07-08,Иванов А.С.,Екатеринбург,Автотовары,Органайзер,13,1539.34,0.26,20011.42,5202.9692,14808.450799999999,2024-07
2024-07-09,Кузнецов П.Р.,Челябинск,Книги,Детектив,3,730.08,0.42,2190.2400000000002,919.9008000000001,1270.3392000000001,2024-07
2024-07-09,Кузнецов П.Р.,Ростов-на-Дону,Дом и сад,Робот-пылесос,9,22254.99,0.25,200294.91,50073.7275,150221.1825,2024-07
2024-07-09,Сидоров К.Д.,Екатеринбург,Продукты,Оливковое масло,2,1989.7,0.44,3979.4,1750.9360000000001,2228.464,2024-07
2024-07-10,Смирнова Е.А.,Новосибирск,Одежда,Джинсы,12,4235.49,0.38,50825.88,19313.8344,31512.045599999998,2024-07
2024-07-10,Кузнецов П.Р.,Ростов-на-Дону,Электроника,Умная колонка,4,12125.66,0.12,48502.64,5820.3168,42682.3232,2024-07
2024-07-10,Смирнова Е.А.,Нижний Новгород,Одежда,Куртка,8,8354.24,0.35,66833.92,23391.872,43442.047999999995,2024-07
2024-07-12,Петрова М.В.,Омск,Одежда,Платье,16,5535.3,0.39,88564.8,34540.272000000004,54024.528,2024-07
2024-07-12,Иванов А.С.,Москва,Косметика,Шампунь,3,538.39,0.3,1615.17,484.551,1130.6190000000001,2024-07
2024-07-12,Смирнова Е.А.,Казань,Книги,Бизнес,7,887.18,0.39,6210.259999999999,2422.0013999999996,3788.2585999999997,2024-07
2024-07-12,Сидоров К.Д.,Нижний Новгород,Спорт,Коврик для йоги,11,2573.27,0.33,28305.97,9340.9701,18964.999900000003,2024-07
2024-07-12,Кузнецов П.Р.,Санкт-Петербург,Продукты,Шоколад,16,169.47,0.49,2711.52,1328.6448,1382.8752,2024-07
2024-07-12,Петрова М.В.,Новосибирск,Электроника,Умные часы,12,20308.88,0.2,243706.56,48741.312000000005,194965.248,2024-07
2024-07-13,Кузнецов П.Р.,Самара,Косметика,Шампунь,8,651.68,0.3,5213.44,1564.032,3649.4079999999994,2024-07
2024-07-13,Сидоров К.Д.,Ростов-на-Дону,Одежда,Кроссовки,10,6263.57,0.41,62635.7,25680.637,36955.062999999995,2024-07
2024-07-14,Смирнова Е.А.,Омск,Продукты,Гречка,16,81.54,0.5,1304.64,652.32,652.32,2024-07
2024-07-14,Петрова М.В.,Ростов-на-Дону,Продукты,Шоколад,5,169.25,0.42,846.25,355.425,490.825,2024-07
2024-07-14,Петрова М.В.,Санкт-Петербург,Одежда,Джинсы,10,4407.6,0.38,44076.0,16748.88,27327.12,2024-07
2024-07-16,Смирнова Е.А.,Новосибирск,Спорт,Фитнес-браслет,18,3888.92,0.35,70000.56,24500.195999999996,45500.364,2024-07
2024-07-16,Сидоров К.Д.,Челябинск,Косметика,Крем для лица,7,1338.33,0.29,9368.31,2716.8098999999997,6651.500099999999,2024-07
2024-07-16,Иванов А.С.,Казань,Спорт,Фитнес-браслет,17,4596.78,0.33,78145.26,25787.9358,52357.324199999995,2024-07
2024-07-16,Петрова М.В.,Челябинск,Книги,Фантастика,2,651.51,0.41,1303.02,534.2382,768.7818,2024-07
2024-07-16,Кузнецов П.Р.,Нижний Новгород,Автотовары,Щетка для снега,19,1228.82,0.22,23347.579999999998,5136.4676,18211.112399999998,2024-07
2024-07-16,Кузнецов П.Р.,Екатеринбург,Книги,Художественная литература,10,646.12,0.43,6461.2,2778.316,3682.884,2024-07
2024-07-17,Петрова М.В.,Ростов-на-Дону,Одежда,Джинсы,18,5032.05,0.4,90576.90000000001,36230.76,54346.14000000001,2024-07
2024-07-17,Петрова М.В.,Санкт-Петербург,Одежда,Футболка,2,1309.24,0.35,2618.48,916.468,1702.0120000000002,2024-07
2024-07-18,Иванов А.С.,Санкт-Петербург,Автотовары,Щетка для снега,18,1356.19,0.22,24411.420000000002,5370.5124000000005,19040.907600000002,2024-07
2024-07-19,Петрова М.В.,Казань,Продукты,Шоколад,10,131.28,0.5,1312.8,656.4,656.4,2024-07
2024-07-19,Смирнова Е.А.,Екатеринбург,Электроника,Умные часы,19,22613.5,0.18,429656.5,77338.17,352318.33,2024-07
2024-07-19,Смирнова Е.А.,Омск,Автотовары,Щетка для снега,13,1238.88,0.26,16105.440000000002,4187.414400000001,11918.0256,2024-07
2024-07-19,Петрова М.В.,Москва,Автотовары,Ароматизатор,8,400.28,0.22,3202.24,704.4928,2497.7472,2024-07
2024-07-19,Сидоров К.Д.,Ростов-на-Дону,Книги,Художественная литература,5,671.92,0.41,3359.6,1377.436,1982.164,2024-07
2024-07-20,Кузнецов П.Р.,Челябинск,Косметика,Шампунь,14,615.2,0.37,8612.800000000001,3186.7360000000003,5426.064,2024-07
2024-07-20,Кузнецов П.Р.,Омск,Продукты,Оливковое масло,11,1582.41,0.49,17406.510000000002,8529.189900000001,8877.3201,2024-07
2024-07-20,Кузнецов П.Р.,Москва,Дом и сад,Увлажнитель воздуха,8,4360.43,0.26,34883.44,9069.6944,25813.745600000002,2024-07
2024-07-20,Сидоров К.Д.,Омск,Книги,Фантастика,6,742.87,0.37,4457.22,1649.1714000000002,2808.0486,2024-07
2024-07-21,Иванов А.С.,Казань,Дом и сад,Садовый шланг,6,1857.3,0.25,11143.8,2785.95,8357.849999999999,2024-07
2024-07-21,Иванов А.С.,Ростов-на-Дону,Продукты,Кофе зерновой,20,1273.87,0.5,25477.399999999998,12738.699999999999,12738.699999999999,2024-07
2024-07-21,Кузнецов П.Р.,Самара,Электроника,Ноутбук,17,90118.66,0.19,1532017.22,291083.2718,1240933.9482,2024-07
2024-07-23,Смирнова Е.А.,Ростов-на-Дону,Дом и сад,Робот-пылесос,16,26847.8,0.28,429564.8,120278.14400000001,309286.65599999996,2024-07
2024-07-23,Сидоров К.Д.,Санкт-Петербург,Спорт,Мяч,1,740.85,0.3,740.85,222.255,518.595,2024-07
2024-07-24,Иванов А.С.,Казань,Спорт,Коврик для йоги,11,2701.27,0.36,29713.97,10697.0292,19016.9408,2024-07
2024-07-24,Петрова М.В.,Казань,Продукты,Сыр,17,1762.32,0.5,29959.44,14979.72,14979.72,2024-07
2024-07-25,Петрова М.В.,Екатеринбург,Косметика,Маска для волос,12,1028.14,0.33,12337.68,4071.4344,8266.2456,2024-07
2024-07-26,Иванов А.С.,Санкт-Петербург,Продукты,Сыр,2,1642.75,0.47,3285.5,1544.185,1741.315,2024-07
2024-07-26,Смирнова Е.А.,Новосибирск,Косметика,Парфюм,3,4669.42,0.28,14008.26,3922.3128000000006,10085.947199999999,2024-07
2024-07-26,Сидоров К.Д.,Санкт-Петербург,Электроника,Смартфон,15,42936.75,0.19,644051.25,122369.7375,521681.5125,2024-07
2024-07-26,Смирнова Е.А.,Санкт-Петербург,Продукты,Сыр,17,1705.76,0.5,28997.92,14498.96,14498.96,2024-07
2024-07-27,Сидоров К.Д.,Казань,Продукты,Оливковое масло,2,1768.22,0.47,3536.44,1662.1268,1874.3132,2024-07
2024-07-27,Иванов А.С.,Москва,Дом и сад,Увлажнитель воздуха,17,4577.37,0.31,77815.29,24122.739899999997,53692.55009999999,2024-07
2024-07-28,Кузнецов П.Р.,Екатеринбург,Одежда,Кроссовки,10,5764.11,0.42,57641.1,24209.262,33431.838,2024-07
2024-07-28,Кузнецов П.Р.,Новосибирск,Автотовары,Органайзер,5,2044.49,0.2,10222.45,2044.4900000000002,8177.960000000001,2024-07
2024-07-28,Иванов А.С.,Омск,Электроника,Умные часы,16,25006.11,0.2,400097.76,80019.55200000001,320078.208,2024-07
2024-07-28,Сидоров К.Д.,Челябинск,Автотовары,Щетка для снега,4,1288.73,0.2,5154.92,1030.9840000000002,4123.936,2024-07
2024-07-28,Кузнецов П.Р.,Санкт-Петербург,Продукты,Кофе зерновой,9,1301.88,0.43,11716.920000000002,5038.275600000001,6678.644400000001,2024-07
2024-07-29,Смирнова Е.А.,Нижний Новгород,Продукты,Гречка,15,84.37,0.49,1265.5500000000002,620.1195000000001,645.4305,2024-07
2024-07-29,Смирнова Е.А.,Самара,Автотовары,Видеорегистратор,9,6218.34,0.21,55965.06,11752.6626,44212.3974,2024-07
2024-07-31,Кузнецов П.Р.,Самара,Книги,Детектив,4,596.63,0.41,2386.52,978.4731999999999,1408.0468,2024-07
2024-07-31,Кузнецов П.Р.,Самара,Косметика,Шампунь,13,639.95,0.36,8319.35,2994.966,5324.384,2024-07
2024-07-31,Сидоров К.Д.,Казань,Продукты,Шоколад,7,156.47,0.44,1095.29,481.9276,613.3624,2024-07
2024-08-01,Иванов А.С.,Казань,Книги,Комикс,14,436.49,0.45,6110.860000000001,2749.887,3360.9730000000004,2024-08
2024-08-01,Петрова М.В.,Челябинск,Электроника,Ноутбук,20,77114.08,0.22,1542281.6,339301.95200000005,1202979.648,2024-08
2024-08-01,Петрова М.В.,Санкт-Петербург,Дом и сад,Садовый шланг,1,2059.23,0.24,2059.23,494.2152,1565.0148,2024-08
2024-08-01,Сидоров К.Д.,Челябинск,Косметика,Парфюм,8,4857.28,0.28,38858.24,10880.307200000001,27977.932799999995,2024-08
2024-08-02,Петрова М.В.,Челябинск,Электроника,Умная колонка,18,10534.29,0.22,189617.22000000003,41715.788400000005,147901.4316,2024-08
2024-08-03,Иванов А.С.,Нижний Новгород,Спорт,Фитнес-браслет,20,3409.24,0.38,68184.79999999999,25910.223999999995,42274.575999999994,2024-08
2024-08-03,Смирнова Е.А.,Нижний Новгород,Автотовары,Видеорегистратор,20,6985.71,0.29,139714.2,40517.118,99197.08200000001,2024-08
2024-08-03,Иванов А.С.,Санкт-Петербург,Косметика,Маска для волос,7,784.22,0.32,5489.54,1756.6528,3732.8872,2024-08
2024-08-03,Смирнова Е.А.,Омск,Спорт,Мяч,9,893.67,0.31,8043.03,2493.3393,5549.690699999999,2024-08
2024-08-03,Петрова М.В.,Челябинск,Спорт,Коврик для йоги,8,2276.66,0.3,18213.28,5463.9839999999995,12749.295999999998,2024-08
2024-08-04,Кузнецов П.Р.,Самара,Дом и сад,Увлажнитель воздуха,15,4297.42,0.3,64461.3,19338.39,45122.91,2024-08
2024-08-04,Сидоров К.Д.,Казань,Косметика,Крем для лица,10,1654.95,0.36,16549.5,5957.82,10591.68,2024-08
2024-08-04,Петрова М.В.,Москва,Электроника,Беспроводные наушники,19,8932.07,0.19,169709.33,32244.772699999998,137464.5573,2024-08
2024-08-04,Иванов А.С.,Екатеринбург,Книги,Бизнес,19,993.75,0.42,18881.25,7930.125,10951.125,2024-08
2024-08-04,Кузнецов П.Р.,Москва,Дом и сад,Робот-пылесос,17,27955.41,0.28,475241.97,133067.75160000002,342174.21839999995,2024-08
2024-08-05,Кузнецов П.Р.,Казань,Одежда,Футболка,12,1371.95,0.39,16463.4,6420.726000000001,10042.674,2024-08
2024-08-05,Иванов А.С.,Казань,Автотовары,Ароматизатор,17,384.7,0.23,6539.9,1504.177,5035.723,2024-08
2024-08-05,Смирнова Е.А.,Москва,Автотовары,Ароматизатор,9,353.64,0.2,3182.7599999999998,636.552,2546.2079999999996,2024-08
2024-08-05,Петрова М.В.,Казань,Косметика,Гель для душа,1,400.92,0.28,400.92,112.25760000000001,288.6624,2024-08
2024-08-06,Петрова М.В.,Омск,Спорт,Гантели,14,3654.2,0.35,51158.799999999996,17905.579999999998,33253.22,2024-08
2024-08-07,Кузнецов П.Р.,Нижний Новгород,Электроника,Ноутбук,2,90223.02,0.17,180446.04,30675.826800000003,149770.2132,2024-08
2024-08-07,Петрова М.В.,Новосибирск,Автотовары,Видеорегистратор,12,6046.43,0.25,72557.16,18139.29,54417.87,2024-08
2024-08-09,Сидоров К.Д.,Самара,Одежда,Кроссовки,4,6557.05,0.33,26228.2,8655.306,17572.894,2024-08
2024-08-10,Петрова М.В.,Санкт-Петербург,Косметика,Шампунь,15,582.3,0.36,8734.5,3144.42,5590.08,2024-08
2024-08-10,Кузнецов П.Р.,Ростов-на-Дону,Автотовары,Видеорегистратор,16,6979.86,0.25,111677.76,27919.44,83758.31999999999,2024-08
2024-08-11,Сидоров К.Д.,Санкт-Петербург,Автотовары,Органайзер,17,1569.66,0.25,26684.22,6671.055,20013.165,2024-08
2024-08-11,Кузнецов П.Р.,Санкт-Петербург,Автотовары,Видеорегистратор,1,6388.2,0.21,6388.2,1341.522,5046.678,2024-08
2024-08-12,Сидоров К.Д.,Ростов-на-Дону,Одежда,Кроссовки,19,7310.26,0.41,138894.94,56946.9254,81948.0146,2024-08
2024-08-12,Иванов А.С.,Санкт-Петербург,Спорт,Мяч,5,688.25,0.31,3441.25,1066.7875,2374.4625,2024-08
2024-08-12,Смирнова Е.А.,Нижний Новгород,Автотовары,Ароматизатор,20,398.64,0.29,7972.799999999999,2312.1119999999996,5660.688,2024-08
2024-08-13,Кузнецов П.Р.,Нижний Новгород,Косметика,Парфюм,13,4036.29,0.36,52471.77,18889.837199999998,33581.932799999995,2024-08
2024-08-13,Сидоров К.Д.,Екатеринбург,Электроника,Ноутбук,5,82915.52,0.14,414577.60000000003,58040.86400000001,356536.73600000003,2024-08
2024-08-13,Сидоров К.Д.,Москва,Книги,Фантастика,12,808.88,0.44,9706.56,4270.886399999999,5435.6736,2024-08
2024-08-14,Петрова М.В.,Ростов-на-Дону,Электроника,Умные часы,12,23652.06,0.19,283824.72000000003,53926.696800000005,229898.02320000003,2024-08
2024-08-14,Петрова М.В.,Новосибирск,Одежда,Куртка,19,9504.13,0.42,180578.46999999997,75842.95739999998,104735.51259999999,2024-08
2024-08-14,Иванов А.С.,Москва,Одежда,Куртка,10,8222.29,0.42,82222.90000000001,34533.618,47689.28200000001,2024-08
2024-08-14,Петрова М.В.,Челябинск,Косметика,Крем для лица,15,1363.91,0.32,20458.65,6546.768000000001,13911.882000000001,2024-08
2024-08-14,Иванов А.С.,Ростов-на-Дону,Электроника,Смартфон,18,40019.25,0.21,720346.5,151272.76499999998,569073.735,2024-08
2024-08-14,Иванов А.С.,Ростов-на-Дону,Книги,Фантастика,15,769.9,0.45,11548.5,5196.825,6351.675,2024-08
2024-08-15,Сидоров К.Д.,Санкт-Петербург,Одежда,Футболка,17,1511.12,0.4,25689.039999999997,10275.616,15413.423999999997,2024-08
2024-08-15,Кузнецов П.Р.,Ростов-на-Дону,Книги,Художественная литература,1,624.53,0.38,624.53,237.32139999999998,387.2086,2024-08
2024-08-16,Сидоров К.Д.,Москва,Спорт,Мяч,12,817.68,0.36,9812.16,3532.3776,6279.7824,2024-08
2024-08-17,Кузнецов П.Р.,Казань,Продукты,Кофе зерновой,11,1226.42,0.5,13490.62,6745.31,6745.31,2024-08
2024-08-17,Иванов А.С.,Ростов-на-Дону,Косметика,Шампунь,5,667.21,0.27,3336.05,900.7335000000002,2435.3165,2024-08
2024-08-18,Смирнова Е.А.,Ростов-на-Дону,Одежда,Джинсы,9,4584.74,0.36,41262.659999999996,14854.557599999998,26408.102399999996,2024-08
2024-08-18,Кузнецов П.Р.,Нижний Новгород,Одежда,Футболка,10,1445.98,0.38,14459.8,5494.724,8965.076,2024-08
2024-08-18,Кузнецов П.Р.,Самара,Дом и сад,Увлажнитель воздуха,6,4519.77,0.25,27118.620000000003,6779.655000000001,20338.965000000004,2024-08
2024-08-18,Смирнова Е.А.,Казань,Электроника,Ноутбук,10,84415.2,0.18,844152.0,151947.36,692204.64,2024-08
2024-08-19,Сидоров К.Д.,Челябинск,Автотовары,Органайзер,15,1662.98,0.23,24944.7,5737.281000000001,19207.419,2024-08
2024-08-19,Петрова М.В.,Челябинск,Дом и сад,Чайник,10,3250.81,0.29,32508.1,9427.348999999998,23080.751,2024-08
2024-08-19,Иванов А.С.,Санкт-Петербург,Одежда,Кроссовки,9,6137.48,0.35,55237.31999999999,19333.061999999994,35904.258,2024-08
2024-08-20,Иванов А.С.,Новосибирск,Косметика,Гель для душа,20,458.62,0.36,9172.4,3302.064,5870.335999999999,2024-08
2024-08-20,Кузнецов П.Р.,Нижний Новгород,Дом и сад,Увлажнитель воздуха,19,4946.56,0.29,93984.64000000001,27255.5456,66729.09440000002,2024-08
2024-08-20,Кузнецов П.Р.,Нижний Новгород,Одежда,Футболка,15,1377.29,0.39,20659.35,8057.1465,12602.2035,2024-08
2024-08-20,Кузнецов П.Р.,Нижний Новгород,Продукты,Оливковое масло,5,1943.12,0.42,9715.599999999999,4080.551999999999,5635.047999999999,2024-08
2024-08-21,Петрова М.В.,Санкт-Петербург,Дом и сад,Робот-пылесос,10,28700.26,0.29,287002.6,83230.75399999999,203771.846,2024-08
2024-08-22,Петрова М.В.,Ростов-на-Дону,Спорт,Мяч,4,919.01,0.32,3676.04,1176.3328,2499.7072,2024-08
2024-08-22,Петрова М.В.,Санкт-Петербург,Спорт,Гантели,8,3656.17,0.27,29249.36,7897.327200000001,21352.0328,2024-08
2024-08-22,Кузнецов П.Р.,Новосибирск,Спорт,Бутылка для воды,17,812.96,0.33,13820.32,4560.7056,9259.614399999999,2024-08
2024-08-22,Сидоров К.Д.,Ростов-на-Дону,Косметика,Гель для душа,3,353.98,0.31,1061.94,329.20140000000004,732.7386,2024-08
2024-08-22,Смирнова Е.А.,Ростов-на-Дону,Книги,Художественная литература,7,738.17,0.38,5167.19,1963.5321999999999,3203.6578,2024-08
2024-08-23,Смирнова Е.А.,Казань,Косметика,Крем для лица,2,1505.18,0.31,3010.36,933.2116000000001,2077.1484,2024-08
2024-08-23,Петрова М.В.,Екатеринбург,Электроника,Смартфон,3,49423.56,0.12,148270.68,17792.4816,130478.1984,2024-08
2024-08-23,Сидоров К.Д.,Казань,Книги,Детектив,13,745.82,0.44,9695.66,4266.0904,5429.5696,2024-08
2024-08-24,Петрова М.В.,Ростов-на-Дону,Дом и сад,Робот-пылесос,1,26786.63,0.27,26786.63,7232.3901000000005,19554.2399,2024-08
2024-08-24,Иванов А.С.,Челябинск,Дом и сад,Увлажнитель воздуха,16,4313.52,0.3,69016.32,20704.896,48311.424000000006,2024-08
2024-08-25,Смирнова Е.А.,Казань,Автотовары,Щетка для снега,16,1338.2,0.25,21411.2,5352.8,16058.400000000001,2024-08
2024-08-25,Смирнова Е.А.,Москва,Автотовары,Щетка для снега,9,1219.83,0.19,10978.47,2085.9093,8892.5607,2024-08
2024-08-25,Петрова М.В.,Нижний Новгород,Продукты,Сыр,18,1668.52,0.5,30033.36,15016.68,15016.68,2024-08
2024-08-26,Смирнова Е.А.,Новосибирск,Спорт,Бутылка для воды,15,952.39,0.35,14285.85,5000.0475,9285.802500000002,2024-08
2024-08-29,Петрова М.В.,Санкт-Петербург,Косметика,Парфюм,17,5092.11,0.34,86565.87,29432.395800000002,57133.4742,2024-08
2024-08-29,Петрова М.В.,Челябинск,Косметика,Маска для волос,15,900.77,0.34,13511.55,4593.927,8917.623,2024-08
2024-08-29,Кузнецов П.Р.,Омск,Одежда,Футболка,18,1570.83,0.41,28274.94,11592.7254,16682.2146,2024-08
2024-08-29,Петрова М.В.,Новосибирск,Косметика,Шампунь,15,622.0,0.33,9330.0,3078.9,6251.1,2024-08
2024-08-29,Сидоров К.Д.,Ростов-на-Дону,Дом и сад,Увлажнитель воздуха,10,4542.79,0.28,45427.9,12719.812000000002,32708.088,2024-08
2024-08-29,Кузнецов П.Р.,Самара,Электроника,Умные часы,4,23805.23,0.15,95220.92,14283.137999999999,80937.782,2024-08
2024-08-30,Кузнецов П.Р.,Новосибирск,Одежда,Кроссовки,18,6784.09,0.4,122113.62,48845.448000000004,73268.17199999999,2024-08
2024-08-30,Сидоров К.Д.,Омск,Книги,Фантастика,7,861.26,0.41,6028.82,2471.8161999999998,3557.0038,2024-08
2024-08-31,Смирнова Е.А.,Нижний Новгород,Книги,Детектив,10,716.76,0.45,7167.6,3225.42,3942.1800000000003,2024-08
2024-08-31,Иванов А.С.,Санкт-Петербург,Спорт,Фитнес-браслет,20,4391.02,0.38,87820.40000000001,33371.752,54448.64800000001,2024-08
2024-09-01,Смирнова Е.А.,Москва,Одежда,Кроссовки,12,6565.82,0.37,78789.84,29152.2408,49637.5992,2024-09
2024-09-01,Иванов А.С.,Челябинск,Одежда,Платье,20,4689.0,0.43,93780.0,40325.4,53454.6,2024-09
2024-09-01,Петрова М.В.,Самара,Продукты,Оливковое масло,7,1923.8,0.42,13466.6,5655.972,7810.628000000001,2024-09
2024-09-02,Иванов А.С.,Ростов-на-Дону,Электроника,Умная колонка,12,13619.28,0.22,163431.36000000002,35954.89920000001,127476.4608,2024-09
2024-09-02,Смирнова Е.А.,Ростов-на-Дону,Автотовары,Органайзер,1,1839.19,0.21,1839.19,386.2299,1452.9601,2024-09
2024-09-02,Смирнова Е.А.,Самара,Одежда,Платье,13,6146.58,0.38,79905.54,30364.105199999998,49541.434799999995,2024-09
2024-09-03,Кузнецов П.Р.,Нижний Новгород,Автотовары,Ароматизатор,20,408.14,0.29,8162.799999999999,2367.2119999999995,5795.588,2024-09
2024-09-03,Смирнова Е.А.,Казань,Книги,Бизнес,16,875.93,0.45,14014.88,6306.696,7708.183999999999,2024-09
2024-09-03,Сидоров К.Д.,Самара,Автотовары,Держатель для телефона,15,665.87,0.26,9988.05,2596.893,7391.156999999999,2024-09
2024-09-04,Петрова М.В.,Москва,Спорт,Бутылка для воды,16,807.41,0.33,12918.56,4263.1248,8655.4352,2024-09
2024-09-04,Смирнова Е.А.,Самара,Спорт,Фитнес-браслет,18,4497.43,0.35,80953.74,28333.809,52619.931000000004,2024-09
2024-09-05,Петрова М.В.,Ростов-на-Дону,Косметика,Шампунь,9,650.28,0.29,5852.5199999999995,1697.2307999999998,4155.289199999999,2024-09
2024-09-05,Петрова М.В.,Ростов-на-Дону,Электроника,Умные часы,10,24503.2,0.21,245032.0,51456.72,193575.28,2024-09
2024-09-06,Петрова М.В.,Омск,Электроника,Смартфон,4,46589.5,0.15,186358.0,27953.7,158404.3,2024-09
2024-09-06,Иванов А.С.,Ростов-на-Дону,Автотовары,Щетка для снега,11,1094.05,0.24,12034.55,2888.292,9146.258,2024-09
2024-09-06,Смирнова Е.А.,Казань,Косметика,Крем для лица,14,1499.36,0.34,20991.039999999997,7136.9536,13854.086399999997,2024-09
2024-09-07,Смирнова Е.А.,Ростов-на-Дону,Продукты,Оливковое масло,15,1793.26,0.5,26898.9,13449.45,13449.45,2024-09
2024-09-07,Иванов А.С.,Омск,Продукты,Шоколад,5,167.23,0.45,836.15,376.2675,459.8825,2024-09
2024-09-09,Сидоров К.Д.,Санкт-Петербург,Электроника,Беспроводные наушники,4,7840.08,0.13,31360.32,4076.8416,27283.4784,2024-09
2024-09-09,Иванов А.С.,Ростов-на-Дону,Спорт,Бутылка для воды,11,978.41,0.36,10762.51,3874.5036,6888.0064,2024-09
2024-09-09,Смирнова Е.А.,Самара,Автотовары,Органайзер,9,1730.4,0.2,15573.6,3114.7200000000003,12458.880000000001,2024-09
2024-09-10,Кузнецов П.Р.,Омск,Дом и сад,Садовый шланг,13,1996.26,0.3,25951.38,7785.414,18165.966,2024-09
2024-09-10,Петрова М.В.,Омск,Электроника,Смартфон,15,40029.12,0.21,600436.8,126091.728,474345.07200000004,2024-09
2024-09-10,Смирнова Е.А.,Новосибирск,Электроника,Смартфон,1,46165.92,0.14,46165.92,6463.228800000001,39702.6912,2024-09
2024-09-10,Иванов А.С.,Казань,Книги,Комикс,13,488.01,0.43,6344.13,2727.9759,3616.1541,2024-09
2024-09-12,Петрова М.В.,Новосибирск,Спорт,Гантели,8,3770.02,0.29,30160.16,8746.446399999999,21413.713600000003,2024-09
2024-09-12,Смирнова Е.А.,Омск,Продукты,Оливковое масло,3,1992.04,0.46,5976.12,2749.0152000000003,3227.1047999999996,2024-09
2024-09-13,Смирнова Е.А.,Екатеринбург,Спорт,Коврик для йоги,6,2788.75,0.32,16732.5,5354.400000000001,11378.099999999999,2024-09
2024-09-14,Кузнецов П.Р.,Москва,Автотовары,Органайзер,1,1849.74,0.21,1849.74,388.4454,1461.2946,2024-09
2024-09-14,Сидоров К.Д.,Омск,Электроника,Беспроводные наушники,15,7827.51,0.19,117412.65000000001,22308.4035,95104.24650000001,2024-09
2024-09-15,Смирнова Е.А.,Челябинск,Автотовары,Держатель для телефона,6,598.88,0.19,3593.2799999999997,682.7231999999999,2910.5568,2024-09
2024-09-15,Иванов А.С.,Новосибирск,Спорт,Мяч,15,810.22,0.37,12153.300000000001,4496.7210000000005,7656.579000000001,2024-09
2024-09-15,Кузнецов П.Р.,Нижний Новгород,Спорт,Коврик для йоги,13,2283.23,0.33,29681.99,9795.056700000001,19886.9333,2024-09
2024-09-16,Иванов А.С.,Омск,Дом и сад,Чайник,19,3212.9,0.31,61045.1,18923.981,42121.119,2024-09
2024-09-16,Смирнова Е.А.,Москва,Книги,Фантастика,3,830.82,0.39,2492.46,972.0594000000001,1520.4006,2024-09
2024-09-17,Кузнецов П.Р.,Челябинск,Одежда,Футболка,20,1651.1,0.45,33022.0,14859.9,18162.1,2024-09
2024-09-17,Сидоров К.Д.,Омск,Книги,Бизнес,15,985.72,0.46,14785.800000000001,6801.468000000001,7984.332,2024-09
2024-09-17,Сидоров К.Д.,Москва,Дом и сад,Набор посуды,9,6941.22,0.24,62470.98,14993.0352,47477.944800000005,2024-09
2024-09-17,Сидоров К.Д.,Казань,Автотовары,Щетка для снега,12,1148.62,0.24,13783.439999999999,3308.0255999999995,10475.4144,2024-09
2024-09-18,Петрова М.В.,Нижний Новгород,Электроника,Ноутбук,14,73795.56,0.19,1033137.84,196296.18959999998,836841.6503999999,2024-09
2024-09-18,Сидоров К.Д.,Самара,Дом и сад,Чайник,5,2811.79,0.27,14058.95,3795.9165000000003,10263.033500000001,2024-09
2024-09-18,Иванов А.С.,Самара,Автотовары,Держатель для телефона,20,793.83,0.3,15876.6,4762.98,11113.62,2024-09
2024-09-19,Сидоров К.Д.,Санкт-Петербург,Электроника,Смартфон,16,43008.25,0.18,688132.0,123863.76,564268.24,2024-09
2024-09-19,Смирнова Е.А.,Москва,Книги,Фантастика,6,759.96,0.4,4559.76,1823.9040000000002,2735.8559999999998,2024-09
2024-09-19,Петрова М.В.,Самара,Косметика,Крем для лица,15,1595.83,0.33,23937.449999999997,7899.358499999999,16038.091499999999,2024-09
2024-09-20,Иванов А.С.,Екатеринбург,Продукты,Оливковое масло,13,1718.22,0.5,22336.86,11168.43,11168.43,2024-09
2024-09-20,Иванов А.С.,Нижний Новгород,Продукты,Шоколад,18,128.07,0.5,2305.2599999999998,1152.6299999999999,1152.6299999999999,2024-09
2024-09-21,Петрова М.В.,Омск,Продукты,Шоколад,14,152.46,0.48,2134.44,1024.5312,1109.9088000000002,2024-09
2024-09-21,Кузнецов П.Р.,Казань,Спорт,Фитнес-браслет,12,3611.87,0.32,43342.44,13869.580800000002,29472.8592,2024-09
2024-09-21,Петрова М.В.,Самара,Спорт,Коврик для йоги,6,2566.07,0.27,15396.420000000002,4157.033400000001,11239.386600000002,2024-09
2024-09-22,Смирнова Е.А.,Нижний Новгород,Спорт,Гантели,11,3035.04,0.36,33385.44,12018.7584,21366.681600000004,2024-09
2024-09-22,Сидоров К.Д.,Екатеринбург,Продукты,Сыр,7,1624.37,0.46,11370.59,5230.4714,6140.1186,2024-09
2024-09-23,Смирнова Е.А.,Казань,Косметика,Парфюм,15,3889.28,0.34,58339.200000000004,19835.328,38503.872,2024-09
2024-09-23,Кузнецов П.Р.,Екатеринбург,Дом и сад,Набор посуды,8,7191.1,0.23,57528.8,13231.624000000002,44297.176,2024-09
2024-09-24,Сидоров К.Д.,Ростов-на-Дону,Книги,Детектив,13,555.93,0.44,7227.089999999999,3179.9195999999997,4047.1703999999995,2024-09
2024-09-24,Кузнецов П.Р.,Самара,Продукты,Сыр,10,1813.77,0.48,18137.7,8706.096,9431.604000000001,2024-09
2024-09-24,Сидоров К.Д.,Самара,Дом и сад,Робот-пылесос,15,26372.21,0.3,395583.14999999997,118674.94499999998,276908.20499999996,2024-09
2024-09-24,Кузнецов П.Р.,Казань,Одежда,Платье,6,4777.25,0.35,28663.5,10032.224999999999,18631.275,2024-09
2024-09-24,Петрова М.В.,Москва,Автотовары,Ароматизатор,15,382.09,0.26,5731.349999999999,1490.1509999999998,4241.199,2024-09
2024-09-25,Петрова М.В.,Новосибирск,Продукты,Сыр,9,1638.51,0.46,14746.59,6783.4314,7963.1586,2024-09
2024-09-25,Смирнова Е.А.,Москва,Одежда,Футболка,15,1489.11,0.41,22336.649999999998,9158.026499999998,13178.6235,2024-09
2024-09-26,Сидоров К.Д.,Омск,Автотовары,Держатель для телефона,11,665.95,0.25,7325.450000000001,1831.3625000000002,5494.087500000001,2024-09
2024-09-26,Смирнова Е.А.,Москва,Дом и сад,Робот-пылесос,19,25124.91,0.31,477373.29,147985.7199,329387.5701,2024-09
2024-09-26,Петрова М.В.,Новосибирск,Спорт,Мяч,19,814.99,0.35,15484.81,5419.683499999999,10065.1265,2024-09
2024-09-26,Иванов А.С.,Самара,Продукты,Оливковое масло,9,1735.51,0.44,15619.59,6872.6196,8746.9704,2024-09
2024-09-26,Петрова М.В.,Казань,Автотовары,Щетка для снега,6,1286.69,0.19,7720.14,1466.8266,6253.3134,2024-09
2024-09-28,Сидоров К.Д.,Санкт-Петербург,Книги,Бизнес,8,963.27,0.4,7706.16,3082.464,4623.696,2024-09
2024-09-28,Иванов А.С.,Омск,Электроника,Смартфон,7,40266.2,0.13,281863.39999999997,36642.242,245221.15799999997,2024-09
2024-09-28,Иванов А.С.,Омск,Спорт,Мяч,12,840.94,0.34,10091.28,3431.0352000000003,6660.2448,2024-09
2024-09-29,Сидоров К.Д.,Казань,Дом и сад,Робот-пылесос,14,27039.92,0.3,378558.88,113567.664,264991.216,2024-09
2024-09-29,Смирнова Е.А.,Омск,Косметика,Гель для душа,11,426.71,0.32,4693.8099999999995,1502.0192,3191.7907999999998,2024-09
2024-09-29,Иванов А.С.,Санкт-Петербург,Спорт,Мяч,8,837.47,0.31,6699.76,2076.9256,4622.8344,2024-09
2024-09-29,Смирнова Е.А.,Санкт-Петербург,Косметика,Крем для лица,16,1562.7,0.33,25003.2,8251.056,16752.144,2024-09
2024-09-30,Кузнецов П.Р.,Новосибирск,Спорт,Бутылка для воды,16,780.56,0.36,12488.96,4496.0256,7992.934399999999,2024-09
2024-09-30,Петрова М.В.,Казань,Косметика,Маска для волос,1,911.01,0.32,911.01,291.52320000000003,619.4867999999999,2024-09
2024-09-30,Петрова М.В.,Санкт-Петербург,Одежда,Платье,2,6078.71,0.34,12157.42,4133.522800000001,8023.897199999999,2024-09
2024-09-30,Иванов А.С.,Ростов-на-Дону,Спорт,Мяч,2,870.91,0.32,1741.82,557.3824,1184.4376,2024-09
2024-10-01,Смирнова Е.А.,Нижний Новгород,Одежда,Футболка,5,1339.49,0.36,6697.45,2411.082,4286.368,2024-10
2024-10-02,Иванов А.С.,Нижний Новгород,Дом и сад,Робот-пылесос,15,26413.07,0.29,396196.05,114896.85449999999,281299.19550000003,2024-10
2024-10-03,Иванов А.С.,Санкт-Петербург,Автотовары,Видеорегистратор,18,6712.3,0.24,120821.40000000001,28997.136000000002,91824.26400000001,2024-10
2024-10-03,Сидоров К.Д.,Казань,Автотовары,Щетка для снега,15,1052.21,0.25,15783.150000000001,3945.7875000000004,11837.362500000001,2024-10
2024-10-03,Иванов А.С.,Москва,Косметика,Парфюм,20,5166.98,0.38,103339.59999999999,39269.047999999995,64070.551999999996,2024-10
2024-10-03,Кузнецов П.Р.,Москва,Электроника,Смартфон,19,45633.62,0.2,867038.78,173407.75600000002,693631.024,2024-10
2024-10-03,Петрова М.В.,Омск,Книги,Художественная литература,16,637.92,0.45,10206.72,4593.023999999999,5613.696,2024-10
2024-10-03,Петрова М.В.,Челябинск,Продукты,Шоколад,19,137.82,0.5,2618.58,1309.29,1309.29,2024-10
2024-10-03,Кузнецов П.Р.,Челябинск,Продукты,Шоколад,2,163.82,0.47,327.64,153.99079999999998,173.6492,2024-10
2024-10-04,Иванов А.С.,Ростов-на-Дону,Продукты,Кофе зерновой,13,1239.06,0.49,16107.779999999999,7892.812199999999,8214.967799999999,2024-10
2024-10-04,Сидоров К.Д.,Казань,Автотовары,Органайзер,14,2045.49,0.22,28636.86,6300.1092,22336.7508,2024-10
2024-10-04,Иванов А.С.,Ростов-на-Дону,Продукты,Гречка,18,88.18,0.49,1587.2400000000002,777.7476000000001,809.4924000000001,2024-10
2024-10-05,Иванов А.С.,Челябинск,Продукты,Шоколад,5,168.38,0.45,841.9,378.855,463.04499999999996,2024-10
2024-10-05,Смирнова Е.А.,Омск,Дом и сад,Увлажнитель воздуха,14,5640.07,0.29,78960.98,22898.684199999996,56062.2958,2024-10
2024-10-06,Петрова М.В.,Самара,Дом и сад,Робот-пылесос,7,28569.2,0.25,199984.4,49996.1,149988.3,2024-10
2024-10-06,Петрова М.В.,Казань,Одежда,Футболка,11,1572.0,0.41,17292.0,7089.719999999999,10202.28,2024-10
2024-10-07,Петрова М.В.,Москва,Спорт,Бутылка для воды,18,992.15,0.34,17858.7,6071.9580000000005,11786.742,2024-10
2024-10-07,Иванов А.С.,Казань,Книги,Бизнес,14,906.02,0.45,12684.279999999999,5707.9259999999995,6976.353999999999,2024-10
2024-10-08,Смирнова Е.А.,Екатеринбург,Спорт,Мяч,5,762.38,0.31,3811.9,1181.689,2630.2110000000002,2024-10
2024-10-09,Петрова М.В.,Самара,Спорт,Мяч,15,785.65,0.37,11784.75,4360.3575,7424.3925,2024-10
2024-10-09,Сидоров К.Д.,Санкт-Петербург,Одежда,Джинсы,19,5148.0,0.41,97812.0,40102.92,57709.08,2024-10
2024-10-09,Иванов А.С.,Нижний Новгород,Косметика,Маска для волос,1,982.6,0.29,982.6,284.954,697.646,2024-10
2024-10-10,Иванов А.С.,Екатеринбург,Книги,Комикс,12,572.45,0.46,6869.400000000001,3159.9240000000004,3709.476,2024-10
2024-10-10,Кузнецов П.Р.,Самара,Книги,Художественная литература,17,697.59,0.44,11859.03,5217.9732,6641.0568,2024-10
2024-10-11,Петрова М.В.,Омск,Продукты,Кофе зерновой,10,1260.82,0.49,12608.199999999999,6178.017999999999,6430.182,2024-10
2024-10-11,Иванов А.С.,Самара,Одежда,Джинсы,19,3835.44,0.4,72873.36,29149.344,43724.016,2024-10
2024-10-11,Кузнецов П.Р.,Новосибирск,Одежда,Кроссовки,11,6427.52,0.42,70702.72,29695.1424,41007.577600000004,2024-10
2024-10-11,Петрова М.В.,Омск,Книги,Фантастика,2,774.08,0.4,1548.16,619.2640000000001,928.896,2024-10
2024-10-12,Петрова М.В.,Новосибирск,Книги,Художественная литература,13,605.7,0.43,7874.1,3385.8630000000003,4488.237,2024-10
2024-10-12,Кузнецов П.Р.,Новосибирск,Одежда,Куртка,1,8020.49,0.32,8020.49,2566.5568,5453.9331999999995,2024-10
2024-10-12,Петрова М.В.,Омск,Одежда,Куртка,12,7803.13,0.39,93637.56,36518.6484,57118.9116,2024-10
2024-10-13,Иванов А.С.,Самара,Электроника,Умные часы,16,22453.6,0.19,359257.6,68258.944,290998.65599999996,2024-10
2024-10-13,Иванов А.С.,Омск,Одежда,Платье,15,5388.6,0.39,80829.0,31523.31,49305.69,2024-10
2024-10-13,Кузнецов П.Р.,Екатеринбург,Продукты,Оливковое масло,19,1874.8,0.5,35621.2,17810.6,17810.6,2024-10
2024-10-13,Кузнецов П.Р.,Омск,Спорт,Коврик для йоги,4,2548.92,0.29,10195.68,2956.7472,7238.9328000000005,2024-10
2024-10-14,Петрова М.В.,Челябинск,Электроника,Смартфон,19,49079.99,0.19,932519.8099999999,177178.7639,755341.0460999999,2024-10
2024-10-14,Смирнова Е.А.,Ростов-на-Дону,Спорт,Фитнес-браслет,10,4383.22,0.36,43832.200000000004,15779.592,28052.608000000004,2024-10
2024-10-15,Иванов А.С.,Ростов-на-Дону,Книги,Комикс,4,468.49,0.39,1873.96,730.8444000000001,1143.1156,2024-10
2024-10-15,Смирнова Е.А.,Челябинск,Косметика,Маска для волос,8,878.73,0.31,7029.84,2179.2504,4850.5896,2024-10
2024-10-15,Сидоров К.Д.,Екатеринбург,Книги,Фантастика,10,780.26,0.46,7802.6,3589.1960000000004,4213.404,2024-10
2024-10-15,Петрова М.В.,Новосибирск,Электроника,Беспроводные наушники,14,7305.55,0.21,102277.7,21478.317,80799.383,2024-10
2024-10-17,Сидоров К.Д.,Ростов-на-Дону,Спорт,Фитнес-браслет,20,3663.3,0.38,73266.0,27841.08,45424.92,2024-10
2024-10-17,Иванов А.С.,Москва,Дом и сад,Робот-пылесос,15,26394.04,0.28,395910.60000000003,110854.96800000002,285055.632,2024-10
2024-10-19,Петрова М.В.,Самара,Книги,Бизнес,11,849.08,0.44,9339.880000000001,4109.547200000001,5230.3328,2024-10
2024-10-19,Иванов А.С.,Новосибирск,Одежда,Платье,13,6090.72,0.39,79179.36,30879.9504,48299.4096,2024-10
2024-10-20,Петрова М.В.,Москва,Книги,Комикс,1,561.36,0.39,561.36,218.93040000000002,342.4296,2024-10
2024-10-20,Смирнова Е.А.,Санкт-Петербург,Одежда,Платье,6,5724.97,0.35,34349.82,12022.437,22327.383,2024-10
2024-10-21,Смирнова Е.А.,Екатеринбург,Электроника,Умные часы,9,19203.26,0.14,172829.34,24196.107600000003,148633.23239999998,2024-10
2024-10-21,Иванов А.С.,Омск,Спорт,Фитнес-браслет,16,3407.13,0.33,54514.08,17989.6464,36524.433600000004,2024-10
2024-10-21,Петрова М.В.,Ростов-на-Дону,Одежда,Куртка,14,9310.64,0.42,130348.95999999999,54746.5632,75602.39679999999,2024-10
2024-10-22,Сидоров К.Д.,Ростов-на-Дону,Дом и сад,Чайник,18,3376.97,0.28,60785.46,17019.9288,43765.5312,2024-10
2024-10-22,Иванов А.С.,Москва,Одежда,Джинсы,19,4323.17,0.37,82140.23,30391.8851,51748.3449,2024-10
2024-10-22,Петрова М.В.,Самара,Косметика,Крем для лица,7,1283.68,0.28,8985.76,2516.0128000000004,6469.7472,2024-10
2024-10-22,Петрова М.В.,Москва,Электроника,Умные часы,1,20015.54,0.14,20015.54,2802.1756000000005,17213.3644,2024-10
2024-10-24,Кузнецов П.Р.,Санкт-Петербург,Одежда,Футболка,10,1654.16,0.4,16541.600000000002,6616.640000000001,9924.960000000001,2024-10
2024-10-26,Петрова М.В.,Казань,Одежда,Кроссовки,3,6265.82,0.36,18797.46,6767.085599999999,12030.3744,2024-10
2024-10-27,Иванов А.С.,Нижний Новгород,Дом и сад,Чайник,19,2814.42,0.28,53473.98,14972.714400000003,38501.2656,2024-10
2024-10-28,Кузнецов П.Р.,Москва,Одежда,Кроссовки,1,6926.81,0.34,6926.81,2355.1154,4571.694600000001,2024-10
2024-10-28,Сидоров К.Д.,Челябинск,Продукты,Гречка,15,95.0,0.5,1425.0,712.5,712.5,2024-10
2024-10-28,Кузнецов П.Р.,Самара,Книги,Бизнес,8,905.95,0.38,7247.6,2754.088,4493.512000000001,2024-10
2024-10-28,Иванов А.С.,Новосибирск,Спорт,Мяч,1,745.25,0.29,745.25,216.12249999999997,529.1275,2024-10
2024-10-28,Петрова М.В.,Новосибирск,Одежда,Кроссовки,20,6068.33,0.42,121366.6,50973.972,70392.628,2024-10
2024-10-28,Смирнова Е.А.,Самара,Продукты,Гречка,6,101.93,0.46,611.58,281.32680000000005,330.2532,2024-10
2024-10-29,Иванов А.С.,Санкт-Петербург,Продукты,Сыр,13,1838.98,0.48,23906.74,11475.235200000001,12431.5048,2024-10
2024-10-29,Сидоров К.Д.,Нижний Новгород,Автотовары,Ароматизатор,11,380.11,0.26,4181.21,1087.1146,3094.0954,2024-10
2024-10-29,Смирнова Е.А.,Омск,Косметика,Крем для лица,3,1333.7,0.32,4001.1000000000004,1280.352,2720.7480000000005,2024-10
2024-10-30,Иванов А.С.,Самара,Автотовары,Ароматизатор,18,419.22,0.24,7545.960000000001,1811.0304,5734.929600000001,2024-10
2024-10-31,Сидоров К.Д.,Нижний Новгород,Книги,Художественная литература,7,722.27,0.39,5055.889999999999,1971.7970999999998,3084.0928999999996,2024-10
2024-10-31,Петрова М.В.,Екатеринбург,Электроника,Беспроводные наушники,14,8402.26,0.21,117631.64,24702.644399999997,92928.9956,2024-10
2024-10-31,Смирнова Е.А.,Санкт-Петербург,Книги,Комикс,19,561.16,0.47,10662.039999999999,5011.158799999999,5650.8812,2024-10
2024-10-31,Сидоров К.Д.,Екатеринбург,Электроника,Беспроводные наушники,10,6915.56,0.19,69155.6,13139.564000000002,56016.03600000001,2024-10
2024-10-31,Иванов А.С.,Нижний Новгород,Книги,Комикс,10,571.37,0.45,5713.7,2571.165,3142.535,2024-10
2024-11-01,Кузнецов П.Р.,Ростов-на-Дону,Косметика,Гель для душа,20,361.69,0.37,7233.8,2676.506,4557.294,2024-11
2024-11-02,Кузнецов П.Р.,Омск,Спорт,Гантели,13,3862.05,0.36,50206.65,18074.394,32132.256,2024-11
2024-11-02,Кузнецов П.Р.,Нижний Новгород,Электроника,Умные часы,2,22194.59,0.16,44389.18,7102.2688,37286.9112,2024-11
2024-11-02,Иванов А.С.,Екатеринбург,Книги,Художественная литература,3,741.75,0.37,2225.25,823.3425,1401.9075,2024-11
2024-11-02,Смирнова Е.А.,Москва,Дом и сад,Увлажнитель воздуха,13,4737.33,0.31,61585.29,19091.4399,42493.850099999996,2024-11
2024-11-03,Иванов А.С.,Новосибирск,Автотовары,Ароматизатор,15,447.28,0.27,6709.2,1811.4840000000002,4897.715999999999,2024-11
2024-11-03,Смирнова Е.А.,Новосибирск,Дом и сад,Набор посуды,13,6988.63,0.29,90852.19,26347.1351,64505.0549,2024-11
2024-11-04,Смирнова Е.А.,Новосибирск,Книги,Комикс,2,489.12,0.4,978.24,391.29600000000005,586.944,2024-11
2024-11-06,Иванов А.С.,Санкт-Петербург,Автотовары,Ароматизатор,16,346.92,0.25,5550.72,1387.68,4163.04,2024-11
2024-11-06,Иванов А.С.,Казань,Одежда,Джинсы,1,4250.17,0.36,4250.17,1530.0611999999999,2720.1088,2024-11
2024-11-06,Иванов А.С.,Челябинск,Продукты,Оливковое масло,13,1726.53,0.49,22444.89,10997.9961,11446.8939,2024-11
2024-11-06,Сидоров К.Д.,Челябинск,Спорт,Бутылка для воды,9,938.06,0.27,8442.539999999999,2279.4858,6163.054199999999,2024-11
2024-11-06,Сидоров К.Д.,Омск,Спорт,Фитнес-браслет,20,3453.15,0.39,69063.0,26934.57,42128.43,2024-11
2024-11-07,Смирнова Е.А.,Нижний Новгород,Электроника,Смартфон,12,44126.43,0.18,529517.16,95313.0888,434204.0712,2024-11
2024-11-07,Петрова М.В.,Челябинск,Автотовары,Видеорегистратор,3,7724.06,0.22,23172.18,5097.8796,18074.3004,2024-11
2024-11-08,Смирнова Е.А.,Ростов-на-Дону,Одежда,Футболка,14,1662.82,0.42,23279.48,9777.381599999999,13502.0984,2024-11
2024-11-08,Петрова М.В.,Москва,Спорт,Коврик для йоги,9,2805.47,0.32,25249.23,8079.7536,17169.4764,2024-11
2024-11-08,Сидоров К.Д.,Санкт-Петербург,Автотовары,Видеорегистратор,13,6123.16,0.25,79601.08,19900.27,59700.81,2024-11
2024-11-09,Петрова М.В.,Нижний Новгород,Автотовары,Держатель для телефона,10,728.67,0.24,7286.7,1748.808,5537.892,2024-11
2024-11-09,Сидоров К.Д.,Челябинск,Автотовары,Видеорегистратор,7,7414.0,0.21,51898.0,10898.58,40999.42,2024-11
2024-11-09,Петрова М.В.,Ростов-на-Дону,Одежда,Куртка,18,8971.76,0.38,161491.68,61366.8384,100124.84159999999,2024-11
2024-11-10,Кузнецов П.Р.,Челябинск,Автотовары,Ароматизатор,8,384.57,0.21,3076.56,646.0776,2430.4824,2024-11
2024-11-11,Смирнова Е.А.,Москва,Автотовары,Держатель для телефона,13,717.96,0.26,9333.48,2426.7048,6906.7752,2024-11
2024-11-12,Иванов А.С.,Омск,Косметика,Маска для волос,3,767.86,0.28,2303.58,645.0024000000001,1658.5775999999998,2024-11
2024-11-13,Смирнова Е.А.,Самара,Электроника,Смартфон,15,42082.88,0.18,631243.2,113623.77599999998,517619.424,2024-11
2024-11-13,Иванов А.С.,Москва,Автотовары,Видеорегистратор,4,7364.88,0.19,29459.52,5597.3088,23862.2112,2024-11
2024-11-13,Петрова М.В.,Омск,Книги,Фантастика,17,642.37,0.44,10920.29,4804.9276,6115.362400000001,2024-11
2024-11-13,Сидоров К.Д.,Казань,Спорт,Фитнес-браслет,1,3526.7,0.28,3526.7,987.476,2539.2239999999997,2024-11
2024-11-13,Кузнецов П.Р.,Самара,Дом и сад,Чайник,18,3363.01,0.27,60534.18000000001,16344.228600000004,44189.951400000005,2024-11
2024-11-13,Сидоров К.Д.,Нижний Новгород,Продукты,Оливковое масло,6,1658.48,0.45,9950.880000000001,4477.896000000001,5472.984,2024-11
2024-11-15,Сидоров К.Д.,Новосибирск,Продукты,Гречка,9,80.84,0.43,727.5600000000001,312.8508,414.70920000000007,2024-11
2024-11-15,Иванов А.С.,Новосибирск,Дом и сад,Садовый шланг,18,2153.78,0.31,38768.04,12018.0924,26749.9476,2024-11
2024-11-15,Иванов А.С.,Омск,Автотовары,Щетка для снега,14,1332.86,0.22,18660.039999999997,4105.208799999999,14554.831199999997,2024-11
2024-11-16,Смирнова Е.А.,Челябинск,Одежда,Куртка,5,8804.06,0.36,44020.299999999996,15847.307999999997,28172.992,2024-11
2024-11-16,Петрова М.В.,Челябинск,Дом и сад,Садовый шланг,8,1897.01,0.23,15176.08,3490.4984,11685.5816,2024-11
2024-11-16,Иванов А.С.,Нижний Новгород,Спорт,Коврик для йоги,4,2816.59,0.27,11266.36,3041.9172000000003,8224.4428,2024-11
2024-11-16,Иванов А.С.,Омск,Дом и сад,Чайник,6,2824.0,0.24,16944.0,4066.56,12877.44,2024-11
2024-11-17,Кузнецов П.Р.,Челябинск,Спорт,Бутылка для воды,19,943.69,0.37,17930.11,6634.1407,11295.9693,2024-11
2024-11-17,Петрова М.В.,Новосибирск,Книги,Фантастика,1,655.45,0.4,655.45,262.18,393.27000000000004,2024-11
2024-11-19,Иванов А.С.,Москва,Автотовары,Щетка для снега,16,1323.47,0.22,21175.52,4658.6144,16516.9056,2024-11
2024-11-19,Кузнецов П.Р.,Новосибирск,Автотовары,Органайзер,3,1892.87,0.18,5678.61,1022.1497999999999,4656.4601999999995,2024-11
2024-11-19,Петрова М.В.,Ростов-на-Дону,Косметика,Парфюм,11,4689.47,0.35,51584.170000000006,18054.4595,33529.7105,2024-11
2024-11-20,Петрова М.В.,Ростов-на-Дону,Одежда,Футболка,16,1520.77,0.38,24332.32,9246.2816,15086.0384,2024-11
2024-11-20,Иванов А.С.,Ростов-на-Дону,Продукты,Шоколад,17,132.5,0.5,2252.5,1126.25,1126.25,2024-11
2024-11-21,Петрова М.В.,Омск,Автотовары,Держатель для телефона,19,761.22,0.25,14463.18,3615.795,10847.385,2024-11
2024-11-21,Смирнова Е.А.,Новосибирск,Дом и сад,Робот-пылесос,1,21967.65,0.24,21967.65,5272.236,16695.414,2024-11
2024-11-22,Смирнова Е.А.,Екатеринбург,Одежда,Джинсы,11,5044.84,0.38,55493.240000000005,21087.431200000003,34405.8088,2024-11
2024-11-22,Сидоров К.Д.,Новосибирск,Косметика,Маска для волос,11,927.45,0.34,10201.95,3468.6630000000005,6733.287,2024-11
2024-11-22,Иванов А.С.,Самара,Одежда,Платье,5,5804.31,0.34,29021.550000000003,9867.327000000001,19154.223,2024-11
2024-11-23,Иванов А.С.,Омск,Книги,Фантастика,19,811.81,0.42,15424.39,6478.243799999999,8946.1462,2024-11
2024-11-23,Кузнецов П.Р.,Челябинск,Книги,Детектив,1,663.76,0.39,663.76,258.8664,404.8936,2024-11
2024-11-23,Смирнова Е.А.,Казань,Косметика,Гель для душа,18,401.38,0.34,7224.84,2456.4456,4768.3944,2024-11
2024-11-24,Сидоров К.Д.,Омск,Книги,Бизнес,1,804.73,0.41,804.73,329.9393,474.7907,2024-11
2024-11-24,Иванов А.С.,Самара,Косметика,Парфюм,13,4610.62,0.33,59938.06,19779.5598,40158.500199999995,2024-11
2024-11-24,Кузнецов П.Р.,Нижний Новгород,Дом и сад,Увлажнитель воздуха,6,5568.98,0.24,33413.88,8019.331199999999,25394.548799999997,2024-11
2024-11-24,Иванов А.С.,Омск,Электроника,Смартфон,13,39780.88,0.19,517151.43999999994,98258.77359999999,418892.6664,2024-11
2024-11-25,Смирнова Е.А.,Нижний Новгород,Книги,Комикс,9,443.66,0.4,3992.94,1597.1760000000002,2395.764,2024-11
2024-11-25,Сидоров К.Д.,Нижний Новгород,Косметика,Крем для лица,17,1624.14,0.36,27610.38,9939.7368,17670.6432,2024-11
2024-11-26,Петрова М.В.,Челябинск,Автотовары,Видеорегистратор,6,8037.22,0.21,48223.32,10126.8972,38096.4228,2024-11
2024-11-26,Петрова М.В.,Челябинск,Косметика,Гель для душа,9,454.92,0.31,4094.28,1269.2268000000001,2825.0532000000003,2024-11
2024-11-26,Иванов А.С.,Омск,Спорт,Бутылка для воды,20,816.12,0.38,16322.4,6202.512,10119.887999999999,2024-11
2024-11-27,Сидоров К.Д.,Екатеринбург,Автотовары,Органайзер,9,1775.07,0.21,15975.63,3354.8822999999998,12620.7477,2024-11
2024-11-27,Иванов А.С.,Самара,Дом и сад,Садовый шланг,12,1881.35,0.28,22576.199999999997,6321.336,16254.863999999998,2024-11
2024-11-28,Иванов А.С.,Самара,Одежда,Джинсы,7,4935.49,0.37,34548.43,12782.9191,21765.5109,2024-11
2024-11-29,Петрова М.В.,Омск,Спорт,Бутылка для воды,8,895.06,0.3,7160.48,2148.144,5012.335999999999,2024-11
2024-11-29,Смирнова Е.А.,Ростов-на-Дону,Косметика,Крем для лица,7,1480.9,0.31,10366.300000000001,3213.5530000000003,7152.747000000001,2024-11
2024-11-29,Петрова М.В.,Нижний Новгород,Спорт,Мяч,8,853.35,0.3,6826.8,2048.04,4778.76,2024-11
2024-11-29,Кузнецов П.Р.,Москва,Дом и сад,Садовый шланг,5,1846.48,0.26,9232.4,2400.424,6831.976,2024-11
2024-11-30,Петрова М.В.,Челябинск,Одежда,Футболка,17,1664.01,0.39,28288.17,11032.3863,17255.7837,2024-11
2024-11-30,Петрова М.В.,Новосибирск,Автотовары,Ароматизатор,15,453.42,0.27,6801.3,1836.351,4964.9490000000005,2024-11
2024-11-30,Кузнецов П.Р.,Екатеринбург,Автотовары,Видеорегистратор,17,8037.4,0.25,136635.8,34158.95,102476.84999999999,2024-11
2024-12-01,Смирнова Е.А.,Омск,Продукты,Оливковое масло,5,1879.74,0.46,9398.7,4323.402000000001,5075.298,2024-12
2024-12-01,Смирнова Е.А.,Нижний Новгород,Автотовары,Видеорегистратор,2,6148.06,0.18,12296.12,2213.3016000000002,10082.8184,2024-12
2024-12-01,Кузнецов П.Р.,Ростов-на-Дону,Одежда,Джинсы,11,4781.28,0.39,52594.079999999994,20511.691199999997,32082.388799999997,2024-12
2024-12-01,Кузнецов П.Р.,Самара,Автотовары,Ароматизатор,19,405.15,0.24,7697.849999999999,1847.4839999999997,5850.366,2024-12
2024-12-01,Петрова М.В.,Екатеринбург,Продукты,Кофе зерновой,20,1295.2,0.5,25904.0,12952.0,12952.0,2024-12
2024-12-02,Смирнова Е.А.,Казань,Одежда,Платье,17,5166.15,0.42,87824.54999999999,36886.310999999994,50938.238999999994,2024-12
2024-12-02,Сидоров К.Д.,Санкт-Петербург,Автотовары,Видеорегистратор,6,6702.92,0.21,40217.520000000004,8445.6792,31771.840800000005,2024-12
2024-12-02,Смирнова Е.А.,Санкт-Петербург,Косметика,Шампунь,10,624.97,0.36,6249.700000000001,2249.8920000000003,3999.8080000000004,2024-12
2024-12-03,Петрова М.В.,Ростов-на-Дону,Дом и сад,Увлажнитель воздуха,10,4826.61,0.27,48266.1,13031.847,35234.253,2024-12
2024-12-03,Иванов А.С.,Омск,Автотовары,Ароматизатор,15,452.47,0.25,6787.05,1696.7625,5090.2875,2024-12
2024-12-03,Кузнецов П.Р.,Казань,Косметика,Парфюм,8,4495.09,0.31,35960.72,11147.8232,24812.896800000002,2024-12
2024-12-03,Сидоров К.Д.,Омск,Одежда,Платье,3,4928.49,0.33,14785.47,4879.2051,9906.264899999998,2024-12
2024-12-03,Иванов А.С.,Челябинск,Автотовары,Органайзер,18,1705.85,0.23,30705.3,7062.219,23643.081,2024-12
2024-12-03,Кузнецов П.Р.,Казань,Косметика,Крем для лица,2,1474.87,0.3,2949.74,884.9219999999999,2064.8179999999998,2024-12
2024-12-04,Кузнецов П.Р.,Нижний Новгород,Электроника,Умные часы,17,24185.52,0.18,411153.84,74007.6912,337146.1488,2024-12
2024-12-04,Иванов А.С.,Самара,Спорт,Коврик для йоги,1,2478.83,0.28,2478.83,694.0724,1784.7576,2024-12
2024-12-05,Петрова М.В.,Санкт-Петербург,Книги,Комикс,16,430.35,0.47,6885.6,3236.232,3649.3680000000004,2024-12
2024-12-06,Сидоров К.Д.,Нижний Новгород,Книги,Комикс,14,449.44,0.46,6292.16,2894.3936,3397.7664,2024-12
2024-12-06,Кузнецов П.Р.,Самара,Косметика,Маска для волос,9,873.99,0.3,7865.91,2359.7729999999997,5506.137000000001,2024-12
2024-12-06,Иванов А.С.,Москва,Автотовары,Органайзер,11,1987.22,0.24,21859.420000000002,5246.2608,16613.159200000002,2024-12
2024-12-06,Сидоров К.Д.,Казань,Одежда,Футболка,12,1357.3,0.4,16287.599999999999,6515.04,9772.559999999998,2024-12
2024-12-07,Иванов А.С.,Челябинск,Одежда,Куртка,17,8291.17,0.37,140949.89,52151.4593,88798.43070000001,2024-12
2024-12-07,Петрова М.В.,Москва,Продукты,Сыр,16,1579.27,0.47,25268.32,11876.1104,13392.2096,2024-12
2024-12-07,Смирнова Е.А.,Самара,Спорт,Фитнес-браслет,1,4249.05,0.29,4249.05,1232.2245,3016.8255,2024-12
2024-12-07,Смирнова Е.А.,Казань,Дом и сад,Чайник,15,2943.63,0.29,44154.450000000004,12804.790500000001,31349.6595,2024-12
2024-12-08,Сидоров К.Д.,Челябинск,Электроника,Беспроводные наушники,14,7295.33,0.18,102134.62,18384.2316,83750.3884,2024-12
2024-12-08,Петрова М.В.,Челябинск,Косметика,Парфюм,2,4724.97,0.31,9449.94,2929.4814,6520.4586,2024-12
2024-12-08,Иванов А.С.,Челябинск,Одежда,Кроссовки,13,6364.27,0.4,82735.51000000001,33094.204000000005,49641.306000000004,2024-12
2024-12-09,Кузнецов П.Р.,Самара,Дом и сад,Робот-пылесос,17,24984.54,0.3,424737.18,127421.154,297316.026,2024-12
2024-12-09,Кузнецов П.Р.,Челябинск,Продукты,Сыр,7,1509.87,0.46,10569.09,4861.7814,5707.3086,2024-12
2024-12-10,Петрова М.В.,Москва,Продукты,Гречка,19,90.39,0.5,1717.41,858.705,858.705,2024-12
2024-12-10,Кузнецов П.Р.,Екатеринбург,Автотовары,Ароматизатор,9,353.44,0.21,3180.96,668.0015999999999,2512.9584,2024-12
2024-12-11,Смирнова Е.А.,Омск,Электроника,Беспроводные наушники,17,6873.01,0.18,116841.17,21031.4106,95809.7594,2024-12
2024-12-11,Сидоров К.Д.,Омск,Одежда,Куртка,2,8548.46,0.35,17096.92,5983.921999999999,11112.998,2024-12
2024-12-11,Сидоров К.Д.,Казань,Электроника,Ноутбук,3,80102.56,0.15,240307.68,36046.151999999995,204261.528,2024-12
2024-12-12,Кузнецов П.Р.,Челябинск,Спорт,Мяч,2,843.99,0.29,1687.98,489.51419999999996,1198.4658,2024-12
2024-12-12,Петрова М.В.,Казань,Книги,Комикс,18,431.43,0.42,7765.74,3261.6108,4504.129199999999,2024-12
2024-12-13,Иванов А.С.,Новосибирск,Одежда,Платье,11,5877.13,0.38,64648.43,24566.4034,40082.0266,2024-12
2024-12-13,Кузнецов П.Р.,Ростов-на-Дону,Дом и сад,Робот-пылесос,3,28640.78,0.24,85922.34,20621.3616,65300.97839999999,2024-12
2024-12-13,Сидоров К.Д.,Челябинск,Продукты,Шоколад,2,145.58,0.47,291.16,136.8452,154.31480000000002,2024-12
2024-12-14,Кузнецов П.Р.,Челябинск,Автотовары,Ароматизатор,6,369.16,0.18,2214.96,398.6928,1816.2672,2024-12
2024-12-14,Кузнецов П.Р.,Ростов-на-Дону,Дом и сад,Набор посуды,2,6944.22,0.25,13888.44,3472.11,10416.33,2024-12
2024-12-14,Кузнецов П.Р.,Москва,Одежда,Куртка,3,10164.31,0.36,30492.93,10977.4548,19515.4752,2024-12
2024-12-15,Иванов А.С.,Челябинск,Спорт,Фитнес-браслет,5,4386.62,0.29,21933.1,6360.598999999999,15572.501,2024-12
2024-12-15,Кузнецов П.Р.,Ростов-на-Дону,Косметика,Шампунь,18,533.72,0.33,9606.960000000001,3170.2968000000005,6436.663200000001,2024-12
2024-12-15,Смирнова Е.А.,Екатеринбург,Косметика,Крем для лица,5,1667.24,0.31,8336.2,2584.222,5751.978000000001,2024-12
2024-12-15,Иванов А.С.,Санкт-Петербург,Одежда,Джинсы,7,4074.12,0.34,28518.84,9696.4056,18822.4344,2024-12
2024-12-16,Кузнецов П.Р.,Нижний Новгород,Книги,Фантастика,3,695.86,0.39,2087.58,814.1562,1273.4238,2024-12
2024-12-18,Смирнова Е.А.,Челябинск,Косметика,Гель для душа,11,402.62,0.35,4428.82,1550.0869999999998,2878.733,2024-12
2024-12-18,Иванов А.С.,Омск,Продукты,Шоколад,17,161.16,0.49,2739.72,1342.4627999999998,1397.2572,2024-12
2024-12-18,Петрова М.В.,Омск,Одежда,Футболка,12,1605.59,0.42,19267.079999999998,8092.173599999999,11174.9064,2024-12
2024-12-18,Смирнова Е.А.,Нижний Новгород,Дом и сад,Увлажнитель воздуха,16,5622.22,0.3,89955.52,26986.656,62968.864,2024-12
2024-12-19,Смирнова Е.А.,Новосибирск,Одежда,Футболка,2,1328.66,0.36,2657.32,956.6352,1700.6848,2024-12
2024-12-19,Иванов А.С.,Челябинск,Одежда,Платье,18,5562.08,0.39,100117.44,39045.8016,61071.6384,2024-12
2024-12-21,Кузнецов П.Р.,Омск,Косметика,Гель для душа,18,348.48,0.34,6272.64,2132.6976000000004,4139.9424,2024-12
2024-12-21,Смирнова Е.А.,Нижний Новгород,Одежда,Джинсы,9,4772.16,0.34,42949.44,14602.809600000002,28346.630400000002,2024-12
2024-12-21,Иванов А.С.,Санкт-Петербург,Продукты,Шоколад,16,161.86,0.5,2589.76,1294.88,1294.88,2024-12
2024-12-21,Сидоров К.Д.,Самара,Одежда,Куртка,8,9806.43,0.32,78451.44,25104.4608,53346.9792,2024-12
2024-12-21,Кузнецов П.Р.,Челябинск,Дом и сад,Чайник,18,3443.45,0.31,61982.1,19214.451,42767.649,2024-12
2024-12-22,Сидоров К.Д.,Новосибирск,Продукты,Оливковое масло,13,2040.34,0.48,26524.42,12731.721599999999,13792.6984,2024-12
2024-12-22,Смирнова Е.А.,Нижний Новгород,Книги,Художественная литература,5,608.28,0.42,3041.3999999999996,1277.3879999999997,1764.012,2024-12
2024-12-23,Петрова М.В.,Омск,Электроника,Умная колонка,1,13017.43,0.16,13017.43,2082.7888000000003,10934.6412,2024-12
2024-12-23,Иванов А.С.,Челябинск,Электроника,Смартфон,8,41081.48,0.16,328651.84,52584.294400000006,276067.5456,2024-12
2024-12-24,Петрова М.В.,Новосибирск,Книги,Комикс,17,522.97,0.43,8890.49,3822.9107,5067.579299999999,2024-12
2024-12-25,Иванов А.С.,Ростов-на-Дону,Электроника,Ноутбук,16,81145.98,0.21,1298335.68,272650.49279999995,1025685.1872,2024-12
2024-12-25,Кузнецов П.Р.,Москва,Электроника,Смартфон,17,44178.06,0.2,751027.02,150205.404,600821.616,2024-12
2024-12-25,Петрова М.В.,Челябинск,Электроника,Умные часы,10,21497.46,0.17,214974.59999999998,36545.682,178428.91799999998,2024-12
2024-12-25,Смирнова Е.А.,Омск,Спорт,Фитнес-браслет,10,4250.45,0.34,42504.5,14451.53,28052.97,2024-12
2024-12-26,Кузнецов П.Р.,Санкт-Петербург,Косметика,Парфюм,17,4989.5,0.34,84821.5,28839.31,55982.19,2024-12
2024-12-26,Кузнецов П.Р.,Челябинск,Автотовары,Ароматизатор,4,448.28,0.2,1793.12,358.624,1434.4959999999999,2024-12
2024-12-26,Смирнова Е.А.,Ростов-на-Дону,Косметика,Крем для лица,8,1467.67,0.29,11741.36,3404.9944,8336.365600000001,2024-12
2024-12-27,Смирнова Е.А.,Ростов-на-Дону,Одежда,Джинсы,19,4175.89,0.39,79341.91,30943.344900000004,48398.5651,2024-12
2024-12-27,Смирнова Е.А.,Москва,Продукты,Кофе зерновой,19,1063.27,0.5,20202.13,10101.065,10101.065,2024-12
2024-12-27,Сидоров К.Д.,Нижний Новгород,Автотовары,Органайзер,9,1667.28,0.17,15005.52,2550.9384000000005,12454.5816,2024-12
2024-12-27,Сидоров К.Д.,Новосибирск,Книги,Комикс,9,425.05,0.38,3825.4500000000003,1453.671,2371.7790000000005,2024-12
2024-12-28,Петрова М.В.,Екатеринбург,Автотовары,Органайзер,15,1613.99,0.26,24209.85,6294.561,17915.288999999997,2024-12
2024-12-28,Петрова М.В.,Ростов-на-Дону,Одежда,Джинсы,20,4356.16,0.41,87123.2,35720.511999999995,51402.688,2024-12
2024-12-28,Смирнова Е.А.,Омск,Спорт,Фитнес-браслет,6,3796.26,0.32,22777.56,7288.819200000001,15488.7408,2024-12
2024-12-28,Петрова М.В.,Челябинск,Одежда,Куртка,10,9987.77,0.39,99877.70000000001,38952.30300000001,60925.397000000004,2024-12
2024-12-28,Смирнова Е.А.,Екатеринбург,Автотовары,Видеорегистратор,19,6792.55,0.24,129058.45,30974.028,98084.42199999999,2024-12
2024-12-29,Петрова М.В.,Санкт-Петербург,Спорт,Бутылка для воды,4,784.24,0.31,3136.96,972.4576,2164.5024000000003,2024-12
2024-12-29,Сидоров К.Д.,Нижний Новгород,Дом и сад,Чайник,9,2649.67,0.26,23847.03,6200.2278,17646.8022,2024-12
2024-12-29,Смирнова Е.А.,Санкт-Петербург,Электроника,Беспроводные наушники,15,7896.81,0.18,118452.15000000001,21321.387000000002,97130.763,2024-12
2024-12-30,Сидоров К.Д.,Екатеринбург,Продукты,Кофе зерновой,1,1255.58,0.46,1255.58,577.5668,678.0132,2024-12
2024-12-30,Кузнецов П.Р.,Ростов-на-Дону,Автотовары,Ароматизатор,4,450.08,0.21,1800.32,378.06719999999996,1422.2528,2024-12
2024-12-30,Петрова М.В.,Нижний Новгород,Книги,Детектив,10,688.73,0.46,6887.3,3168.1580000000004,3719.142,2024-12
2024-12-30,Сидоров К.Д.,Новосибирск,Электроника,Умные часы,14,20613.72,0.21,288592.08,60604.336800000005,227987.74320000003,2024-12
2024-12-30,Кузнецов П.Р.,Казань,Дом и сад,Робот-пылесос,11,26481.24,0.31,291293.64,90301.02840000001,200992.6116,2024-12
2024-12-31,Смирнова Е.А.,Санкт-Петербург,Книги,Комикс,20,564.95,0.47,11299.0,5310.53,5988.47,2024-12
2024-12-31,Кузнецов П.Р.,Москва,Спорт,Бутылка для воды,4,959.21,0.28,3836.84,1074.3152000000002,2762.5248,2024-12
2025-01-02,Сидоров К.Д.,Санкт-Петербург,Продукты,Кофе зерновой,18,1105.72,0.5,19902.96,9951.48,9951.48,2025-01
2025-01-03,Кузнецов П.Р.,Ростов-на-Дону,Спорт,Фитнес-браслет,16,4595.83,0.32,73533.28,23530.6496,50002.630399999995,2025-01
2025-01-04,Петрова М.В.,Москва,Дом и сад,Садовый шланг,10,1803.58,0.32,18035.8,5771.456,12264.344,2025-01
2025-01-04,Иванов А.С.,Нижний Новгород,Электроника,Ноутбук,3,88915.91,0.12,266747.73,32009.7276,234738.0024,2025-01
2025-01-05,Смирнова Е.А.,Екатеринбург,Продукты,Сыр,17,1627.77,0.5,27672.09,13836.045,13836.045,2025-01
2025-01-05,Петрова М.В.,Новосибирск,Дом и сад,Увлажнитель воздуха,7,5503.31,0.26,38523.170000000006,10016.024200000002,28507.145800000006,2025-01
2025-01-06,Сидоров К.Д.,Москва,Автотовары,Органайзер,1,1571.5,0.17,1571.5,267.15500000000003,1304.345,2025-01
2025-01-07,Сидоров К.Д.,Москва,Книги,Детектив,20,604.1,0.47,12082.0,5678.54,6403.46,2025-01
2025-01-07,Петрова М.В.,Москва,Автотовары,Держатель для телефона,10,751.72,0.22,7517.200000000001,1653.784,5863.416000000001,2025-01
2025-01-07,Кузнецов П.Р.,Нижний Новгород,Спорт,Коврик для йоги,1,2370.8,0.27,2370.8,640.1160000000001,1730.6840000000002,2025-01
2025-01-08,Сидоров К.Д.,Казань,Книги,Бизнес,13,838.93,0.42,10906.09,4580.5578,6325.532200000001,2025-01
2025-01-08,Сидоров К.Д.,Новосибирск,Косметика,Маска для волос,11,977.12,0.35,10748.32,3761.912,6986.407999999999,2025-01
2025-01-08,Петрова М.В.,Москва,Продукты,Оливковое масло,12,1605.62,0.5,19267.44,9633.72,9633.72,2025-01
2025-01-09,Петрова М.В.,Самара,Продукты,Сыр,12,1705.45,0.48,20465.4,9823.392,10642.008000000002,2025-01
2025-01-09,Петрова М.В.,Санкт-Петербург,Электроника,Умные часы,2,21787.57,0.14,43575.14,6100.5196000000005,37474.6204,2025-01
2025-01-09,Иванов А.С.,Казань,Автотовары,Щетка для снега,18,1051.14,0.24,18920.52,4540.9248,14379.5952,2025-01
2025-01-09,Кузнецов П.Р.,Новосибирск,Косметика,Шампунь,10,596.68,0.35,5966.799999999999,2088.3799999999997,3878.4199999999996,2025-01
2025-01-10,Сидоров К.Д.,Самара,Дом и сад,Робот-пылесос,15,23299.97,0.28,349499.55000000005,97859.87400000003,251639.67600000004,2025-01
2025-01-10,Петрова М.В.,Омск,Одежда,Кроссовки,8,5912.18,0.33,47297.44,15608.155200000001,31689.2848,2025-01
2025-01-10,Сидоров К.Д.,Екатеринбург,Книги,Детектив,16,704.31,0.42,11268.96,4732.963199999999,6535.9968,2025-01
2025-01-11,Сидоров К.Д.,Новосибирск,Одежда,Платье,11,6150.74,0.42,67658.14,28416.4188,39241.7212,2025-01
2025-01-12,Иванов А.С.,Ростов-на-Дону,Дом и сад,Чайник,8,3444.05,0.24,27552.4,6612.576,20939.824,2025-01
2025-01-12,Кузнецов П.Р.,Ростов-на-Дону,Электроника,Ноутбук,5,89538.95,0.16,447694.75,71631.16,376063.58999999997,2025-01
2025-01-12,Кузнецов П.Р.,Москва,Продукты,Шоколад,17,128.65,0.5,2187.05,1093.525,1093.525,2025-01
2025-01-13,Кузнецов П.Р.,Новосибирск,Дом и сад,Садовый шланг,13,2027.34,0.29,26355.42,7643.071799999999,18712.3482,2025-01
2025-01-13,Кузнецов П.Р.,Екатеринбург,Косметика,Шампунь,12,664.8,0.33,7977.599999999999,2632.6079999999997,5344.992,2025-01
2025-01-14,Сидоров К.Д.,Екатеринбург,Одежда,Платье,4,5978.68,0.33,23914.72,7891.857600000001,16022.8624,2025-01
2025-01-14,Смирнова Е.А.,Самара,Спорт,Фитнес-браслет,15,3887.22,0.36,58308.299999999996,20990.987999999998,37317.312,2025-01
2025-01-15,Петрова М.В.,Самара,Книги,Фантастика,13,754.58,0.44,9809.54,4316.1976,5493.3424,2025-01
2025-01-15,Петрова М.В.,Казань,Автотовары,Видеорегистратор,5,7286.95,0.2,36434.75,7286.950000000001,29147.8,2025-01
2025-01-15,Смирнова Е.А.,Москва,Автотовары,Видеорегистратор,1,6019.71,0.21,6019.71,1264.1390999999999,4755.570900000001,2025-01
2025-01-15,Иванов А.С.,Омск,Продукты,Гречка,11,103.19,0.5,1135.09,567.545,567.545,2025-01
2025-01-16,Сидоров К.Д.,Нижний Новгород,Дом и сад,Чайник,15,3288.97,0.28,49334.549999999996,13813.674,35520.876,2025-01
2025-01-16,Сидоров К.Д.,Ростов-на-Дону,Электроника,Смартфон,7,39259.75,0.15,274818.25,41222.737499999996,233595.5125,2025-01
2025-01-17,Смирнова Е.А.,Казань,Спорт,Бутылка для воды,7,776.7,0.3,5436.900000000001,1631.0700000000002,3805.8300000000004,2025-01
2025-01-17,Кузнецов П.Р.,Самара,Автотовары,Держатель для телефона,10,603.51,0.23,6035.1,1388.073,4647.027,2025-01
2025-01-17,Иванов А.С.,Новосибирск,Книги,Детектив,13,690.97,0.43,8982.61,3862.5223,5120.0877,2025-01
2025-01-18,Смирнова Е.А.,Нижний Новгород,Электроника,Беспроводные наушники,13,7514.03,0.18,97682.39,17582.8302,80099.5598,2025-01
2025-01-18,Смирнова Е.А.,Самара,Продукты,Сыр,9,1733.5,0.44,15601.5,6864.66,8736.84,2025-01
2025-01-19,Иванов А.С.,Челябинск,Одежда,Куртка,3,7811.94,0.34,23435.82,7968.178800000001,15467.641199999998,2025-01
2025-01-19,Иванов А.С.,Челябинск,Дом и сад,Садовый шланг,4,1889.17,0.25,7556.68,1889.17,5667.51,2025-01
2025-01-20,Петрова М.В.,Ростов-на-Дону,Электроника,Ноутбук,3,78039.31,0.13,234117.93,30435.3309,203682.5991,2025-01
2025-01-20,Иванов А.С.,Ростов-на-Дону,Продукты,Шоколад,3,133.05,0.43,399.15000000000003,171.6345,227.51550000000003,2025-01
2025-01-20,Кузнецов П.Р.,Омск,Продукты,Оливковое масло,13,1797.55,0.49,23368.149999999998,11450.393499999998,11917.7565,2025-01
2025-01-20,Петрова М.В.,Омск,Одежда,Кроссовки,8,6957.17,0.37,55657.36,20593.2232,35064.1368,2025-01
2025-01-20,Смирнова Е.А.,Москва,Косметика,Шампунь,6,645.07,0.28,3870.42,1083.7176000000002,2786.7024,2025-01
2025-01-21,Сидоров К.Д.,Москва,Дом и сад,Чайник,19,3093.24,0.3,58771.56,17631.467999999997,41140.092000000004,2025-01
2025-01-21,Петрова М.В.,Санкт-Петербург,Косметика,Маска для волос,6,775.83,0.27,4654.9800000000005,1256.8446000000001,3398.1354,2025-01
2025-01-21,Иванов А.С.,Казань,Книги,Комикс,17,460.85,0.44,7834.450000000001,3447.1580000000004,4387.292,2025-01
2025-01-21,Иванов А.С.,Самара,Продукты,Гречка,10,84.67,0.5,846.7,423.35,423.35,2025-01
2025-01-21,Петрова М.В.,Санкт-Петербург,Спорт,Мяч,10,728.96,0.37,7289.6,2697.152,4592.448,2025-01
2025-01-22,Сидоров К.Д.,Нижний Новгород,Косметика,Парфюм,7,4298.45,0.29,30089.149999999998,8725.8535,21363.296499999997,2025-01
2025-01-23,Кузнецов П.Р.,Челябинск,Одежда,Кроссовки,5,6526.37,0.36,32631.85,11747.465999999999,20884.384,2025-01
2025-01-23,Кузнецов П.Р.,Екатеринбург,Электроника,Умные часы,2,21678.02,0.16,43356.04,6936.9664,36419.0736,2025-01
2025-01-24,Иванов А.С.,Новосибирск,Дом и сад,Робот-пылесос,19,22828.47,0.3,433740.93000000005,130122.27900000001,303618.65100000007,2025-01
2025-01-24,Кузнецов П.Р.,Самара,Автотовары,Органайзер,14,1870.53,0.26,26187.42,6808.7292,19378.690799999997,2025-01
2025-01-24,Петрова М.В.,Нижний Новгород,Спорт,Фитнес-браслет,1,4410.97,0.31,4410.97,1367.4007000000001,3043.5693,2025-01
2025-01-25,Кузнецов П.Р.,Омск,Продукты,Кофе зерновой,11,1298.95,0.48,14288.45,6858.456,7429.994000000001,2025-01
2025-01-25,Сидоров К.Д.,Ростов-на-Дону,Книги,Комикс,1,446.11,0.4,446.11,178.44400000000002,267.666,2025-01
2025-01-25,Сидоров К.Д.,Екатеринбург,Автотовары,Щетка для снега,2,1246.06,0.18,2492.12,448.5816,2043.5384,2025-01
2025-01-26,Кузнецов П.Р.,Москва,Косметика,Парфюм,12,4263.15,0.37,51157.799999999996,18928.386,32229.413999999997,2025-01
2025-01-27,Петрова М.В.,Ростов-на-Дону,Автотовары,Ароматизатор,12,362.43,0.22,4349.16,956.8152,3392.3448,2025-01
2025-01-27,Сидоров К.Д.,Челябинск,Книги,Бизнес,8,1010.06,0.42,8080.48,3393.8016,4686.6784,2025-01
2025-01-27,Петрова М.В.,Казань,Косметика,Парфюм,6,4584.65,0.31,27507.899999999998,8527.448999999999,18980.451,2025-01
2025-01-27,Петрова М.В.,Казань,Продукты,Сыр,2,1792.54,0.42,3585.08,1505.7336,2079.3464,2025-01
2025-01-29,Петрова М.В.,Москва,Продукты,Гречка,16,98.47,0.48,1575.52,756.2496,819.2704,2025-01
2025-01-29,Сидоров К.Д.,Омск,Спорт,Коврик для йоги,14,2608.22,0.35,36515.079999999994,12780.277999999997,23734.801999999996,2025-01
2025-01-29,Сидоров К.Д.,Санкт-Петербург,Книги,Комикс,17,475.38,0.43,8081.46,3475.0278,4606.4322,2025-01
2025-01-29,Сидоров К.Д.,Новосибирск,Косметика,Парфюм,19,4443.93,0.37,84434.67000000001,31240.827900000004,53193.84210000001,2025-01
2025-01-30,Сидоров К.Д.,Нижний Новгород,Одежда,Куртка,13,10266.95,0.4,133470.35,53388.14000000001,80082.20999999999,2025-01
2025-01-30,Кузнецов П.Р.,Нижний Новгород,Книги,Комикс,10,516.9,0.44,5169.0,2274.36,2894.64,2025-01
2025-01-30,Сидоров К.Д.,Санкт-Петербург,Дом и сад,Увлажнитель воздуха,16,5583.56,0.29,89336.96,25907.7184,63429.24160000001,2025-01
2025-01-30,Смирнова Е.А.,Екатеринбург,Спорт,Мяч,12,711.64,0.36,8539.68,3074.2848,5465.395200000001,2025-01
2025-01-31,Петрова М.В.,Самара,Спорт,Коврик для йоги,13,2716.86,0.36,35319.18,12714.9048,22604.2752,2025-01
2025-01-31,Смирнова Е.А.,Екатеринбург,Автотовары,Видеорегистратор,15,6461.81,0.24,96927.15000000001,23262.516,73664.634,2025-01
2025-01-31,Иванов А.С.,Москва,Одежда,Кроссовки,2,5608.05,0.35,11216.1,3925.6349999999998,7290.465,2025-01
2025-01-31,Сидоров К.Д.,Ростов-на-Дону,Электроника,Умная колонка,5,12542.07,0.14,62710.35,8779.449,53930.901,2025-01
2025-01-31,Сидоров К.Д.,Ростов-на-Дону,Дом и сад,Садовый шланг,4,1895.46,0.22,7581.84,1668.0048,5913.8352,2025-01
2025-01-31,Смирнова Е.А.,Челябинск,Дом и сад,Набор посуды,11,6306.21,0.31,69368.31,21504.1761,47864.1339,2025-01
2025-01-31,Сидоров К.Д.,Челябинск,Автотовары,Органайзер,11,2064.2,0.26,22706.199999999997,5903.611999999999,16802.587999999996,2025-01
2025-02-01,Кузнецов П.Р.,Санкт-Петербург,Электроника,Умная колонка,5,10943.19,0.14,54715.950000000004,7660.233000000001,47055.717000000004,2025-02
2025-02-01,Иванов А.С.,Самара,Автотовары,Держатель для телефона,11,781.55,0.26,8597.05,2235.2329999999997,6361.816999999999,2025-02
2025-02-01,Иванов А.С.,Омск,Одежда,Платье,3,4741.23,0.32,14223.689999999999,4551.5808,9672.109199999999,2025-02
2025-02-01,Кузнецов П.Р.,Екатеринбург,Продукты,Оливковое масло,2,2053.21,0.44,4106.42,1806.8248,2299.5951999999997,2025-02
2025-02-01,Сидоров К.Д.,Новосибирск,Спорт,Гантели,9,2992.67,0.29,26934.03,7810.868699999999,19123.1613,2025-02
2025-02-02,Кузнецов П.Р.,Казань,Дом и сад,Робот-пылесос,17,26202.9,0.31,445449.30000000005,138089.28300000002,307360.017,2025-02
2025-02-02,Сидоров К.Д.,Нижний Новгород,Продукты,Шоколад,11,154.78,0.48,1702.58,817.2384,885.3416,2025-02
2025-02-02,Петрова М.В.,Екатеринбург,Книги,Фантастика,2,651.9,0.39,1303.8,508.482,795.318,2025-02
2025-02-02,Кузнецов П.Р.,Санкт-Петербург,Дом и сад,Увлажнитель воздуха,7,4293.49,0.25,30054.43,7513.6075,22540.822500000002,2025-02
2025-02-02,Смирнова Е.А.,Челябинск,Одежда,Джинсы,16,4891.09,0.42,78257.44,32868.1248,45389.315200000005,2025-02
2025-02-02,Смирнова Е.А.,Екатеринбург,Электроника,Ноутбук,13,93591.95,0.2,1216695.3499999999,243339.06999999998,973356.2799999999,2025-02
2025-02-03,Иванов А.С.,Казань,Книги,Бизнес,16,879.04,0.46,14064.64,6469.7344,7594.905599999999,2025-02
2025-02-03,Смирнова Е.А.,Екатеринбург,Электроника,Ноутбук,2,96101.23,0.13,192202.46,24986.3198,167216.1402,2025-02
2025-02-04,Иванов А.С.,Екатеринбург,Одежда,Платье,11,5083.99,0.41,55923.89,22928.794899999997,32995.095100000006,2025-02
2025-02-04,Кузнецов П.Р.,Екатеринбург,Косметика,Крем для лица,16,1640.37,0.34,26245.92,8923.6128,17322.307199999996,2025-02
2025-02-04,Кузнецов П.Р.,Санкт-Петербург,Книги,Бизнес,18,951.82,0.46,17132.760000000002,7881.069600000002,9251.6904,2025-02
2025-02-04,Кузнецов П.Р.,Москва,Книги,Фантастика,16,756.38,0.43,12102.08,5203.8944,6898.1856,2025-02
2025-02-04,Сидоров К.Д.,Омск,Книги,Детектив,15,690.15,0.45,10352.25,4658.5125,5693.7375,2025-02
2025-02-04,Иванов А.С.,Санкт-Петербург,Продукты,Шоколад,1,150.77,0.42,150.77,63.3234,87.44660000000002,2025-02
2025-02-04,Петрова М.В.,Новосибирск,Автотовары,Видеорегистратор,10,6935.41,0.25,69354.1,17338.525,52015.575000000004,2025-02
2025-02-04,Кузнецов П.Р.,Екатеринбург,Электроника,Беспроводные наушники,19,8934.29,0.21,169751.51,35647.8171,134103.69290000002,2025-02
2025-02-05,Смирнова Е.А.,Ростов-на-Дону,Дом и сад,Увлажнитель воздуха,13,4288.97,0.3,55756.61,16726.983,39029.627,2025-02
2025-02-05,Смирнова Е.А.,Санкт-Петербург,Продукты,Кофе зерновой,15,1373.35,0.5,20600.25,10300.125,10300.125,2025-02
2025-02-05,Иванов А.С.,Челябинск,Дом и сад,Набор посуды,4,6936.77,0.24,27747.08,6659.2992,21087.7808,2025-02
2025-02-06,Кузнецов П.Р.,Самара,Автотовары,Органайзер,17,1994.79,0.25,33911.43,8477.8575,25433.572500000002,2025-02
2025-02-07,Кузнецов П.Р.,Екатеринбург,Косметика,Маска для волос,10,988.21,0.37,9882.1,3656.377,6225.723,2025-02
2025-02-07,Петрова М.В.,Нижний Новгород,Косметика,Шампунь,6,611.14,0.28,3666.84,1026.7152,2640.1248,2025-02
2025-02-07,Смирнова Е.А.,Ростов-на-Дону,Электроника,Умные часы,10,23030.67,0.19,230306.69999999998,43758.272999999994,186548.427,2025-02
2025-02-07,Иванов А.С.,Екатеринбург,Косметика,Крем для лица,7,1343.17,0.28,9402.19,2632.6132000000002,6769.576800000001,2025-02
2025-02-08,Кузнецов П.Р.,Омск,Спорт,Гантели,19,3825.37,0.35,72682.03,25438.710499999997,47243.3195,2025-02
2025-02-08,Сидоров К.Д.,Нижний Новгород,Продукты,Оливковое масло,3,2038.37,0.47,6115.11,2874.1016999999997,3241.0083,2025-02
2025-02-08,Иванов А.С.,Москва,Дом и сад,Садовый шланг,2,1992.77,0.27,3985.54,1076.0958,2909.4442,2025-02
2025-02-09,Смирнова Е.А.,Омск,Одежда,Кроссовки,19,5711.54,0.38,108519.26,41237.3188,67281.9412,2025-02
2025-02-09,Сидоров К.Д.,Новосибирск,Автотовары,Ароматизатор,18,432.78,0.27,7790.039999999999,2103.3107999999997,5686.7292,2025-02
2025-02-09,Петрова М.В.,Омск,Автотовары,Ароматизатор,4,424.98,0.2,1699.92,339.98400000000004,1359.9360000000001,2025-02
2025-02-09,Петрова М.В.,Новосибирск,Одежда,Футболка,7,1600.37,0.32,11202.59,3584.8288000000002,7617.7612,2025-02
2025-02-09,Петрова М.В.,Новосибирск,Электроника,Умная колонка,8,10637.19,0.16,85097.52,13615.603200000001,71481.9168,2025-02
2025-02-10,Кузнецов П.Р.,Самара,Продукты,Кофе зерновой,1,1072.39,0.44,1072.39,471.8516,600.5384000000001,2025-02
2025-02-10,Кузнецов П.Р.,Москва,Книги,Детектив,1,742.07,0.38,742.07,281.9866,460.08340000000004,2025-02
2025-02-10,Петрова М.В.,Новосибирск,Книги,Комикс,11,570.54,0.47,6275.94,2949.6917999999996,3326.2482,2025-02
2025-02-10,Кузнецов П.Р.,Омск,Автотовары,Держатель для телефона,2,601.69,0.18,1203.38,216.60840000000002,986.7716,2025-02
2025-02-11,Иванов А.С.,Екатеринбург,Электроника,Беспроводные наушники,8,8079.39,0.15,64635.12,9695.268,54939.852,2025-02
2025-02-11,Сидоров К.Д.,Ростов-на-Дону,Электроника,Беспроводные наушники,13,7936.21,0.21,103170.73,21665.8533,81504.8767,2025-02
2025-02-11,Петрова М.В.,Омск,Одежда,Кроссовки,13,5906.86,0.37,76789.18,28411.9966,48377.183399999994,2025-02
2025-02-12,Смирнова Е.А.,Ростов-на-Дону,Косметика,Крем для лица,2,1522.5,0.3,3045.0,913.5,2131.5,2025-02
2025-02-13,Кузнецов П.Р.,Екатеринбург,Автотовары,Ароматизатор,12,446.67,0.22,5360.04,1179.2088,4180.8312,2025-02
2025-02-15,Кузнецов П.Р.,Омск,Спорт,Бутылка для воды,17,822.7,0.35,13985.900000000001,4895.0650000000005,9090.835000000001,2025-02
2025-02-15,Сидоров К.Д.,Нижний Новгород,Дом и сад,Чайник,12,3009.34,0.28,36112.08,10111.382400000002,26000.6976,2025-02
2025-02-15,Кузнецов П.Р.,Челябинск,Дом и сад,Чайник,18,2578.97,0.28,46421.46,12998.008800000001,33423.451199999996,2025-02
2025-02-16,Петрова М.В.,Омск,Спорт,Мяч,6,852.12,0.28,5112.72,1431.5616000000002,3681.1584000000003,2025-02
2025-02-16,Смирнова Е.А.,Санкт-Петербург,Косметика,Крем для лица,11,1409.16,0.33,15500.76,5115.250800000001,10385.5092,2025-02
2025-02-17,Смирнова Е.А.,Челябинск,Спорт,Гантели,9,3369.58,0.28,30326.22,8491.341600000002,21834.8784,2025-02
2025-02-17,Сидоров К.Д.,Челябинск,Электроника,Смартфон,2,44884.09,0.14,89768.18,12567.5452,77200.6348,2025-02
2025-02-17,Кузнецов П.Р.,Нижний Новгород,Спорт,Бутылка для воды,3,998.87,0.29,2996.61,869.0169,2127.5931,2025-02
2025-02-17,Петрова М.В.,Екатеринбург,Продукты,Кофе зерновой,1,1202.42,0.46,1202.42,553.1132,649.3068000000001,2025-02
2025-02-17,Иванов А.С.,Ростов-на-Дону,Косметика,Гель для душа,3,398.13,0.31,1194.3899999999999,370.26089999999994,824.1290999999999,2025-02
2025-02-21,Иванов А.С.,Челябинск,Спорт,Гантели,17,3743.57,0.36,63640.69,22910.6484,40730.041600000004,2025-02
2025-02-21,Кузнецов П.Р.,Санкт-Петербург,Электроника,Умная колонка,15,11296.49,0.22,169447.35,37278.417,132168.93300000002,2025-02
2025-02-22,Смирнова Е.А.,Москва,Продукты,Кофе зерновой,9,1373.94,0.46,12365.460000000001,5688.111600000001,6677.3484,2025-02
2025-02-22,Иванов А.С.,Нижний Новгород,Электроника,Смартфон,8,42751.67,0.16,342013.36,54722.1376,287291.22239999997,2025-02
2025-02-22,Петрова М.В.,Нижний Новгород,Книги,Фантастика,13,685.85,0.47,8916.050000000001,4190.543500000001,4725.5065,2025-02
2025-02-22,Иванов А.С.,Санкт-Петербург,Электроника,Беспроводные наушники,9,8716.89,0.16,78452.01,12552.3216,65899.6884,2025-02
2025-02-23,Смирнова Е.А.,Санкт-Петербург,Продукты,Сыр,2,1737.57,0.43,3475.14,1494.3102,1980.8298,2025-02
2025-02-23,Смирнова Е.А.,Ростов-на-Дону,Косметика,Крем для лица,5,1529.34,0.29,7646.7,2217.5429999999997,5429.157,2025-02
2025-02-23,Иванов А.С.,Самара,Спорт,Бутылка для воды,18,894.81,0.36,16106.579999999998,5798.368799999999,10308.211199999998,2025-02
2025-02-23,Сидоров К.Д.,Челябинск,Дом и сад,Чайник,17,2960.04,0.31,50320.68,15599.4108,34721.2692,2025-02
2025-02-23,Смирнова Е.А.,Нижний Новгород,Продукты,Сыр,16,1543.48,0.48,24695.68,11853.9264,12841.7536,2025-02
2025-02-23,Сидоров К.Д.,Ростов-на-Дону,Косметика,Шампунь,12,525.06,0.35,6300.719999999999,2205.2519999999995,4095.468,2025-02
2025-02-24,Сидоров К.Д.,Новосибирск,Автотовары,Держатель для телефона,20,677.63,0.25,13552.6,3388.15,10164.45,2025-02
2025-02-24,Петрова М.В.,Санкт-Петербург,Автотовары,Видеорегистратор,12,7818.16,0.24,93817.92,22516.300799999997,71301.6192,2025-02
2025-02-24,Иванов А.С.,Санкт-Петербург,Книги,Бизнес,16,808.46,0.46,12935.36,5950.265600000001,6985.0944,2025-02
2025-02-25,Сидоров К.Д.,Новосибирск,Книги,Комикс,15,469.66,0.46,7044.900000000001,3240.6540000000005,3804.246,2025-02
2025-02-25,Смирнова Е.А.,Челябинск,Косметика,Парфюм,20,3944.5,0.39,78890.0,30767.100000000002,48122.899999999994,2025-02
2025-02-25,Сидоров К.Д.,Ростов-на-Дону,Косметика,Крем для лица,2,1435.12,0.27,2870.24,774.9648,2095.2752,2025-02
2025-02-25,Петрова М.В.,Нижний Новгород,Косметика,Шампунь,6,666.32,0.31,3997.92,1239.3552,2758.5648,2025-02
2025-02-26,Сидоров К.Д.,Новосибирск,Электроника,Умные часы,3,19032.4,0.16,57097.200000000004,9135.552000000001,47961.648,2025-02
2025-02-27,Сидоров К.Д.,Москва,Одежда,Футболка,8,1436.99,0.33,11495.92,3793.6536,7702.2664,2025-02
2025-02-28,Иванов А.С.,Самара,Электроника,Ноутбук,3,76530.91,0.13,229592.73,29847.054900000003,199745.6751,2025-02
2025-02-28,Сидоров К.Д.,Ростов-на-Дону,Автотовары,Видеорегистратор,7,6675.44,0.18,46728.079999999994,8411.054399999999,38317.02559999999,2025-02
2025-02-28,Иванов А.С.,Нижний Новгород,Автотовары,Видеорегистратор,16,6873.25,0.23,109972.0,25293.56,84678.44,2025-02
2025-02-28,Сидоров К.Д.,Челябинск,Косметика,Гель для душа,18,340.44,0.35,6127.92,2144.772,3983.148,2025-02
2025-03-01,Смирнова Е.А.,Новосибирск,Продукты,Сыр,8,1475.41,0.42,11803.28,4957.3776,6845.902400000001,2025-03
2025-03-02,Сидоров К.Д.,Москва,Автотовары,Держатель для телефона,12,773.1,0.27,9277.2,2504.8440000000005,6772.356,2025-03
2025-03-02,Петрова М.В.,Самара,Одежда,Куртка,14,8942.5,0.37,125195.0,46322.15,78872.85,2025-03
2025-03-02,Сидоров К.Д.,Санкт-Петербург,Спорт,Коврик для йоги,17,2280.92,0.36,38775.64,13959.230399999999,24816.4096,2025-03
2025-03-03,Иванов А.С.,Новосибирск,Книги,Фантастика,13,790.93,0.47,10282.09,4832.5823,5449.5077,2025-03
2025-03-03,Кузнецов П.Р.,Санкт-Петербург,Дом и сад,Чайник,15,3363.35,0.29,50450.25,14630.572499999998,35819.677500000005,2025-03
2025-03-03,Кузнецов П.Р.,Омск,Автотовары,Держатель для телефона,18,772.05,0.24,13896.9,3335.256,10561.644,2025-03
2025-03-04,Иванов А.С.,Ростов-на-Дону,Книги,Комикс,18,488.47,0.44,8792.460000000001,3868.6824000000006,4923.7776,2025-03
2025-03-05,Петрова М.В.,Нижний Новгород,Дом и сад,Садовый шланг,19,2293.73,0.3,43580.87,13074.261,30506.609000000004,2025-03
2025-03-06,Петрова М.В.,Екатеринбург,Электроника,Ноутбук,1,86087.81,0.16,86087.81,13774.0496,72313.7604,2025-03
2025-03-06,Иванов А.С.,Москва,Одежда,Платье,16,5744.39,0.39,91910.24,35844.9936,56065.2464,2025-03
2025-03-06,Петрова М.В.,Омск,Спорт,Бутылка для воды,11,1006.88,0.36,11075.68,3987.2448,7088.4352,2025-03
2025-03-07,Иванов А.С.,Санкт-Петербург,Книги,Комикс,19,476.77,0.44,9058.63,3985.7971999999995,5072.8328,2025-03
2025-03-07,Смирнова Е.А.,Новосибирск,Дом и сад,Садовый шланг,19,1905.43,0.31,36203.17,11222.982699999999,24980.187299999998,2025-03
2025-03-07,Кузнецов П.Р.,Санкт-Петербург,Продукты,Шоколад,9,142.11,0.46,1278.9900000000002,588.3354000000002,690.6546000000001,2025-03
2025-03-07,Иванов А.С.,Ростов-на-Дону,Электроника,Умная колонка,6,10427.4,0.13,62564.399999999994,8133.371999999999,54431.02799999999,2025-03
2025-03-09,Кузнецов П.Р.,Самара,Косметика,Маска для волос,11,932.75,0.33,10260.25,3385.8825,6874.3675,2025-03
2025-03-10,Смирнова Е.А.,Казань,Одежда,Джинсы,8,4892.51,0.35,39140.08,13699.028,25441.052000000003,2025-03
2025-03-10,Кузнецов П.Р.,Омск,Продукты,Гречка,19,97.4,0.5,1850.6000000000001,925.3000000000001,925.3000000000001,2025-03
2025-03-10,Сидоров К.Д.,Санкт-Петербург,Одежда,Платье,18,5239.46,0.39,94310.28,36781.0092,57529.2708,2025-03
2025-03-10,Сидоров К.Д.,Москва,Одежда,Куртка,7,8898.84,0.33,62291.880000000005,20556.320400000004,41735.5596,2025-03
2025-03-10,Смирнова Е.А.,Омск,Книги,Детектив,15,607.18,0.47,9107.699999999999,4280.619,4827.080999999999,2025-03
2025-03-11,Иванов А.С.,Москва,Продукты,Шоколад,2,161.51,0.45,323.02,145.359,177.66099999999997,2025-03
2025-03-11,Кузнецов П.Р.,Ростов-на-Дону,Книги,Фантастика,7,712.06,0.4,4984.42,1993.768,2990.652,2025-03
2025-03-12,Иванов А.С.,Ростов-на-Дону,Электроника,Умная колонка,5,13498.14,0.12,67490.7,8098.883999999999,59391.816,2025-03
2025-03-13,Смирнова Е.А.,Ростов-на-Дону,Книги,Бизнес,7,1002.42,0.41,7016.94,2876.9453999999996,4139.9946,2025-03
2025-03-13,Смирнова Е.А.,Казань,Электроника,Умная колонка,16,10628.76,0.19,170060.16,32311.4304,137748.7296,2025-03
2025-03-13,Смирнова Е.А.,Нижний Новгород,Автотовары,Органайзер,11,1886.12,0.25,20747.32,5186.83,15560.49,2025-03
2025-03-15,Смирнова Е.А.,Москва,Одежда,Куртка,7,9675.42,0.36,67727.94,24382.0584,43345.8816,2025-03
2025-03-16,Петрова М.В.,Новосибирск,Автотовары,Щетка для снега,13,1156.33,0.25,15032.289999999999,3758.0724999999998,11274.217499999999,2025-03
2025-03-16,Кузнецов П.Р.,Екатеринбург,Косметика,Крем для лица,14,1410.28,0.34,19743.92,6712.9328,13030.9872,2025-03
2025-03-17,Смирнова Е.А.,Челябинск,Дом и сад,Робот-пылесос,11,26464.97,0.29,291114.67000000004,84423.2543,206691.41570000004,2025-03
2025-03-17,Смирнова Е.А.,Екатеринбург,Книги,Комикс,4,464.42,0.39,1857.68,724.4952000000001,1133.1848,2025-03
2025-03-17,Кузнецов П.Р.,Омск,Автотовары,Органайзер,3,1947.56,0.17,5842.68,993.2556000000001,4849.4244,2025-03
2025-03-17,Сидоров К.Д.,Нижний Новгород,Спорт,Гантели,14,3094.66,0.34,43325.24,14730.5816,28594.6584,2025-03
2025-03-17,Иванов А.С.,Челябинск,Косметика,Парфюм,1,4076.55,0.3,4076.55,1222.965,2853.585,2025-03
2025-03-18,Сидоров К.Д.,Омск,Книги,Детектив,15,570.33,0.46,8554.95,3935.2770000000005,4619.673000000001,2025-03
2025-03-18,Кузнецов П.Р.,Казань,Дом и сад,Робот-пылесос,17,24216.42,0.3,411679.13999999996,123503.74199999998,288175.398,2025-03
2025-03-18,Сидоров К.Д.,Новосибирск,Дом и сад,Увлажнитель воздуха,9,5052.66,0.25,45473.94,11368.485,34105.455,2025-03
2025-03-19,Сидоров К.Д.,Челябинск,Спорт,Фитнес-браслет,5,4333.37,0.31,21666.85,6716.723499999999,14950.126499999998,2025-03
2025-03-20,Иванов А.С.,Ростов-на-Дону,Спорт,Мяч,2,810.62,0.29,1621.24,470.15959999999995,1151.0804,2025-03
2025-03-20,Сидоров К.Д.,Ростов-на-Дону,Продукты,Гречка,9,88.06,0.45,792.54,356.643,435.897,2025-03
2025-03-20,Сидоров К.Д.,Новосибирск,Дом и сад,Набор посуды,13,7177.46,0.32,93306.98,29858.2336,63448.746399999996,2025-03
2025-03-20,Кузнецов П.Р.,Нижний Новгород,Продукты,Гречка,13,98.27,0.48,1277.51,613.2048,664.3052,2025-03
2025-03-20,Смирнова Е.А.,Самара,Электроника,Ноутбук,15,86719.7,0.22,1300795.5,286175.01,1014620.49,2025-03
2025-03-20,Смирнова Е.А.,Москва,Продукты,Кофе зерновой,1,1134.4,0.44,1134.4,499.136,635.2640000000001,2025-03
2025-03-21,Иванов А.С.,Москва,Автотовары,Щетка для снега,16,1033.66,0.26,16538.56,4300.025600000001,12238.5344,2025-03
2025-03-21,Петрова М.В.,Ростов-на-Дону,Автотовары,Ароматизатор,18,360.04,0.27,6480.72,1749.7944000000002,4730.9256000000005,2025-03
2025-03-21,Сидоров К.Д.,Челябинск,Спорт,Фитнес-браслет,20,3493.73,0.39,69874.6,27251.094000000005,42623.506,2025-03
2025-03-22,Иванов А.С.,Екатеринбург,Спорт,Коврик для йоги,6,2498.31,0.3,14989.86,4496.958,10492.902000000002,2025-03
2025-03-22,Сидоров К.Д.,Новосибирск,Косметика,Гель для душа,19,390.27,0.36,7415.129999999999,2669.4467999999997,4745.6831999999995,2025-03
2025-03-22,Кузнецов П.Р.,Омск,Продукты,Шоколад,3,134.57,0.43,403.71,173.59529999999998,230.1147,2025-03
2025-03-23,Сидоров К.Д.,Нижний Новгород,Спорт,Фитнес-браслет,11,4556.42,0.34,50120.62,17041.010800000004,33079.6092,2025-03
2025-03-23,Кузнецов П.Р.,Ростов-на-Дону,Одежда,Куртка,3,8154.45,0.33,24463.35,8072.9055,16390.444499999998,2025-03
2025-03-24,Кузнецов П.Р.,Ростов-на-Дону,Спорт,Бутылка для воды,2,1028.12,0.31,2056.24,637.4344,1418.8055999999997,2025-03
2025-03-24,Кузнецов П.Р.,Екатеринбург,Косметика,Гель для душа,8,418.5,0.3,3348.0,1004.4,2343.6,2025-03
2025-03-24,Иванов А.С.,Екатеринбург,Продукты,Гречка,6,100.55,0.45,603.3,271.485,331.81499999999994,2025-03
2025-03-24,Иванов А.С.,Санкт-Петербург,Дом и сад,Увлажнитель воздуха,13,4957.37,0.27,64445.81,17400.3687,47045.4413,2025-03
2025-03-25,Сидоров К.Д.,Ростов-на-Дону,Косметика,Парфюм,16,4137.05,0.35,66192.8,23167.48,43025.32000000001,2025-03
2025-03-25,Кузнецов П.Р.,Ростов-на-Дону,Автотовары,Держатель для телефона,19,773.83,0.25,14702.77,3675.6925,11027.0775,2025-03
2025-03-25,Иванов А.С.,Казань,Электроника,Ноутбук,3,83282.83,0.13,249848.49,32480.3037,217368.1863,2025-03
2025-03-25,Кузнецов П.Р.,Ростов-на-Дону,Продукты,Кофе зерновой,17,1151.46,0.5,19574.82,9787.41,9787.41,2025-03
2025-03-27,Петрова М.В.,Челябинск,Одежда,Куртка,19,8561.94,0.38,162676.86000000002,61817.20680000001,100859.6532,2025-03
2025-03-28,Смирнова Е.А.,Москва,Электроника,Ноутбук,10,73836.72,0.21,738367.2,155057.112,583310.088,2025-03
2025-03-28,Петрова М.В.,Екатеринбург,Косметика,Парфюм,8,4109.93,0.27,32879.44,8877.448800000002,24001.9912,2025-03
2025-03-28,Кузнецов П.Р.,Казань,Продукты,Шоколад,17,153.53,0.47,2610.01,1226.7047,1383.3053000000002,2025-03
2025-03-28,Иванов А.С.,Екатеринбург,Книги,Детектив,5,638.59,0.42,3192.9500000000003,1341.039,1851.9110000000003,2025-03
2025-03-28,Смирнова Е.А.,Челябинск,Продукты,Гречка,7,78.59,0.46,550.13,253.0598,297.0702,2025-03
2025-03-29,Сидоров К.Д.,Самара,Автотовары,Органайзер,12,1635.77,0.26,19629.239999999998,5103.6024,14525.637599999998,2025-03
2025-03-29,Смирнова Е.А.,Омск,Автотовары,Ароматизатор,8,425.67,0.19,3405.36,647.0184,2758.3416,2025-03
2025-03-29,Сидоров К.Д.,Казань,Одежда,Джинсы,6,3839.27,0.33,23035.62,7601.7546,15433.865399999999,2025-03
2025-03-29,Петрова М.В.,Омск,Косметика,Маска для волос,11,817.3,0.34,8990.3,3056.7019999999998,5933.598,2025-03
2025-03-30,Иванов А.С.,Ростов-на-Дону,Дом и сад,Увлажнитель воздуха,19,4999.51,0.3,94990.69,28497.207,66493.48300000001,2025-03
2025-03-30,Петрова М.В.,Нижний Новгород,Продукты,Шоколад,14,163.61,0.5,2290.54,1145.27,1145.27,2025-03
2025-03-30,Смирнова Е.А.,Нижний Новгород,Одежда,Футболка,12,1634.92,0.39,19619.04,7651.4256000000005,11967.6144,2025-03
2025-03-30,Петрова М.В.,Казань,Косметика,Парфюм,10,3854.21,0.32,38542.1,12333.472,26208.627999999997,2025-03
2025-03-30,Смирнова Е.А.,Новосибирск,Дом и сад,Увлажнитель воздуха,11,4710.26,0.31,51812.86,16061.9866,35750.8734,2025-03
2025-03-31,Сидоров К.Д.,Москва,Одежда,Кроссовки,2,6358.25,0.35,12716.5,4450.775,8265.725,2025-03
2025-03-31,Кузнецов П.Р.,Новосибирск,Спорт,Мяч,10,726.01,0.37,7260.1,2686.237,4573.863,2025-03
2025-03-31,Смирнова Е.А.,Омск,Автотовары,Видеорегистратор,9,7567.06,0.19,68103.54000000001,12939.672600000002,55163.8674,2025-03
2025-03-31,Иванов А.С.,Екатеринбург,Автотовары,Органайзер,18,1647.31,0.25,29651.579999999998,7412.8949999999995,22238.684999999998,2025-03
2025-03-31,Петрова М.В.,Омск,Электроника,Умная колонка,16,11055.24,0.19,176883.84,33607.9296,143275.9104,2025-03
2025-03-31,Иванов А.С.,Санкт-Петербург,Одежда,Джинсы,6,4941.82,0.33,29650.92,9784.8036,19866.1164,2025-03
2025-04-01,Смирнова Е.А.,Екатеринбург,Спорт,Мяч,19,909.15,0.35,17273.85,6045.847499999999,11228.002499999999,2025-04
2025-04-01,Смирнова Е.А.,Москва,Спорт,Мяч,11,707.23,0.35,7779.530000000001,2722.8355,5056.6945000000005,2025-04
2025-04-01,Сидоров К.Д.,Нижний Новгород,Дом и сад,Набор посуды,5,7304.67,0.24,36523.35,8765.604,27757.746,2025-04
2025-04-01,Петрова М.В.,Екатеринбург,Продукты,Гречка,17,87.75,0.49,1491.75,730.9575,760.7925,2025-04
2025-04-01,Иванов А.С.,Москва,Книги,Художественная литература,10,764.7,0.45,7647.0,3441.15,4205.85,2025-04
2025-04-03,Кузнецов П.Р.,Москва,Одежда,Кроссовки,16,6081.81,0.38,97308.96,36977.404800000004,60331.5552,2025-04
2025-04-03,Петрова М.В.,Москва,Электроника,Умные часы,12,22784.89,0.22,273418.68,60152.109599999996,213266.5704,2025-04
2025-04-03,Кузнецов П.Р.,Санкт-Петербург,Одежда,Джинсы,19,4961.75,0.41,94273.25,38652.0325,55621.2175,2025-04
2025-04-03,Кузнецов П.Р.,Самара,Автотовары,Органайзер,20,1936.25,0.29,38725.0,11230.25,27494.75,2025-04
2025-04-04,Смирнова Е.А.,Нижний Новгород,Автотовары,Ароматизатор,17,384.27,0.25,6532.59,1633.1475,4899.4425,2025-04
2025-04-04,Иванов А.С.,Москва,Электроника,Смартфон,2,49923.15,0.14,99846.3,13978.482000000002,85867.818,2025-04
2025-04-04,Сидоров К.Д.,Казань,Косметика,Маска для волос,8,941.03,0.31,7528.24,2333.7544,5194.4856,2025-04
2025-04-04,Петрова М.В.,Нижний Новгород,Книги,Художественная литература,18,743.44,0.42,13381.920000000002,5620.406400000001,7761.513600000001,2025-04
2025-04-04,Кузнецов П.Р.,Санкт-Петербург,Продукты,Шоколад,10,144.43,0.5,1444.3000000000002,722.1500000000001,722.1500000000001,2025-04
2025-04-04,Кузнецов П.Р.,Нижний Новгород,Спорт,Фитнес-браслет,9,3757.55,0.31,33817.950000000004,10483.5645,23334.385500000004,2025-04
2025-04-05,Кузнецов П.Р.,Самара,Косметика,Маска для волос,3,910.64,0.3,2731.92,819.576,1912.344,2025-04
2025-04-05,Кузнецов П.Р.,Самара,Косметика,Крем для лица,11,1289.78,0.35,14187.58,4965.652999999999,9221.927,2025-04
2025-04-05,Кузнецов П.Р.,Омск,Спорт,Фитнес-браслет,14,4038.38,0.32,56537.32,18091.9424,38445.3776,2025-04
2025-04-07,Иванов А.С.,Москва,Продукты,Оливковое масло,15,1995.2,0.49,29928.0,14664.72,15263.28,2025-04
2025-04-07,Сидоров К.Д.,Санкт-Петербург,Продукты,Сыр,15,1612.23,0.5,24183.45,12091.725,12091.725,2025-04
2025-04-08,Петрова М.В.,Екатеринбург,Дом и сад,Увлажнитель воздуха,18,5384.9,0.31,96928.2,30047.742,66880.458,2025-04
2025-04-09,Петрова М.В.,Самара,Электроника,Беспроводные наушники,10,8969.99,0.19,89699.9,17042.981,72656.919,2025-04
2025-04-09,Иванов А.С.,Нижний Новгород,Продукты,Шоколад,17,146.94,0.5,2497.98,1248.99,1248.99,2025-04
2025-04-09,Сидоров К.Д.,Самара,Косметика,Шампунь,8,533.61,0.28,4268.88,1195.2864000000002,3073.5936,2025-04
2025-04-10,Петрова М.В.,Омск,Продукты,Сыр,20,1570.42,0.5,31408.4,15704.2,15704.2,2025-04
2025-04-11,Сидоров К.Д.,Москва,Косметика,Гель для душа,9,373.17,0.31,3358.53,1041.1443000000002,2317.3857,2025-04
2025-04-11,Иванов А.С.,Казань,Автотовары,Держатель для телефона,5,653.14,0.19,3265.7,620.483,2645.2169999999996,2025-04
2025-04-11,Смирнова Е.А.,Омск,Продукты,Оливковое масло,5,1850.36,0.44,9251.8,4070.792,5181.008,2025-04
2025-04-11,Смирнова Е.А.,Новосибирск,Электроника,Смартфон,10,44430.48,0.21,444304.80000000005,93304.008,351000.792,2025-04
2025-04-12,Сидоров К.Д.,Санкт-Петербург,Книги,Детектив,16,644.47,0.42,10311.52,4330.8384,5980.681600000001,2025-04
2025-04-12,Иванов А.С.,Омск,Косметика,Крем для лица,18,1478.54,0.37,26613.72,9847.0764,16766.643600000003,2025-04
2025-04-13,Кузнецов П.Р.,Новосибирск,Продукты,Оливковое масло,9,1947.61,0.45,17528.489999999998,7887.820499999999,9640.6695,2025-04
2025-04-14,Сидоров К.Д.,Нижний Новгород,Спорт,Бутылка для воды,18,857.15,0.34,15428.699999999999,5245.758,10182.942,2025-04
2025-04-14,Кузнецов П.Р.,Нижний Новгород,Электроника,Умные часы,19,18857.12,0.21,358285.27999999997,75239.90879999999,283045.3712,2025-04
2025-04-15,Петрова М.В.,Самара,Электроника,Смартфон,16,47253.09,0.2,756049.44,151209.888,604839.5519999999,2025-04
2025-04-15,Сидоров К.Д.,Омск,Электроника,Умные часы,15,19973.37,0.18,299600.55,53928.098999999995,245672.451,2025-04
2025-04-15,Сидоров К.Д.,Санкт-Петербург,Дом и сад,Робот-пылесос,7,21352.03,0.26,149464.21,38860.6946,110603.51539999999,2025-04
2025-04-15,Петрова М.В.,Самара,Книги,Фантастика,16,798.52,0.46,12776.32,5877.1072,6899.212799999999,2025-04
2025-04-15,Смирнова Е.А.,Самара,Одежда,Футболка,15,1636.61,0.39,24549.149999999998,9574.1685,14974.981499999998,2025-04
2025-04-17,Сидоров К.Д.,Нижний Новгород,Автотовары,Щетка для снега,18,1333.35,0.27,24000.3,6480.081,17520.218999999997,2025-04
2025-04-17,Кузнецов П.Р.,Челябинск,Дом и сад,Чайник,17,2975.4,0.31,50581.8,15680.358,34901.442,2025-04
2025-04-18,Смирнова Е.А.,Казань,Спорт,Гантели,18,3204.36,0.34,57678.48,19610.683200000003,38067.7968,2025-04
2025-04-18,Петрова М.В.,Самара,Спорт,Коврик для йоги,12,2817.7,0.32,33812.399999999994,10819.967999999999,22992.431999999993,2025-04
2025-04-18,Иванов А.С.,Челябинск,Автотовары,Видеорегистратор,20,6911.02,0.25,138220.40000000002,34555.100000000006,103665.30000000002,2025-04
2025-04-19,Петрова М.В.,Нижний Новгород,Книги,Художественная литература,15,739.94,0.43,11099.1,4772.613,6326.487,2025-04
2025-04-19,Иванов А.С.,Омск,Электроника,Беспроводные наушники,4,8231.38,0.14,32925.52,4609.5728,28315.947199999995,2025-04
2025-04-20,Петрова М.В.,Челябинск,Книги,Комикс,8,573.92,0.4,4591.36,1836.5439999999999,2754.816,2025-04
2025-04-20,Сидоров К.Д.,Омск,Книги,Художественная литература,15,633.21,0.45,9498.150000000001,4274.1675000000005,5223.982500000001,2025-04
2025-04-20,Смирнова Е.А.,Новосибирск,Продукты,Гречка,5,78.53,0.45,392.65,176.6925,215.95749999999998,2025-04
2025-04-20,Иванов А.С.,Казань,Автотовары,Ароматизатор,7,413.38,0.18,2893.66,520.8588,2372.8012,2025-04
2025-04-20,Смирнова Е.А.,Ростов-на-Дону,Книги,Фантастика,7,656.31,0.38,4594.17,1745.7846,2848.3854,2025-04
2025-04-20,Смирнова Е.А.,Самара,Продукты,Сыр,14,1487.16,0.5,20820.24,10410.12,10410.12,2025-04
2025-04-20,Кузнецов П.Р.,Челябинск,Книги,Детектив,20,696.86,0.45,13937.2,6271.740000000001,7665.46,2025-04
2025-04-21,Кузнецов П.Р.,Самара,Одежда,Джинсы,17,3962.1,0.4,67355.7,26942.28,40413.42,2025-04
2025-04-21,Иванов А.С.,Челябинск,Автотовары,Держатель для телефона,20,751.29,0.25,15025.8,3756.45,11269.349999999999,2025-04
2025-04-21,Кузнецов П.Р.,Омск,Электроника,Умные часы,6,20056.55,0.16,120339.29999999999,19254.287999999997,101085.01199999999,2025-04
2025-04-22,Кузнецов П.Р.,Нижний Новгород,Спорт,Гантели,12,3140.52,0.33,37686.24,12436.4592,25249.7808,2025-04
2025-04-22,Сидоров К.Д.,Нижний Новгород,Книги,Бизнес,8,1018.65,0.38,8149.2,3096.696,5052.504,2025-04
2025-04-22,Смирнова Е.А.,Нижний Новгород,Продукты,Оливковое масло,14,1577.16,0.48,22080.24,10598.5152,11481.724800000002,2025-04
2025-04-24,Петрова М.В.,Москва,Косметика,Парфюм,6,5108.81,0.29,30652.86,8889.329399999999,21763.530600000002,2025-04
2025-04-24,Петрова М.В.,Челябинск,Дом и сад,Чайник,5,2743.95,0.26,13719.75,3567.135,10152.615,2025-04
2025-04-25,Смирнова Е.А.,Санкт-Петербург,Спорт,Мяч,11,741.7,0.34,8158.700000000001,2773.9580000000005,5384.742,2025-04
2025-04-25,Иванов А.С.,Новосибирск,Продукты,Оливковое масло,11,2002.8,0.49,22030.8,10795.091999999999,11235.708,2025-04
2025-04-26,Кузнецов П.Р.,Москва,Книги,Комикс,8,483.8,0.41,3870.4,1586.864,2283.536,2025-04
2025-04-26,Иванов А.С.,Москва,Электроника,Беспроводные наушники,10,7970.01,0.21,79700.1,16737.021,62963.079000000005,2025-04
2025-04-26,Иванов А.С.,Санкт-Петербург,Электроника,Беспроводные наушники,19,9137.46,0.21,173611.74,36458.465399999994,137153.2746,2025-04
2025-04-27,Смирнова Е.А.,Новосибирск,Спорт,Фитнес-браслет,11,3518.74,0.34,38706.14,13160.0876,25546.0524,2025-04
2025-04-27,Иванов А.С.,Казань,Автотовары,Держатель для телефона,12,731.94,0.24,8783.28,2107.9872,6675.292800000001,2025-04
2025-04-27,Петрова М.В.,Самара,Продукты,Шоколад,13,146.18,0.5,1900.3400000000001,950.1700000000001,950.1700000000001,2025-04
2025-04-27,Иванов А.С.,Москва,Спорт,Фитнес-браслет,14,3487.55,0.35,48825.700000000004,17088.995,31736.705000000005,2025-04
2025-04-27,Кузнецов П.Р.,Санкт-Петербург,Косметика,Крем для лица,15,1381.67,0.33,20725.050000000003,6839.2665000000015,13885.783500000001,2025-04
2025-04-28,Кузнецов П.Р.,Омск,Косметика,Парфюм,11,4080.47,0.35,44885.17,15709.809499999998,29175.360500000003,2025-04
2025-04-28,Смирнова Е.А.,Москва,Спорт,Мяч,11,770.23,0.34,8472.53,2880.6602000000003,5591.8698,2025-04
2025-04-29,Иванов А.С.,Санкт-Петербург,Одежда,Куртка,1,8043.9,0.35,8043.9,2815.365,5228.535,2025-04
2025-04-29,Иванов А.С.,Нижний Новгород,Одежда,Куртка,6,10258.95,0.37,61553.700000000004,22774.869000000002,38778.831000000006,2025-04
2025-04-29,Иванов А.С.,Омск,Книги,Комикс,20,469.51,0.49,9390.2,4601.198,4789.002,2025-04
2025-04-29,Сидоров К.Д.,Самара,Косметика,Маска для волос,19,934.41,0.34,17753.79,6036.288600000001,11717.501400000001,2025-04
2025-04-29,Петрова М.В.,Новосибирск,Автотовары,Держатель для телефона,1,626.91,0.19,626.91,119.1129,507.7971,2025-04
2025-04-29,Петрова М.В.,Екатеринбург,Одежда,Куртка,4,8703.1,0.35,34812.4,12184.34,22628.06,2025-04
2025-04-30,Иванов А.С.,Санкт-Петербург,Дом и сад,Увлажнитель воздуха,4,5258.85,0.22,21035.4,4627.7880000000005,16407.612,2025-04
2025-05-02,Смирнова Е.А.,Екатеринбург,Дом и сад,Увлажнитель воздуха,17,4752.0,0.31,80784.0,25043.04,55740.96,2025-05
2025-05-02,Кузнецов П.Р.,Нижний Новгород,Одежда,Платье,2,4919.76,0.34,9839.52,3345.4368000000004,6494.0832,2025-05
2025-05-02,Смирнова Е.А.,Екатеринбург,Автотовары,Держатель для телефона,3,687.2,0.2,2061.6000000000004,412.3200000000001,1649.2800000000002,2025-05
2025-05-02,Петрова М.В.,Челябинск,Косметика,Маска для волос,3,799.14,0.28,2397.42,671.2776000000001,1726.1424,2025-05
2025-05-03,Иванов А.С.,Челябинск,Спорт,Коврик для йоги,19,2194.43,0.35,41694.17,14592.959499999999,27101.2105,2025-05
2025-05-03,Смирнова Е.А.,Ростов-на-Дону,Спорт,Фитнес-браслет,9,4194.2,0.31,37747.799999999996,11701.818,26045.981999999996,2025-05
2025-05-03,Смирнова Е.А.,Самара,Книги,Комикс,2,427.53,0.37,855.06,316.37219999999996,538.6877999999999,2025-05
2025-05-03,Смирнова Е.А.,Омск,Автотовары,Ароматизатор,18,429.31,0.25,7727.58,1931.895,5795.6849999999995,2025-05
2025-05-03,Кузнецов П.Р.,Москва,Автотовары,Видеорегистратор,20,7280.01,0.29,145600.2,42224.058,103376.14200000002,2025-05
2025-05-04,Смирнова Е.А.,Челябинск,Спорт,Гантели,7,3936.79,0.31,27557.53,8542.8343,19014.695699999997,2025-05
2025-05-04,Кузнецов П.Р.,Самара,Книги,Фантастика,5,707.94,0.38,3539.7000000000003,1345.086,2194.6140000000005,2025-05
2025-05-04,Иванов А.С.,Ростов-на-Дону,Продукты,Гречка,5,81.84,0.43,409.20000000000005,175.95600000000002,233.24400000000003,2025-05
2025-05-04,Кузнецов П.Р.,Нижний Новгород,Продукты,Шоколад,14,170.73,0.5,2390.22,1195.11,1195.11,2025-05
2025-05-05,Кузнецов П.Р.,Нижний Новгород,Дом и сад,Чайник,2,3055.15,0.25,6110.3,1527.575,4582.725,2025-05
2025-05-05,Смирнова Е.А.,Москва,Одежда,Джинсы,19,4135.62,0.41,78576.78,32216.479799999997,46360.3002,2025-05
2025-05-06,Смирнова Е.А.,Челябинск,Дом и сад,Робот-пылесос,18,22889.11,0.32,412003.98,131841.2736,280162.7064,2025-05
2025-05-06,Петрова М.В.,Нижний Новгород,Электроника,Ноутбук,5,90597.29,0.14,452986.44999999995,63418.103,389568.34699999995,2025-05
2025-05-06,Сидоров К.Д.,Санкт-Петербург,Автотовары,Ароматизатор,8,455.75,0.2,3646.0,729.2,2916.8,2025-05
2025-05-07,Иванов А.С.,Самара,Продукты,Кофе зерновой,4,1029.61,0.42,4118.44,1729.7447999999997,2388.6952,2025-05
2025-05-07,Петрова М.В.,Екатеринбург,Электроника,Беспроводные наушники,18,7159.56,0.22,128872.08,28351.8576,100520.2224,2025-05
2025-05-07,Кузнецов П.Р.,Омск,Косметика,Шампунь,2,591.11,0.29,1182.22,342.8438,839.3762,2025-05
2025-05-07,Кузнецов П.Р.,Челябинск,Одежда,Кроссовки,16,7445.14,0.37,119122.24,44075.228800000004,75047.01120000001,2025-05
2025-05-08,Смирнова Е.А.,Ростов-на-Дону,Автотовары,Ароматизатор,16,420.49,0.25,6727.84,1681.96,5045.88,2025-05
2025-05-08,Смирнова Е.А.,Казань,Косметика,Крем для лица,10,1369.52,0.35,13695.2,4793.32,8901.880000000001,2025-05
2025-05-08,Сидоров К.Д.,Новосибирск,Косметика,Шампунь,8,610.59,0.28,4884.72,1367.7216000000003,3516.9984,2025-05
2025-05-08,Смирнова Е.А.,Нижний Новгород,Спорт,Бутылка для воды,8,931.55,0.28,7452.4,2086.672,5365.727999999999,2025-05
2025-05-09,Петрова М.В.,Самара,Продукты,Сыр,17,1541.99,0.5,26213.83,13106.915,13106.915,2025-05
2025-05-09,Иванов А.С.,Санкт-Петербург,Продукты,Сыр,1,1397.83,0.44,1397.83,615.0452,782.7847999999999,2025-05
2025-05-11,Иванов А.С.,Челябинск,Электроника,Умные часы,18,22612.82,0.2,407030.76,81406.152,325624.608,2025-05
2025-05-11,Иванов А.С.,Нижний Новгород,Спорт,Бутылка для воды,11,836.63,0.33,9202.93,3036.9669000000004,6165.9631,2025-05
2025-05-11,Смирнова Е.А.,Москва,Спорт,Коврик для йоги,3,2829.31,0.28,8487.93,2376.6204000000002,6111.3096000000005,2025-05
2025-05-11,Сидоров К.Д.,Москва,Спорт,Коврик для йоги,6,2343.55,0.31,14061.300000000001,4359.003000000001,9702.297,2025-05
2025-05-11,Кузнецов П.Р.,Москва,Книги,Художественная литература,3,801.48,0.38,2404.44,913.6872000000001,1490.7528,2025-05
2025-05-12,Кузнецов П.Р.,Новосибирск,Косметика,Парфюм,15,4568.73,0.36,68530.95,24671.142,43859.808,2025-05
2025-05-13,Кузнецов П.Р.,Санкт-Петербург,Косметика,Парфюм,2,4519.95,0.3,9039.9,2711.97,6327.93,2025-05
2025-05-13,Сидоров К.Д.,Казань,Дом и сад,Робот-пылесос,17,22035.69,0.3,374606.73,112382.01899999999,262224.711,2025-05
2025-05-13,Иванов А.С.,Ростов-на-Дону,Спорт,Коврик для йоги,5,2846.56,0.3,14232.8,4269.839999999999,9962.96,2025-05
2025-05-14,Смирнова Е.А.,Новосибирск,Автотовары,Щетка для снега,13,1268.45,0.23,16489.850000000002,3792.6655000000005,12697.184500000001,2025-05
2025-05-14,Сидоров К.Д.,Нижний Новгород,Книги,Художественная литература,11,726.2,0.47,7988.200000000001,3754.454,4233.746000000001,2025-05
2025-05-14,Иванов А.С.,Екатеринбург,Косметика,Гель для душа,1,405.37,0.28,405.37,113.5036,291.8664,2025-05
2025-05-14,Иванов А.С.,Нижний Новгород,Автотовары,Щетка для снега,10,1145.53,0.23,11455.3,2634.719,8820.580999999998,2025-05
2025-05-15,Сидоров К.Д.,Ростов-на-Дону,Продукты,Оливковое масло,18,1925.16,0.5,34652.880000000005,17326.440000000002,17326.440000000002,2025-05
2025-05-15,Смирнова Е.А.,Москва,Автотовары,Держатель для телефона,2,605.63,0.21,1211.26,254.3646,956.8954,2025-05
2025-05-16,Кузнецов П.Р.,Нижний Новгород,Книги,Художественная литература,16,784.47,0.43,12551.52,5397.153600000001,7154.3664,2025-05
2025-05-16,Смирнова Е.А.,Екатеринбург,Книги,Детектив,19,651.28,0.44,12374.32,5444.7008,6929.6192,2025-05
2025-05-17,Сидоров К.Д.,Челябинск,Электроника,Умная колонка,8,13292.08,0.16,106336.64,17013.8624,89322.7776,2025-05
2025-05-17,Смирнова Е.А.,Екатеринбург,Косметика,Маска для волос,8,870.64,0.3,6965.12,2089.536,4875.584,2025-05
2025-05-17,Кузнецов П.Р.,Новосибирск,Спорт,Мяч,9,872.15,0.3,7849.349999999999,2354.805,5494.545,2025-05
2025-05-18,Смирнова Е.А.,Ростов-на-Дону,Книги,Бизнес,16,777.35,0.43,12437.6,5348.168,7089.432000000001,2025-05
2025-05-18,Сидоров К.Д.,Екатеринбург,Косметика,Гель для душа,18,376.88,0.35,6783.84,2374.344,4409.496,2025-05
2025-05-18,Кузнецов П.Р.,Ростов-на-Дону,Спорт,Коврик для йоги,18,2270.62,0.36,40871.159999999996,14713.617599999998,26157.5424,2025-05
2025-05-19,Иванов А.С.,Нижний Новгород,Спорт,Бутылка для воды,5,873.66,0.29,4368.3,1266.807,3101.4930000000004,2025-05
2025-05-19,Петрова М.В.,Казань,Спорт,Бутылка для воды,9,849.23,0.29,7643.07,2216.4903,5426.5797,2025-05
2025-05-20,Петрова М.В.,Самара,Книги,Фантастика,9,852.24,0.39,7670.16,2991.3624,4678.7976,2025-05
2025-05-21,Иванов А.С.,Екатеринбург,Косметика,Крем для лица,5,1609.7,0.31,8048.5,2495.035,5553.465,2025-05
2025-05-22,Иванов А.С.,Казань,Косметика,Гель для душа,2,448.36,0.29,896.72,260.04879999999997,636.6712,2025-05
2025-05-22,Петрова М.В.,Омск,Дом и сад,Чайник,1,3215.47,0.27,3215.47,868.1769,2347.2931,2025-05
2025-05-23,Сидоров К.Д.,Челябинск,Косметика,Парфюм,3,4315.22,0.31,12945.66,4013.1546,8932.5054,2025-05
2025-05-23,Сидоров К.Д.,Новосибирск,Электроника,Смартфон,8,44863.57,0.14,358908.56,50247.1984,308661.3616,2025-05
2025-05-23,Петрова М.В.,Москва,Косметика,Маска для волос,2,873.81,0.28,1747.62,489.3336,1258.2864,2025-05
2025-05-23,Смирнова Е.А.,Нижний Новгород,Электроника,Беспроводные наушники,8,8931.63,0.14,71453.04,10003.4256,61449.61439999999,2025-05
2025-05-24,Иванов А.С.,Санкт-Петербург,Книги,Детектив,11,564.42,0.46,6208.62,2855.9652,3352.6548,2025-05
2025-05-24,Смирнова Е.А.,Омск,Книги,Художественная литература,1,718.5,0.37,718.5,265.84499999999997,452.65500000000003,2025-05
2025-05-24,Иванов А.С.,Москва,Электроника,Умная колонка,20,13445.71,0.2,268914.19999999995,53782.84,215131.35999999996,2025-05
2025-05-25,Петрова М.В.,Екатеринбург,Электроника,Смартфон,5,51501.74,0.16,257508.69999999998,41201.392,216307.308,2025-05
2025-05-25,Петрова М.В.,Новосибирск,Книги,Фантастика,13,829.55,0.43,10784.15,4637.184499999999,6146.9655,2025-05
2025-05-25,Кузнецов П.Р.,Нижний Новгород,Одежда,Джинсы,13,4497.78,0.4,58471.14,23388.456000000002,35082.683999999994,2025-05
2025-05-25,Смирнова Е.А.,Новосибирск,Электроника,Ноутбук,12,97302.41,0.19,1167628.92,221849.4948,945779.4251999999,2025-05
2025-05-25,Сидоров К.Д.,Казань,Продукты,Кофе зерновой,17,1164.05,0.48,19788.85,9498.648,10290.202,2025-05
2025-05-26,Иванов А.С.,Челябинск,Продукты,Кофе зерновой,4,1200.05,0.44,4800.2,2112.0879999999997,2688.112,2025-05
2025-05-27,Иванов А.С.,Санкт-Петербург,Дом и сад,Садовый шланг,11,1729.3,0.3,19022.3,5706.69,13315.61,2025-05
2025-05-27,Петрова М.В.,Нижний Новгород,Спорт,Фитнес-браслет,1,4010.29,0.32,4010.29,1283.2928,2726.9972,2025-05
2025-05-27,Петрова М.В.,Нижний Новгород,Косметика,Шампунь,13,606.7,0.34,7887.1,2681.6140000000005,5205.486,2025-05
2025-05-28,Иванов А.С.,Екатеринбург,Спорт,Фитнес-браслет,13,3760.76,0.33,48889.880000000005,16133.660400000002,32756.219600000004,2025-05
2025-05-28,Смирнова Е.А.,Москва,Спорт,Фитнес-браслет,2,4031.8,0.32,8063.6,2580.3520000000003,5483.248,2025-05
2025-05-29,Кузнецов П.Р.,Нижний Новгород,Дом и сад,Садовый шланг,6,1717.58,0.22,10305.48,2267.2056,8038.2744,2025-05
2025-05-29,Смирнова Е.А.,Челябинск,Косметика,Крем для лица,9,1532.26,0.3,13790.34,4137.102,9653.238000000001,2025-05
2025-05-29,Сидоров К.Д.,Казань,Продукты,Гречка,5,76.86,0.47,384.3,180.62099999999998,203.67900000000003,2025-05
2025-05-29,Сидоров К.Д.,Самара,Спорт,Мяч,20,766.81,0.36,15336.199999999999,5521.031999999999,9815.168,2025-05
2025-05-30,Петрова М.В.,Новосибирск,Книги,Художественная литература,17,626.86,0.44,10656.62,4688.9128,5967.707200000001,2025-05
2025-05-30,Петрова М.В.,Самара,Спорт,Мяч,4,789.56,0.31,3158.24,979.0543999999999,2179.1856,2025-05
2025-05-30,Сидоров К.Д.,Самара,Одежда,Куртка,12,8749.13,0.38,104989.56,39896.0328,65093.5272,2025-05
2025-05-30,Петрова М.В.,Новосибирск,Дом и сад,Набор посуды,4,6963.92,0.26,27855.68,7242.4768,20613.2032,2025-05
2025-05-30,Сидоров К.Д.,Санкт-Петербург,Книги,Детектив,5,739.46,0.39,3697.3,1441.9470000000001,2255.353,2025-05
2025-05-30,Кузнецов П.Р.,Новосибирск,Продукты,Оливковое масло,4,1891.97,0.46,7567.88,3481.2248000000004,4086.6551999999997,2025-05
2025-05-30,Сидоров К.Д.,Новосибирск,Одежда,Платье,15,4993.03,0.37,74895.45,27711.316499999997,47184.133499999996,2025-05
2025-05-31,Иванов А.С.,Казань,Электроника,Беспроводные наушники,5,7282.84,0.15,36414.2,5462.129999999999,30952.07,2025-05
2025-05-31,Сидоров К.Д.,Челябинск,Косметика,Крем для лица,16,1603.75,0.36,25660.0,9237.6,16422.4,2025-05
2025-05-31,Иванов А.С.,Нижний Новгород,Дом и сад,Садовый шланг,7,1839.19,0.24,12874.33,3089.8392,9784.4908,2025-05
2025-05-31,Смирнова Е.А.,Санкт-Петербург,Продукты,Шоколад,13,127.79,0.47,1661.27,780.7968999999999,880.4731,2025-05
2025-06-01,Иванов А.С.,Москва,Косметика,Крем для лица,2,1343.02,0.31,2686.04,832.6724,1853.3676,2025-06
2025-06-01,Иванов А.С.,Нижний Новгород,Спорт,Гантели,4,3190.16,0.31,12760.64,3955.7983999999997,8804.8416,2025-06
2025-06-02,Петрова М.В.,Новосибирск,Книги,Бизнес,3,962.31,0.41,2886.93,1183.6412999999998,1703.2887,2025-06
2025-06-02,Кузнецов П.Р.,Новосибирск,Одежда,Кроссовки,1,6977.68,0.36,6977.68,2511.9648,4465.715200000001,2025-06
2025-06-03,Смирнова Е.А.,Ростов-на-Дону,Автотовары,Ароматизатор,7,398.59,0.21,2790.1299999999997,585.9273,2204.2027,2025-06
2025-06-03,Иванов А.С.,Санкт-Петербург,Косметика,Шампунь,18,542.26,0.32,9760.68,3123.4176,6637.2624,2025-06
2025-06-03,Смирнова Е.А.,Ростов-на-Дону,Электроника,Смартфон,17,48761.8,0.22,828950.6000000001,182369.132,646581.4680000001,2025-06
2025-06-03,Смирнова Е.А.,Новосибирск,Книги,Фантастика,11,679.44,0.44,7473.84,3288.4896,4185.3504,2025-06
2025-06-03,Сидоров К.Д.,Нижний Новгород,Одежда,Платье,10,5051.73,0.38,50517.299999999996,19196.573999999997,31320.726,2025-06
2025-06-03,Петрова М.В.,Екатеринбург,Электроника,Умная колонка,13,13795.13,0.19,179336.69,34073.9711,145262.7189,2025-06
2025-06-04,Иванов А.С.,Омск,Дом и сад,Набор посуды,17,6439.61,0.32,109473.37,35031.4784,74441.8916,2025-06
2025-06-04,Иванов А.С.,Казань,Дом и сад,Чайник,17,2976.32,0.27,50597.44,13661.3088,36936.1312,2025-06
2025-06-04,Кузнецов П.Р.,Екатеринбург,Дом и сад,Чайник,15,2844.08,0.28,42661.2,11945.136,30716.064,2025-06
2025-06-04,Сидоров К.Д.,Нижний Новгород,Книги,Фантастика,15,733.88,0.47,11008.2,5173.854,5834.3460000000005,2025-06
2025-06-04,Кузнецов П.Р.,Омск,Дом и сад,Увлажнитель воздуха,4,4562.74,0.22,18250.96,4015.2111999999997,14235.7488,2025-06
2025-06-05,Иванов А.С.,Ростов-на-Дону,Книги,Комикс,5,526.87,0.41,2634.35,1080.0835,1554.2665,2025-06
2025-06-05,Петрова М.В.,Нижний Новгород,Книги,Фантастика,7,647.6,0.4,4533.2,1813.28,2719.92,2025-06
2025-06-06,Иванов А.С.,Екатеринбург,Спорт,Коврик для йоги,13,2303.14,0.32,29940.82,9581.0624,20359.757599999997,2025-06
2025-06-06,Кузнецов П.Р.,Челябинск,Продукты,Гречка,2,86.88,0.45,173.76,78.192,95.568,2025-06
2025-06-07,Сидоров К.Д.,Самара,Дом и сад,Садовый шланг,15,2009.67,0.29,30145.050000000003,8742.0645,21402.985500000003,2025-06
2025-06-07,Петрова М.В.,Казань,Дом и сад,Увлажнитель воздуха,17,4657.3,0.28,79174.1,22168.748000000003,57005.352,2025-06
2025-06-07,Иванов А.С.,Казань,Спорт,Фитнес-браслет,6,4099.12,0.3,24594.72,7378.416,17216.304,2025-06
2025-06-08,Петрова М.В.,Самара,Продукты,Оливковое масло,8,1977.81,0.44,15822.48,6961.8912,8860.5888,2025-06
2025-06-08,Кузнецов П.Р.,Самара,Косметика,Гель для душа,11,439.53,0.36,4834.83,1740.5387999999998,3094.2912,2025-06
2025-06-09,Сидоров К.Д.,Екатеринбург,Косметика,Гель для душа,1,399.16,0.3,399.16,119.748,279.41200000000003,2025-06
2025-06-09,Иванов А.С.,Санкт-Петербург,Одежда,Кроссовки,7,6630.55,0.34,46413.85,15780.709,30633.140999999996,2025-06
2025-06-09,Кузнецов П.Р.,Екатеринбург,Одежда,Джинсы,7,4562.48,0.37,31937.359999999997,11816.823199999999,20120.536799999998,2025-06
2025-06-09,Сидоров К.Д.,Нижний Новгород,Дом и сад,Чайник,1,3087.44,0.23,3087.44,710.1112,2377.3288000000002,2025-06
2025-06-09,Смирнова Е.А.,Казань,Книги,Детектив,19,715.54,0.46,13595.259999999998,6253.8196,7341.440399999999,2025-06
2025-06-10,Кузнецов П.Р.,Казань,Дом и сад,Увлажнитель воздуха,6,4268.62,0.23,25611.72,5890.695600000001,19721.024400000002,2025-06
2025-06-10,Петрова М.В.,Самара,Книги,Бизнес,4,818.8,0.38,3275.2,1244.576,2030.6239999999998,2025-06
2025-06-12,Петрова М.В.,Самара,Продукты,Кофе зерновой,19,1326.51,0.48,25203.69,12097.7712,13105.9188,2025-06
2025-06-13,Сидоров К.Д.,Челябинск,Автотовары,Щетка для снега,1,1180.32,0.21,1180.32,247.86719999999997,932.4528,2025-06
2025-06-14,Кузнецов П.Р.,Казань,Продукты,Гречка,20,100.73,0.5,2014.6000000000001,1007.3000000000001,1007.3000000000001,2025-06
2025-06-15,Кузнецов П.Р.,Самара,Спорт,Бутылка для воды,15,851.97,0.35,12779.550000000001,4472.8425,8306.7075,2025-06
2025-06-15,Кузнецов П.Р.,Санкт-Петербург,Электроника,Ноутбук,4,85952.59,0.17,343810.36,58447.7612,285362.5988,2025-06
2025-06-15,Сидоров К.Д.,Новосибирск,Спорт,Бутылка для воды,5,995.18,0.32,4975.9,1592.288,3383.6119999999996,2025-06
2025-06-16,Петрова М.В.,Москва,Автотовары,Щетка для снега,9,1170.0,0.19,10530.0,2000.7,8529.3,2025-06
2025-06-16,Иванов А.С.,Нижний Новгород,Автотовары,Видеорегистратор,14,6442.51,0.27,90195.14,24352.6878,65842.4522,2025-06
2025-06-16,Кузнецов П.Р.,Омск,Продукты,Шоколад,7,152.88,0.45,1070.1599999999999,481.57199999999995,588.588,2025-06
2025-06-17,Смирнова Е.А.,Ростов-на-Дону,Дом и сад,Увлажнитель воздуха,14,4769.6,0.3,66774.40000000001,20032.320000000003,46742.08,2025-06
2025-06-17,Иванов А.С.,Нижний Новгород,Дом и сад,Садовый шланг,17,1795.5,0.27,30523.5,8241.345000000001,22282.155,2025-06
2025-06-18,Смирнова Е.А.,Самара,Косметика,Маска для волос,11,791.35,0.32,8704.85,2785.552,5919.298000000001,2025-06
2025-06-19,Иванов А.С.,Омск,Дом и сад,Набор посуды,4,7767.37,0.27,31069.48,8388.759600000001,22680.7204,2025-06
2025-06-19,Иванов А.С.,Омск,Спорт,Бутылка для воды,6,970.69,0.32,5824.14,1863.7248000000002,3960.4152000000004,2025-06
2025-06-20,Петрова М.В.,Омск,Книги,Художественная литература,1,665.23,0.42,665.23,279.3966,385.83340000000004,2025-06
2025-06-20,Смирнова Е.А.,Омск,Спорт,Коврик для йоги,10,2338.42,0.37,23384.2,8652.154,14732.046,2025-06
2025-06-20,Петрова М.В.,Челябинск,Продукты,Гречка,12,97.88,0.48,1174.56,563.7887999999999,610.7712,2025-06
2025-06-21,Сидоров К.Д.,Омск,Спорт,Фитнес-браслет,8,3917.94,0.31,31343.52,9716.4912,21627.0288,2025-06
2025-06-23,Смирнова Е.А.,Санкт-Петербург,Продукты,Оливковое масло,12,2052.32,0.5,24627.840000000004,12313.920000000002,12313.920000000002,2025-06
2025-06-23,Петрова М.В.,Екатеринбург,Продукты,Оливковое масло,13,1943.68,0.49,25267.84,12381.2416,12886.5984,2025-06
2025-06-23,Смирнова Е.А.,Казань,Дом и сад,Садовый шланг,15,1906.99,0.3,28604.85,8581.455,20023.394999999997,2025-06
2025-06-23,Петрова М.В.,Казань,Одежда,Футболка,13,1499.3,0.37,19490.899999999998,7211.632999999999,12279.267,2025-06
2025-06-23,Сидоров К.Д.,Москва,Спорт,Фитнес-браслет,15,4403.57,0.35,66053.54999999999,23118.742499999993,42934.807499999995,2025-06
2025-06-23,Иванов А.С.,Самара,Книги,Комикс,16,438.71,0.43,7019.36,3018.3248,4001.0352,2025-06
2025-06-24,Иванов А.С.,Санкт-Петербург,Косметика,Гель для душа,19,438.04,0.36,8322.76,2996.1936,5326.5664,2025-06
2025-06-24,Петрова М.В.,Казань,Автотовары,Ароматизатор,8,343.76,0.19,2750.08,522.5151999999999,2227.5648,2025-06
2025-06-24,Сидоров К.Д.,Екатеринбург,Одежда,Платье,1,6147.5,0.33,6147.5,2028.6750000000002,4118.825,2025-06
2025-06-25,Иванов А.С.,Самара,Продукты,Гречка,16,98.52,0.5,1576.32,788.16,788.16,2025-06
2025-06-25,Петрова М.В.,Новосибирск,Спорт,Гантели,15,4024.11,0.35,60361.65,21126.5775,39235.0725,2025-06
2025-06-25,Иванов А.С.,Нижний Новгород,Одежда,Футболка,19,1299.02,0.37,24681.38,9132.1106,15549.269400000001,2025-06
2025-06-25,Смирнова Е.А.,Екатеринбург,Книги,Художественная литература,18,719.11,0.44,12943.98,5695.3512,7248.6287999999995,2025-06
2025-06-26,Сидоров К.Д.,Москва,Продукты,Кофе зерновой,3,1024.32,0.43,3072.96,1321.3728,1751.5872,2025-06
2025-06-26,Сидоров К.Д.,Омск,Косметика,Шампунь,10,592.54,0.36,5925.4,2133.144,3792.256,2025-06
2025-06-27,Смирнова Е.А.,Москва,Автотовары,Держатель для телефона,5,687.23,0.19,3436.15,652.8685,2783.2815,2025-06
2025-06-27,Иванов А.С.,Омск,Дом и сад,Робот-пылесос,10,24056.6,0.28,240566.0,67358.48000000001,173207.52,2025-06
2025-06-29,Кузнецов П.Р.,Москва,Продукты,Кофе зерновой,14,1112.35,0.48,15572.899999999998,7474.991999999998,8097.907999999999,2025-06
2025-06-29,Смирнова Е.А.,Нижний Новгород,Электроника,Ноутбук,19,96152.16,0.21,1826891.04,383647.1184,1443243.9216,2025-06
2025-06-29,Смирнова Е.А.,Омск,Книги,Фантастика,18,681.55,0.47,12267.9,5765.913,6501.987,2025-06
2025-06-29,Кузнецов П.Р.,Санкт-Петербург,Спорт,Бутылка для воды,2,916.34,0.27,1832.68,494.82360000000006,1337.8564000000001,2025-06
2025-06-29,Смирнова Е.А.,Новосибирск,Косметика,Гель для душа,3,458.91,0.31,1376.73,426.7863,949.9437,2025-06
2025-06-29,Кузнецов П.Р.,Санкт-Петербург,Косметика,Гель для душа,1,418.71,0.3,418.71,125.61299999999999,293.097,2025-06
2025-06-30,Иванов А.С.,Москва,Электроника,Умные часы,20,20474.57,0.2,409491.4,81898.28000000001,327593.12,2025-06
2025-06-30,Петрова М.В.,Нижний Новгород,Спорт,Коврик для йоги,16,2513.31,0.35,40212.96,14074.535999999998,26138.424,2025-06
2025-06-30,Петрова М.В.,Нижний Новгород,Продукты,Кофе зерновой,2,1252.37,0.47,2504.74,1177.2278,1327.5122,2025-06
2025-07-01,Смирнова Е.А.,Москва,Электроника,Беспроводные наушники,2,7361.75,0.16,14723.5,2355.76,12367.74,2025-07
2025-07-01,Сидоров К.Д.,Екатеринбург,Продукты,Шоколад,14,168.64,0.49,2360.96,1156.8704,1204.0896,2025-07
2025-07-02,Сидоров К.Д.,Казань,Электроника,Беспроводные наушники,15,7166.93,0.2,107503.95000000001,21500.790000000005,86003.16,2025-07
2025-07-03,Сидоров К.Д.,Самара,Автотовары,Ароматизатор,8,415.55,0.19,3324.4,631.6360000000001,2692.764,2025-07
2025-07-03,Иванов А.С.,Казань,Спорт,Бутылка для воды,10,911.61,0.35,9116.1,3190.6349999999998,5925.465,2025-07
2025-07-03,Иванов А.С.,Санкт-Петербург,Косметика,Гель для душа,12,342.03,0.36,4104.36,1477.5695999999998,2626.7904,2025-07
2025-07-04,Сидоров К.Д.,Омск,Одежда,Платье,1,4789.81,0.37,4789.81,1772.2297,3017.5803000000005,2025-07
2025-07-04,Петрова М.В.,Омск,Одежда,Футболка,2,1696.86,0.33,3393.72,1119.9276,2273.7924,2025-07
2025-07-04,Петрова М.В.,Омск,Косметика,Шампунь,4,535.77,0.31,2143.08,664.3548,1478.7251999999999,2025-07
2025-07-05,Кузнецов П.Р.,Казань,Автотовары,Органайзер,20,1617.94,0.29,32358.800000000003,9384.052,22974.748000000003,2025-07
2025-07-06,Кузнецов П.Р.,Екатеринбург,Книги,Комикс,3,509.93,0.38,1529.79,581.3202,948.4698,2025-07
2025-07-06,Кузнецов П.Р.,Челябинск,Автотовары,Держатель для телефона,11,753.22,0.22,8285.42,1822.7924,6462.6276,2025-07
2025-07-06,Смирнова Е.А.,Челябинск,Автотовары,Ароматизатор,14,362.42,0.25,5073.88,1268.47,3805.41,2025-07
2025-07-07,Сидоров К.Д.,Екатеринбург,Автотовары,Ароматизатор,17,363.73,0.24,6183.41,1484.0184,4699.3916,2025-07
2025-07-07,Иванов А.С.,Челябинск,Косметика,Маска для волос,4,964.75,0.28,3859.0,1080.5200000000002,2778.4799999999996,2025-07
2025-07-07,Сидоров К.Д.,Санкт-Петербург,Книги,Детектив,10,573.72,0.45,5737.200000000001,2581.7400000000002,3155.4600000000005,2025-07
2025-07-07,Петрова М.В.,Новосибирск,Дом и сад,Чайник,16,3382.8,0.31,54124.8,16778.688000000002,37346.112,2025-07
2025-07-07,Смирнова Е.А.,Казань,Дом и сад,Чайник,13,2857.58,0.29,37148.54,10773.0766,26375.4634,2025-07
2025-07-08,Сидоров К.Д.,Омск,Книги,Бизнес,19,1018.2,0.44,19345.8,8512.152,10833.648,2025-07
2025-07-08,Сидоров К.Д.,Омск,Одежда,Платье,20,5768.12,0.4,115362.4,46144.96,69217.44,2025-07
2025-07-10,Иванов А.С.,Омск,Косметика,Маска для волос,5,979.8,0.3,4899.0,1469.7,3429.3,2025-07
2025-07-10,Сидоров К.Д.,Омск,Продукты,Сыр,8,1387.91,0.45,11103.28,4996.476000000001,6106.804,2025-07
2025-07-10,Иванов А.С.,Челябинск,Автотовары,Держатель для телефона,16,675.44,0.22,10807.04,2377.5488,8429.4912,2025-07
2025-07-10,Иванов А.С.,Москва,Одежда,Кроссовки,17,6581.97,0.42,111893.49,46995.2658,64898.224200000004,2025-07
2025-07-11,Кузнецов П.Р.,Санкт-Петербург,Косметика,Маска для волос,15,905.91,0.34,13588.65,4620.1410000000005,8968.508999999998,2025-07
2025-07-11,Смирнова Е.А.,Ростов-на-Дону,Электроника,Смартфон,10,51080.97,0.21,510809.7,107270.037,403539.663,2025-07
2025-07-11,Смирнова Е.А.,Москва,Электроника,Смартфон,7,42974.04,0.15,300818.28,45122.742000000006,255695.53800000003,2025-07
2025-07-12,Сидоров К.Д.,Самара,Косметика,Шампунь,15,629.08,0.35,9436.2,3302.67,6133.530000000001,2025-07
2025-07-12,Смирнова Е.А.,Ростов-на-Дону,Электроника,Ноутбук,17,93416.67,0.17,1588083.39,269974.1763,1318109.2137,2025-07
2025-07-12,Петрова М.В.,Санкт-Петербург,Книги,Бизнес,19,957.91,0.46,18200.29,8372.1334,9828.1566,2025-07
2025-07-12,Смирнова Е.А.,Новосибирск,Продукты,Гречка,19,82.94,0.48,1575.86,756.4128,819.4472,2025-07
2025-07-12,Кузнецов П.Р.,Новосибирск,Дом и сад,Робот-пылесос,19,28230.44,0.3,536378.36,160913.508,375464.85199999996,2025-07
2025-07-12,Смирнова Е.А.,Казань,Продукты,Гречка,9,89.01,0.47,801.09,376.5123,424.57770000000005,2025-07
2025-07-13,Смирнова Е.А.,Омск,Книги,Художественная литература,10,737.84,0.43,7378.400000000001,3172.712,4205.688,2025-07
2025-07-13,Смирнова Е.А.,Москва,Автотовары,Держатель для телефона,1,611.76,0.19,611.76,116.2344,495.5256,2025-07
2025-07-13,Сидоров К.Д.,Москва,Косметика,Маска для волос,4,879.77,0.27,3519.08,950.1516,2568.9284,2025-07
2025-07-14,Смирнова Е.А.,Санкт-Петербург,Косметика,Маска для волос,10,1013.54,0.36,10135.4,3648.7439999999997,6486.656,2025-07
2025-07-14,Кузнецов П.Р.,Новосибирск,Спорт,Фитнес-браслет,18,4491.37,0.36,80844.66,29104.0776,51740.5824,2025-07
2025-07-14,Сидоров К.Д.,Екатеринбург,Дом и сад,Садовый шланг,5,2035.64,0.26,10178.2,2646.3320000000003,7531.868,2025-07
2025-07-14,Кузнецов П.Р.,Казань,Одежда,Кроссовки,2,7063.51,0.33,14127.02,4661.9166000000005,9465.1034,2025-07
2025-07-16,Кузнецов П.Р.,Новосибирск,Дом и сад,Набор посуды,20,6766.47,0.33,135329.4,44658.702,90670.698,2025-07
2025-07-16,Сидоров К.Д.,Самара,Спорт,Коврик для йоги,3,2833.2,0.29,8499.599999999999,2464.8839999999996,6034.7159999999985,2025-07
2025-07-16,Иванов А.С.,Екатеринбург,Косметика,Шампунь,3,583.47,0.29,1750.41,507.6189,1242.7911000000001,2025-07
2025-07-16,Петрова М.В.,Санкт-Петербург,Спорт,Гантели,19,3470.53,0.33,65940.07,21760.223100000003,44179.846900000004,2025-07
2025-07-16,Иванов А.С.,Санкт-Петербург,Одежда,Платье,19,5163.59,0.39,98108.21,38262.20190000001,59846.0081,2025-07
2025-07-17,Иванов А.С.,Санкт-Петербург,Одежда,Футболка,2,1570.6,0.34,3141.2,1068.008,2073.192,2025-07
2025-07-17,Сидоров К.Д.,Самара,Косметика,Гель для душа,16,374.85,0.35,5997.6,2099.16,3898.4400000000005,2025-07
2025-07-17,Смирнова Е.А.,Казань,Электроника,Беспроводные наушники,13,8054.79,0.17,104712.27,17801.085900000002,86911.1841,2025-07
2025-07-17,Петрова М.В.,Санкт-Петербург,Спорт,Мяч,4,847.74,0.27,3390.96,915.5592,2475.4008,2025-07
2025-07-18,Смирнова Е.А.,Омск,Косметика,Шампунь,16,512.19,0.34,8195.04,2786.3136000000004,5408.7264000000005,2025-07
2025-07-18,Смирнова Е.А.,Самара,Продукты,Оливковое масло,4,1564.76,0.45,6259.04,2816.568,3442.4719999999998,2025-07
2025-07-19,Иванов А.С.,Санкт-Петербург,Автотовары,Щетка для снега,12,1208.63,0.27,14503.560000000001,3915.9612000000006,10587.5988,2025-07
2025-07-19,Петрова М.В.,Новосибирск,Косметика,Маска для волос,4,879.85,0.31,3519.4,1091.0140000000001,2428.386,2025-07
2025-07-19,Петрова М.В.,Новосибирск,Одежда,Кроссовки,20,6882.93,0.44,137658.6,60569.784,77088.816,2025-07
2025-07-20,Кузнецов П.Р.,Нижний Новгород,Автотовары,Органайзер,20,1745.68,0.29,34913.6,10124.944,24788.656,2025-07
2025-07-20,Петрова М.В.,Ростов-на-Дону,Спорт,Гантели,13,3730.46,0.34,48495.98,16488.633200000004,32007.3468,2025-07
2025-07-22,Смирнова Е.А.,Нижний Новгород,Косметика,Крем для лица,18,1577.38,0.33,28392.840000000004,9369.637200000001,19023.202800000003,2025-07
2025-07-23,Петрова М.В.,Казань,Книги,Детектив,4,625.66,0.4,2502.64,1001.056,1501.5839999999998,2025-07
2025-07-23,Смирнова Е.А.,Новосибирск,Книги,Детектив,6,746.63,0.42,4479.78,1881.5076,2598.2724,2025-07
2025-07-23,Иванов А.С.,Ростов-на-Дону,Спорт,Коврик для йоги,18,2642.01,0.34,47556.18000000001,16169.101200000005,31387.078800000003,2025-07
2025-07-23,Кузнецов П.Р.,Челябинск,Дом и сад,Садовый шланг,13,2118.58,0.29,27541.54,7987.0466,19554.4934,2025-07
2025-07-24,Сидоров К.Д.,Казань,Дом и сад,Увлажнитель воздуха,18,5614.31,0.3,101057.58,30317.273999999998,70740.30600000001,2025-07
2025-07-24,Сидоров К.Д.,Казань,Дом и сад,Садовый шланг,13,1960.45,0.32,25485.850000000002,8155.472000000001,17330.378,2025-07
2025-07-25,Смирнова Е.А.,Омск,Спорт,Коврик для йоги,17,2138.01,0.34,36346.170000000006,12357.697800000004,23988.472200000004,2025-07
2025-07-25,Кузнецов П.Р.,Ростов-на-Дону,Косметика,Гель для душа,10,348.8,0.33,3488.0,1151.04,2336.96,2025-07
2025-07-26,Кузнецов П.Р.,Ростов-на-Дону,Одежда,Куртка,11,8848.62,0.39,97334.82,37960.57980000001,59374.2402,2025-07
2025-07-26,Петрова М.В.,Ростов-на-Дону,Спорт,Мяч,9,794.3,0.27,7148.7,1930.1490000000001,5218.5509999999995,2025-07
2025-07-27,Кузнецов П.Р.,Москва,Электроника,Смартфон,3,44194.23,0.13,132582.69,17235.7497,115346.9403,2025-07
2025-07-27,Кузнецов П.Р.,Казань,Одежда,Куртка,7,8012.6,0.34,56088.200000000004,19069.988,37018.212,2025-07
2025-07-27,Петрова М.В.,Москва,Одежда,Кроссовки,19,5558.91,0.39,105619.29,41191.5231,64427.766899999995,2025-07
2025-07-28,Сидоров К.Д.,Челябинск,Одежда,Футболка,5,1359.2,0.37,6796.0,2514.52,4281.48,2025-07
2025-07-28,Петрова М.В.,Самара,Дом и сад,Садовый шланг,1,2008.52,0.23,2008.52,461.9596,1546.5603999999998,2025-07
2025-07-28,Кузнецов П.Р.,Омск,Спорт,Коврик для йоги,16,2526.11,0.33,40417.76,13337.860800000002,27079.8992,2025-07
2025-07-28,Сидоров К.Д.,Новосибирск,Книги,Художественная литература,11,718.47,0.44,7903.17,3477.3948,4425.7752,2025-07
2025-07-28,Иванов А.С.,Челябинск,Автотовары,Видеорегистратор,7,7144.84,0.18,50013.880000000005,9002.4984,41011.38160000001,2025-07
2025-07-29,Сидоров К.Д.,Санкт-Петербург,Автотовары,Органайзер,19,1927.41,0.25,36620.79,9155.1975,27465.5925,2025-07
2025-07-29,Иванов А.С.,Новосибирск,Косметика,Парфюм,20,4849.05,0.36,96981.0,34913.159999999996,62067.840000000004,2025-07
2025-07-30,Смирнова Е.А.,Казань,Косметика,Гель для душа,2,413.14,0.3,826.28,247.884,578.396,2025-07
2025-07-30,Петрова М.В.,Омск,Книги,Художественная литература,16,635.58,0.42,10169.28,4271.0976,5898.182400000001,2025-07
2025-07-31,Кузнецов П.Р.,Новосибирск,Дом и сад,Чайник,12,3092.46,0.3,37109.520000000004,11132.856000000002,25976.664000000004,2025-07
2025-07-31,Смирнова Е.А.,Санкт-Петербург,Автотовары,Ароматизатор,1,356.35,0.21,356.35,74.8335,281.5165,2025-07
2025-07-31,Сидоров К.Д.,Санкт-Петербург,Продукты,Сыр,12,1615.53,0.5,19386.36,9693.18,9693.18,2025-07
2025-07-31,Смирнова Е.А.,Омск,Дом и сад,Садовый шланг,4,1741.36,0.24,6965.44,1671.7055999999998,5293.734399999999,2025-07
2025-08-01,Петрова М.В.,Новосибирск,Продукты,Шоколад,6,138.53,0.46,831.1800000000001,382.34280000000007,448.8372,2025-08
2025-08-01,Петрова М.В.,Омск,Автотовары,Ароматизатор,2,413.73,0.18,827.46,148.9428,678.5172,2025-08
2025-08-01,Петрова М.В.,Нижний Новгород,Косметика,Крем для лица,4,1475.07,0.28,5900.28,1652.0784,4248.201599999999,2025-08
2025-08-01,Кузнецов П.Р.,Ростов-на-Дону,Электроника,Беспроводные наушники,19,7899.01,0.17,150081.19,25513.802300000003,124567.38769999999,2025-08
2025-08-02,Иванов А.С.,Челябинск,Спорт,Фитнес-браслет,5,4343.34,0.28,21716.7,6080.676,15636.024000000001,2025-08
2025-08-02,Сидоров К.Д.,Казань,Электроника,Умная колонка,11,12817.24,0.21,140989.63999999998,29607.824399999994,111381.81559999999,2025-08
2025-08-03,Смирнова Е.А.,Самара,Электроника,Смартфон,1,43618.7,0.15,43618.7,6542.804999999999,37075.895,2025-08
2025-08-03,Петрова М.В.,Новосибирск,Продукты,Гречка,8,80.37,0.45,642.96,289.33200000000005,353.628,2025-08
2025-08-03,Иванов А.С.,Ростов-на-Дону,Одежда,Джинсы,19,4556.93,0.4,86581.67000000001,34632.668000000005,51949.00200000001,2025-08
2025-08-03,Сидоров К.Д.,Санкт-Петербург,Косметика,Маска для волос,4,922.24,0.27,3688.96,996.0192000000001,2692.9408,2025-08
2025-08-04,Смирнова Е.А.,Ростов-на-Дону,Продукты,Шоколад,20,160.5,0.5,3210.0,1605.0,1605.0,2025-08
2025-08-04,Иванов А.С.,Екатеринбург,Электроника,Беспроводные наушники,16,9032.61,0.2,144521.76,28904.352000000003,115617.40800000001,2025-08
2025-08-05,Сидоров К.Д.,Ростов-на-Дону,Электроника,Ноутбук,16,95766.09,0.18,1532257.44,275806.3392,1256451.1008,2025-08
2025-08-06,Сидоров К.Д.,Челябинск,Продукты,Шоколад,6,160.32,0.44,961.92,423.2448,538.6751999999999,2025-08
2025-08-06,Кузнецов П.Р.,Челябинск,Спорт,Гантели,2,3002.36,0.3,6004.72,1801.416,4203.304,2025-08
2025-08-06,Сидоров К.Д.,Самара,Книги,Художественная литература,6,711.21,0.39,4267.26,1664.2314000000001,2603.0286,2025-08
2025-08-07,Петрова М.В.,Москва,Дом и сад,Садовый шланг,1,1879.99,0.27,1879.99,507.5973,1372.3926999999999,2025-08
2025-08-07,Кузнецов П.Р.,Омск,Дом и сад,Набор посуды,5,7863.39,0.24,39316.950000000004,9436.068000000001,29880.882000000005,2025-08
2025-08-08,Кузнецов П.Р.,Челябинск,Электроника,Беспроводные наушники,8,8186.38,0.13,65491.04,8513.8352,56977.2048,2025-08
2025-08-09,Смирнова Е.А.,Нижний Новгород,Одежда,Футболка,13,1408.27,0.37,18307.51,6773.778699999999,11533.7313,2025-08
2025-08-09,Кузнецов П.Р.,Самара,Дом и сад,Набор посуды,9,7425.67,0.23,66831.03,15371.1369,51459.8931,2025-08
2025-08-10,Петрова М.В.,Казань,Одежда,Кроссовки,16,6655.97,0.41,106495.52,43663.1632,62832.3568,2025-08
2025-08-10,Петрова М.В.,Челябинск,Книги,Комикс,12,484.05,0.44,5808.6,2555.784,3252.8160000000003,2025-08
2025-08-10,Сидоров К.Д.,Казань,Автотовары,Держатель для телефона,17,705.63,0.25,11995.71,2998.9275,8996.7825,2025-08
2025-08-10,Кузнецов П.Р.,Нижний Новгород,Продукты,Шоколад,20,166.14,0.5,3322.7999999999997,1661.3999999999999,1661.3999999999999,2025-08
2025-08-10,Кузнецов П.Р.,Казань,Одежда,Джинсы,13,4698.15,0.41,61075.95,25041.139499999997,36034.8105,2025-08
2025-08-10,Петрова М.В.,Челябинск,Дом и сад,Увлажнитель воздуха,14,5314.74,0.28,74406.36,20833.7808,53572.5792,2025-08
2025-08-10,Сидоров К.Д.,Челябинск,Книги,Бизнес,5,949.62,0.41,4748.1,1946.721,2801.3790000000004,2025-08
2025-08-11,Иванов А.С.,Ростов-на-Дону,Косметика,Парфюм,9,4818.19,0.28,43363.71,12141.838800000001,31221.871199999998,2025-08
2025-08-11,Смирнова Е.А.,Челябинск,Спорт,Коврик для йоги,7,2161.4,0.29,15129.800000000001,4387.642,10742.158000000001,2025-08
2025-08-11,Смирнова Е.А.,Екатеринбург,Дом и сад,Робот-пылесос,19,28136.44,0.32,534592.36,171069.5552,363522.8048,2025-08
2025-08-11,Кузнецов П.Р.,Санкт-Петербург,Косметика,Крем для лица,7,1706.64,0.31,11946.480000000001,3703.4088000000006,8243.0712,2025-08
2025-08-12,Сидоров К.Д.,Самара,Автотовары,Щетка для снега,13,1059.46,0.27,13772.98,3718.7046,10054.275399999999,2025-08
2025-08-12,Смирнова Е.А.,Казань,Одежда,Платье,12,5855.55,0.39,70266.6,27403.974000000002,42862.626000000004,2025-08
2025-08-13,Иванов А.С.,Казань,Спорт,Бутылка для воды,15,868.1,0.36,13021.5,4687.74,8333.76,2025-08
2025-08-14,Сидоров К.Д.,Москва,Спорт,Гантели,6,3730.82,0.3,22384.920000000002,6715.476000000001,15669.444000000001,2025-08
2025-08-14,Смирнова Е.А.,Санкт-Петербург,Дом и сад,Увлажнитель воздуха,13,5504.67,0.28,71560.71,20036.998800000005,51523.711200000005,2025-08
2025-08-15,Сидоров К.Д.,Москва,Одежда,Джинсы,9,4951.22,0.36,44560.98,16041.952800000001,28519.027200000004,2025-08
2025-08-15,Петрова М.В.,Ростов-на-Дону,Одежда,Футболка,9,1312.42,0.37,11811.78,4370.3586000000005,7441.4214,2025-08
2025-08-15,Петрова М.В.,Ростов-на-Дону,Одежда,Платье,2,5310.01,0.35,10620.02,3717.007,6903.013000000001,2025-08
2025-08-15,Смирнова Е.А.,Ростов-на-Дону,Дом и сад,Набор посуды,15,7974.71,0.3,119620.65,35886.195,83734.45499999999,2025-08
2025-08-15,Иванов А.С.,Москва,Одежда,Футболка,20,1523.3,0.45,30466.0,13709.7,16756.3,2025-08
2025-08-16,Петрова М.В.,Москва,Продукты,Кофе зерновой,11,1253.13,0.48,13784.43,6616.5264,7167.903600000001,2025-08
2025-08-16,Сидоров К.Д.,Казань,Автотовары,Видеорегистратор,7,6040.77,0.2,42285.39,8457.078,33828.312,2025-08
2025-08-16,Сидоров К.Д.,Казань,Косметика,Гель для душа,14,349.22,0.33,4889.08,1613.3964,3275.6836,2025-08
2025-08-16,Петрова М.В.,Екатеринбург,Продукты,Оливковое масло,14,1674.07,0.48,23436.98,11249.750399999999,12187.2296,2025-08
2025-08-16,Петрова М.В.,Санкт-Петербург,Одежда,Платье,15,6319.6,0.37,94794.0,35073.78,59720.22,2025-08
2025-08-17,Смирнова Е.А.,Самара,Одежда,Платье,7,4952.37,0.37,34666.59,12826.638299999999,21839.951699999998,2025-08
2025-08-18,Петрова М.В.,Нижний Новгород,Книги,Комикс,3,476.75,0.38,1430.25,543.495,886.755,2025-08
2025-08-18,Петрова М.В.,Самара,Продукты,Кофе зерновой,9,1040.5,0.45,9364.5,4214.025000000001,5150.474999999999,2025-08
2025-08-18,Иванов А.С.,Новосибирск,Автотовары,Держатель для телефона,17,685.26,0.26,11649.42,3028.8492,8620.5708,2025-08
2025-08-20,Кузнецов П.Р.,Казань,Одежда,Куртка,3,8911.18,0.35,26733.54,9356.739,17376.801,2025-08
2025-08-20,Иванов А.С.,Ростов-на-Дону,Книги,Бизнес,3,978.85,0.38,2936.55,1115.8890000000001,1820.661,2025-08
2025-08-20,Кузнецов П.Р.,Санкт-Петербург,Дом и сад,Робот-пылесос,6,27982.11,0.26,167892.66,43652.0916,124240.5684,2025-08
2025-08-20,Петрова М.В.,Омск,Книги,Бизнес,9,929.31,0.4,8363.789999999999,3345.5159999999996,5018.273999999999,2025-08
2025-08-20,Смирнова Е.А.,Казань,Косметика,Маска для волос,14,874.73,0.34,12246.220000000001,4163.714800000001,8082.5052000000005,2025-08
2025-08-20,Иванов А.С.,Казань,Спорт,Мяч,14,815.73,0.37,11420.220000000001,4225.481400000001,7194.738600000001,2025-08
2025-08-23,Сидоров К.Д.,Челябинск,Спорт,Фитнес-браслет,15,4179.03,0.36,62685.45,22566.762,40118.687999999995,2025-08
2025-08-23,Сидоров К.Д.,Новосибирск,Спорт,Гантели,6,3819.79,0.28,22918.739999999998,6417.2472,16501.4928,2025-08
2025-08-23,Кузнецов П.Р.,Ростов-на-Дону,Книги,Комикс,14,457.51,0.42,6405.139999999999,2690.1587999999997,3714.9811999999997,2025-08
2025-08-23,Иванов А.С.,Москва,Одежда,Кроссовки,10,7331.14,0.38,73311.40000000001,27858.332000000002,45453.06800000001,2025-08
2025-08-24,Иванов А.С.,Санкт-Петербург,Одежда,Футболка,12,1458.87,0.38,17506.44,6652.4472,10853.9928,2025-08
2025-08-24,Кузнецов П.Р.,Челябинск,Спорт,Гантели,20,3270.41,0.35,65408.2,22892.87,42515.33,2025-08
2025-08-24,Иванов А.С.,Екатеринбург,Автотовары,Щетка для снега,14,1122.59,0.23,15716.259999999998,3614.7398,12101.520199999999,2025-08
2025-08-24,Иванов А.С.,Санкт-Петербург,Продукты,Шоколад,12,171.07,0.48,2052.84,985.3632,1067.4768000000001,2025-08
2025-08-26,Кузнецов П.Р.,Санкт-Петербург,Дом и сад,Робот-пылесос,18,24945.62,0.28,449021.16,125725.92480000001,323295.2352,2025-08
2025-08-26,Сидоров К.Д.,Ростов-на-Дону,Электроника,Беспроводные наушники,18,6981.43,0.21,125665.74,26389.8054,99275.93460000001,2025-08
2025-08-26,Сидоров К.Д.,Нижний Новгород,Косметика,Маска для волос,1,856.42,0.31,856.42,265.49019999999996,590.9298,2025-08
2025-08-26,Сидоров К.Д.,Москва,Спорт,Фитнес-браслет,15,3818.19,0.34,57272.85,19472.769,37800.081,2025-08
2025-08-27,Сидоров К.Д.,Омск,Косметика,Гель для душа,19,439.0,0.36,8341.0,3002.7599999999998,5338.24,2025-08
2025-08-27,Кузнецов П.Р.,Челябинск,Косметика,Крем для лица,18,1689.0,0.35,30402.0,10640.699999999999,19761.300000000003,2025-08
2025-08-27,Кузнецов П.Р.,Нижний Новгород,Одежда,Кроссовки,1,6001.27,0.32,6001.27,1920.4064,4080.8636000000006,2025-08
2025-08-27,Петрова М.В.,Самара,Косметика,Гель для душа,13,418.24,0.32,5437.12,1739.8784,3697.2416,2025-08
2025-08-29,Сидоров К.Д.,Ростов-на-Дону,Одежда,Кроссовки,15,5867.14,0.42,88007.1,36962.982,51044.118,2025-08
2025-08-29,Петрова М.В.,Ростов-на-Дону,Автотовары,Держатель для телефона,7,718.12,0.19,5026.84,955.0996,4071.7404,2025-08
2025-08-30,Петрова М.В.,Казань,Электроника,Ноутбук,3,96093.63,0.13,288280.89,37476.5157,250804.37430000002,2025-08
2025-08-30,Петрова М.В.,Москва,Дом и сад,Робот-пылесос,1,27647.8,0.24,27647.8,6635.472,21012.328,2025-08
2025-08-31,Петрова М.В.,Ростов-на-Дону,Автотовары,Органайзер,10,1633.84,0.23,16338.4,3757.832,12580.568,2025-08
2025-08-31,Петрова М.В.,Нижний Новгород,Одежда,Кроссовки,4,6323.52,0.37,25294.08,9358.8096,15935.270400000001,2025-08
2025-09-01,Иванов А.С.,Челябинск,Автотовары,Органайзер,4,1557.67,0.21,6230.68,1308.4428,4922.2372000000005,2025-09
2025-09-01,Петрова М.В.,Нижний Новгород,Косметика,Гель для душа,14,375.65,0.35,5259.099999999999,1840.6849999999997,3418.415,2025-09
2025-09-01,Смирнова Е.А.,Москва,Одежда,Джинсы,10,4174.78,0.39,41747.799999999996,16281.641999999998,25466.157999999996,2025-09
2025-09-01,Петрова М.В.,Челябинск,Дом и сад,Робот-пылесос,16,23366.34,0.29,373861.44,108419.8176,265441.6224,2025-09
2025-09-02,Петрова М.В.,Москва,Дом и сад,Увлажнитель воздуха,12,5636.9,0.27,67642.79999999999,18263.555999999997,49379.24399999999,2025-09
2025-09-02,Петрова М.В.,Ростов-на-Дону,Книги,Бизнес,11,946.17,0.43,10407.869999999999,4475.384099999999,5932.4859,2025-09
2025-09-03,Кузнецов П.Р.,Санкт-Петербург,Спорт,Бутылка для воды,18,936.14,0.34,16850.52,5729.1768,11121.3432,2025-09
2025-09-03,Смирнова Е.А.,Казань,Продукты,Оливковое масло,16,1975.72,0.49,31611.52,15489.6448,16121.8752,2025-09
2025-09-03,Петрова М.В.,Санкт-Петербург,Дом и сад,Робот-пылесос,4,21260.69,0.26,85042.76,22111.117599999998,62931.6424,2025-09
2025-09-04,Кузнецов П.Р.,Омск,Автотовары,Ароматизатор,18,368.43,0.23,6631.74,1525.3002,5106.4398,2025-09
2025-09-04,Иванов А.С.,Москва,Электроника,Умные часы,16,20984.82,0.17,335757.12,57078.7104,278678.4096,2025-09
2025-09-04,Смирнова Е.А.,Челябинск,Спорт,Фитнес-браслет,1,3694.28,0.3,3694.28,1108.284,2585.996,2025-09
2025-09-04,Кузнецов П.Р.,Самара,Одежда,Джинсы,17,3955.8,0.39,67248.6,26226.954,41021.64600000001,2025-09
2025-09-04,Петрова М.В.,Казань,Спорт,Гантели,12,4021.05,0.34,48252.600000000006,16405.884000000002,31846.716000000004,2025-09
2025-09-04,Сидоров К.Д.,Челябинск,Косметика,Парфюм,17,3851.84,0.35,65481.28,22918.447999999997,42562.832,2025-09
2025-09-04,Кузнецов П.Р.,Санкт-Петербург,Электроника,Беспроводные наушники,15,8627.05,0.21,129405.74999999999,27175.207499999997,102230.54249999998,2025-09
2025-09-05,Кузнецов П.Р.,Ростов-на-Дону,Дом и сад,Садовый шланг,1,2006.6,0.24,2006.6,481.58399999999995,1525.016,2025-09
2025-09-05,Петрова М.В.,Нижний Новгород,Дом и сад,Увлажнитель воздуха,17,4698.03,0.29,79866.51,23161.287899999996,56705.2221,2025-09
2025-09-05,Сидоров К.Д.,Казань,Автотовары,Видеорегистратор,6,6118.09,0.17,36708.54,6240.451800000001,30468.0882,2025-09
2025-09-06,Сидоров К.Д.,Новосибирск,Электроника,Умные часы,12,21232.57,0.2,254790.84,50958.168000000005,203832.672,2025-09
2025-09-07,Смирнова Е.А.,Казань,Книги,Комикс,9,489.71,0.42,4407.389999999999,1851.1037999999996,2556.2861999999996,2025-09
2025-09-07,Иванов А.С.,Нижний Новгород,Книги,Фантастика,6,652.18,0.41,3913.08,1604.3627999999999,2308.7172,2025-09
2025-09-08,Сидоров К.Д.,Нижний Новгород,Одежда,Платье,14,6218.83,0.41,87063.62,35696.0842,51367.5358,2025-09
2025-09-09,Петрова М.В.,Ростов-на-Дону,Продукты,Гречка,18,97.69,0.49,1758.42,861.6258,896.7942,2025-09
2025-09-09,Кузнецов П.Р.,Челябинск,Косметика,Маска для волос,4,866.79,0.32,3467.16,1109.4912,2357.6688,2025-09
2025-09-09,Смирнова Е.А.,Челябинск,Автотовары,Ароматизатор,15,405.96,0.24,6089.4,1461.456,4627.9439999999995,2025-09
2025-09-10,Иванов А.С.,Нижний Новгород,Косметика,Гель для душа,19,418.82,0.33,7957.58,2626.0014,5331.5786,2025-09
2025-09-10,Смирнова Е.А.,Самара,Электроника,Умная колонка,18,12054.5,0.18,216981.0,39056.58,177924.41999999998,2025-09
2025-09-11,Иванов А.С.,Казань,Спорт,Мяч,18,738.79,0.36,13298.22,4787.3592,8510.860799999999,2025-09
2025-09-11,Петрова М.В.,Казань,Продукты,Шоколад,6,142.42,0.43,854.52,367.4436,487.0764,2025-09
2025-09-11,Кузнецов П.Р.,Екатеринбург,Книги,Бизнес,5,895.5,0.38,4477.5,1701.45,2776.05,2025-09
2025-09-11,Сидоров К.Д.,Екатеринбург,Автотовары,Органайзер,14,1774.77,0.23,24846.78,5714.7594,19132.0206,2025-09
2025-09-11,Смирнова Е.А.,Екатеринбург,Автотовары,Видеорегистратор,18,7275.13,0.26,130952.34,34047.6084,96904.7316,2025-09
2025-09-11,Сидоров К.Д.,Самара,Косметика,Шампунь,3,620.53,0.31,1861.59,577.0929,1284.4971,2025-09
2025-09-12,Сидоров К.Д.,Ростов-на-Дону,Электроника,Умные часы,20,24713.16,0.21,494263.2,103795.272,390467.928,2025-09
2025-09-12,Сидоров К.Д.,Москва,Косметика,Крем для лица,17,1350.48,0.33,22958.16,7576.192800000001,15381.9672,2025-09
2025-09-14,Петрова М.В.,Нижний Новгород,Спорт,Мяч,8,684.11,0.28,5472.88,1532.4064,3940.4736000000003,2025-09
2025-09-14,Сидоров К.Д.,Новосибирск,Продукты,Гречка,16,83.85,0.49,1341.6,657.3839999999999,684.216,2025-09
2025-09-14,Сидоров К.Д.,Омск,Спорт,Бутылка для воды,17,794.76,0.33,13510.92,4458.6036,9052.3164,2025-09
2025-09-15,Сидоров К.Д.,Новосибирск,Спорт,Бутылка для воды,7,942.52,0.29,6597.639999999999,1913.3155999999997,4684.3243999999995,2025-09
2025-09-15,Кузнецов П.Р.,Москва,Автотовары,Органайзер,3,2027.95,0.22,6083.85,1338.4470000000001,4745.403,2025-09
2025-09-15,Сидоров К.Д.,Казань,Автотовары,Держатель для телефона,19,756.98,0.26,14382.62,3739.4812,10643.1388,2025-09
2025-09-15,Кузнецов П.Р.,Омск,Автотовары,Держатель для телефона,3,713.38,0.21,2140.14,449.42939999999993,1690.7105999999999,2025-09
2025-09-15,Сидоров К.Д.,Омск,Продукты,Гречка,4,94.67,0.42,378.68,159.0456,219.6344,2025-09
2025-09-16,Кузнецов П.Р.,Омск,Спорт,Гантели,9,3011.84,0.29,27106.56,7860.9024,19245.657600000002,2025-09
2025-09-16,Иванов А.С.,Ростов-на-Дону,Дом и сад,Чайник,14,3106.07,0.28,43484.98,12175.794400000002,31309.1856,2025-09
2025-09-17,Петрова М.В.,Самара,Дом и сад,Робот-пылесос,4,27667.21,0.25,110668.84,27667.21,83001.63,2025-09
2025-09-18,Кузнецов П.Р.,Ростов-на-Дону,Книги,Детектив,19,566.33,0.46,10760.27,4949.724200000001,5810.5458,2025-09
2025-09-18,Кузнецов П.Р.,Самара,Косметика,Парфюм,13,4501.67,0.32,58521.71,18726.9472,39794.7628,2025-09
2025-09-19,Петрова М.В.,Санкт-Петербург,Электроника,Беспроводные наушники,4,9126.97,0.17,36507.88,6206.3396,30301.540399999998,2025-09
2025-09-19,Сидоров К.Д.,Екатеринбург,Продукты,Гречка,18,94.39,0.48,1699.02,815.5296,883.4904,2025-09
2025-09-19,Иванов А.С.,Новосибирск,Косметика,Шампунь,9,689.13,0.29,6202.17,1798.6292999999998,4403.5407000000005,2025-09
2025-09-20,Кузнецов П.Р.,Екатеринбург,Одежда,Куртка,19,9785.93,0.41,185932.67,76232.3947,109700.27530000001,2025-09
2025-09-20,Смирнова Е.А.,Москва,Книги,Детектив,6,635.8,0.39,3814.7999999999997,1487.772,2327.028,2025-09
2025-09-20,Сидоров К.Д.,Челябинск,Дом и сад,Увлажнитель воздуха,17,5728.02,0.3,97376.34000000001,29212.902000000002,68163.43800000001,2025-09
2025-09-20,Смирнова Е.А.,Екатеринбург,Спорт,Коврик для йоги,10,2175.39,0.33,21753.899999999998,7178.786999999999,14575.112999999998,2025-09
2025-09-20,Смирнова Е.А.,Казань,Автотовары,Держатель для телефона,17,630.06,0.23,10711.019999999999,2463.5346,8247.485399999998,2025-09
2025-09-20,Петрова М.В.,Самара,Автотовары,Держатель для телефона,18,790.95,0.26,14237.1,3701.646,10535.454,2025-09
2025-09-21,Смирнова Е.А.,Омск,Косметика,Шампунь,10,648.15,0.37,6481.5,2398.1549999999997,4083.3450000000003,2025-09
2025-09-21,Петрова М.В.,Челябинск,Электроника,Умная колонка,2,12467.58,0.13,24935.16,3241.5708,21693.5892,2025-09
2025-09-22,Иванов А.С.,Омск,Спорт,Коврик для йоги,6,2305.03,0.31,13830.18,4287.3558,9542.8242,2025-09
2025-09-22,Сидоров К.Д.,Челябинск,Электроника,Беспроводные наушники,16,6838.27,0.19,109412.32,20788.3408,88623.9792,2025-09
2025-09-23,Смирнова Е.А.,Новосибирск,Продукты,Сыр,14,1475.53,0.48,20657.42,9915.561599999999,10741.8584,2025-09
2025-09-23,Петрова М.В.,Ростов-на-Дону,Продукты,Сыр,13,1796.09,0.5,23349.17,11674.585,11674.585,2025-09
2025-09-23,Кузнецов П.Р.,Самара,Книги,Фантастика,15,734.62,0.46,11019.3,5068.878,5950.422,2025-09
2025-09-23,Кузнецов П.Р.,Москва,Книги,Бизнес,10,928.61,0.42,9286.1,3900.162,5385.938,2025-09
2025-09-24,Кузнецов П.Р.,Нижний Новгород,Спорт,Мяч,7,766.69,0.27,5366.83,1449.0441,3917.7859,2025-09
2025-09-24,Петрова М.В.,Новосибирск,Одежда,Кроссовки,4,5586.49,0.33,22345.96,7374.1668,14971.7932,2025-09
2025-09-24,Иванов А.С.,Екатеринбург,Спорт,Фитнес-браслет,3,3519.26,0.32,10557.78,3378.4896000000003,7179.2904,2025-09
2025-09-24,Кузнецов П.Р.,Самара,Автотовары,Органайзер,2,1860.48,0.18,3720.96,669.7728,3051.1872000000003,2025-09
2025-09-25,Смирнова Е.А.,Москва,Дом и сад,Набор посуды,17,6479.23,0.29,110146.90999999999,31942.603899999995,78204.30609999999,2025-09
2025-09-25,Кузнецов П.Р.,Омск,Дом и сад,Чайник,14,2663.87,0.29,37294.18,10815.312199999998,26478.8678,2025-09
2025-09-25,Кузнецов П.Р.,Санкт-Петербург,Косметика,Шампунь,2,608.39,0.32,1216.78,389.3696,827.4104,2025-09
2025-09-25,Иванов А.С.,Ростов-на-Дону,Дом и сад,Увлажнитель воздуха,12,4886.65,0.3,58639.799999999996,17591.94,41047.86,2025-09
2025-09-25,Сидоров К.Д.,Нижний Новгород,Электроника,Умные часы,7,20147.57,0.13,141032.99,18334.2887,122698.70129999999,2025-09
2025-09-26,Петрова М.В.,Казань,Спорт,Коврик для йоги,20,2206.42,0.4,44128.4,17651.36,26477.04,2025-09
2025-09-26,Смирнова Е.А.,Самара,Одежда,Платье,8,6096.73,0.37,48773.84,18046.320799999998,30727.5192,2025-09
2025-09-27,Кузнецов П.Р.,Санкт-Петербург,Электроника,Умные часы,6,19662.74,0.13,117976.44,15336.9372,102639.5028,2025-09
2025-09-28,Иванов А.С.,Самара,Дом и сад,Увлажнитель воздуха,12,4298.29,0.32,51579.479999999996,16505.4336,35074.04639999999,2025-09
2025-09-28,Смирнова Е.А.,Ростов-на-Дону,Дом и сад,Садовый шланг,8,2134.83,0.26,17078.64,4440.4464,12638.193599999999,2025-09
2025-09-28,Сидоров К.Д.,Санкт-Петербург,Электроника,Умные часы,20,19629.5,0.25,392590.0,98147.5,294442.5,2025-09
2025-09-29,Кузнецов П.Р.,Санкт-Петербург,Дом и сад,Садовый шланг,17,1727.87,0.32,29373.789999999997,9399.612799999999,19974.1772,2025-09
2025-09-29,Петрова М.В.,Челябинск,Косметика,Крем для лица,7,1610.02,0.29,11270.14,3268.3405999999995,8001.7994,2025-09
2025-09-30,Сидоров К.Д.,Москва,Спорт,Коврик для йоги,3,2209.3,0.31,6627.900000000001,2054.6490000000003,4573.251,2025-09
2025-09-30,Сидоров К.Д.,Екатеринбург,Автотовары,Видеорегистратор,6,7800.62,0.17,46803.72,7956.6324,38847.0876,2025-09
2025-09-30,Иванов А.С.,Ростов-на-Дону,Дом и сад,Набор посуды,9,6856.71,0.27,61710.39,16661.8053,45048.5847,2025-09
2025-10-01,Кузнецов П.Р.,Ростов-на-Дону,Одежда,Кроссовки,19,6842.79,0.37,130013.01,48104.8137,81908.1963,2025-10
2025-10-01,Иванов А.С.,Санкт-Петербург,Автотовары,Ароматизатор,19,446.06,0.24,8475.14,2034.0335999999998,6441.1064,2025-10
2025-10-01,Сидоров К.Д.,Омск,Дом и сад,Набор посуды,15,7657.85,0.27,114867.75,31014.292500000003,83853.45749999999,2025-10
2025-10-02,Смирнова Е.А.,Новосибирск,Продукты,Сыр,6,1522.19,0.45,9133.14,4109.913,5023.227,2025-10
2025-10-02,Кузнецов П.Р.,Омск,Дом и сад,Увлажнитель воздуха,15,4716.06,0.3,70740.90000000001,21222.27,49518.630000000005,2025-10
2025-10-03,Иванов А.С.,Ростов-на-Дону,Продукты,Кофе зерновой,18,1070.78,0.5,19274.04,9637.02,9637.02,2025-10
2025-10-03,Смирнова Е.А.,Самара,Дом и сад,Робот-пылесос,2,24753.81,0.23,49507.62,11386.752600000002,38120.8674,2025-10
2025-10-04,Иванов А.С.,Москва,Продукты,Гречка,3,91.11,0.47,273.33,128.46509999999998,144.8649,2025-10
2025-10-05,Смирнова Е.А.,Москва,Спорт,Гантели,6,3256.98,0.28,19541.88,5471.7264000000005,14070.153600000001,2025-10
2025-10-05,Петрова М.В.,Москва,Косметика,Парфюм,12,4189.5,0.35,50274.0,17595.899999999998,32678.100000000002,2025-10
2025-10-06,Петрова М.В.,Москва,Электроника,Беспроводные наушники,18,7211.92,0.19,129814.56,24664.7664,105149.7936,2025-10
2025-10-06,Кузнецов П.Р.,Ростов-на-Дону,Книги,Художественная литература,2,781.63,0.42,1563.26,656.5692,906.6908,2025-10
2025-10-07,Петрова М.В.,Ростов-на-Дону,Спорт,Коврик для йоги,2,2820.71,0.32,5641.42,1805.2544,3836.1656000000003,2025-10
2025-10-07,Сидоров К.Д.,Ростов-на-Дону,Спорт,Мяч,10,757.63,0.34,7576.3,2575.9420000000005,5000.358,2025-10
2025-10-07,Кузнецов П.Р.,Санкт-Петербург,Дом и сад,Набор посуды,2,7283.49,0.24,14566.98,3496.0751999999998,11070.9048,2025-10
2025-10-07,Иванов А.С.,Санкт-Петербург,Книги,Бизнес,1,969.74,0.41,969.74,397.5934,572.1466,2025-10
2025-10-07,Смирнова Е.А.,Казань,Автотовары,Держатель для телефона,20,680.82,0.26,13616.400000000001,3540.2640000000006,10076.136,2025-10
2025-10-07,Смирнова Е.А.,Нижний Новгород,Книги,Комикс,10,561.27,0.46,5612.7,2581.842,3030.8579999999997,2025-10
2025-10-08,Смирнова Е.А.,Самара,Спорт,Коврик для йоги,20,2128.91,0.36,42578.2,15328.151999999998,27250.048,2025-10
2025-10-08,Сидоров К.Д.,Москва,Спорт,Мяч,18,911.69,0.36,16410.420000000002,5907.751200000001,10502.668800000001,2025-10
2025-10-08,Кузнецов П.Р.,Москва,Электроника,Ноутбук,15,91345.4,0.2,1370181.0,274036.2,1096144.8,2025-10
2025-10-09,Кузнецов П.Р.,Москва,Дом и сад,Садовый шланг,10,2153.27,0.31,21532.7,6675.137000000001,14857.563,2025-10
2025-10-09,Смирнова Е.А.,Самара,Дом и сад,Садовый шланг,16,2192.02,0.28,35072.32,9820.249600000001,25252.070399999997,2025-10
2025-10-09,Кузнецов П.Р.,Екатеринбург,Одежда,Куртка,7,10162.3,0.36,71136.09999999999,25608.995999999996,45527.10399999999,2025-10
2025-10-10,Кузнецов П.Р.,Москва,Автотовары,Ароматизатор,2,382.75,0.21,765.5,160.755,604.745,2025-10
2025-10-10,Кузнецов П.Р.,Омск,Электроника,Беспроводные наушники,1,8688.31,0.17,8688.31,1477.0127,7211.297299999999,2025-10
2025-10-10,Кузнецов П.Р.,Нижний Новгород,Косметика,Гель для душа,4,380.32,0.3,1521.28,456.38399999999996,1064.896,2025-10
2025-10-11,Петрова М.В.,Омск,Продукты,Кофе зерновой,2,1155.49,0.47,2310.98,1086.1606,1224.8194,2025-10
2025-10-11,Иванов А.С.,Екатеринбург,Дом и сад,Робот-пылесос,13,23673.17,0.31,307751.20999999996,95402.87509999999,212348.33489999996,2025-10
2025-10-13,Сидоров К.Д.,Омск,Косметика,Маска для волос,18,1001.95,0.34,18035.100000000002,6131.934000000001,11903.166000000001,2025-10
2025-10-14,Иванов А.С.,Челябинск,Косметика,Парфюм,6,4326.62,0.3,25959.72,7787.916,18171.804,2025-10
2025-10-14,Петрова М.В.,Ростов-на-Дону,Спорт,Бутылка для воды,1,871.61,0.3,871.61,261.483,610.127,2025-10
2025-10-15,Смирнова Е.А.,Омск,Спорт,Мяч,20,710.09,0.38,14201.800000000001,5396.684,8805.116000000002,2025-10
2025-10-15,Сидоров К.Д.,Самара,Книги,Фантастика,13,676.16,0.45,8790.08,3955.536,4834.544,2025-10
2025-10-16,Кузнецов П.Р.,Нижний Новгород,Книги,Бизнес,1,773.33,0.42,773.33,324.7986,448.5314,2025-10
2025-10-17,Сидоров К.Д.,Омск,Дом и сад,Увлажнитель воздуха,20,5092.7,0.34,101854.0,34630.36,67223.64,2025-10
2025-10-17,Петрова М.В.,Екатеринбург,Продукты,Кофе зерновой,20,1085.28,0.5,21705.6,10852.8,10852.8,2025-10
2025-10-18,Кузнецов П.Р.,Санкт-Петербург,Спорт,Бутылка для воды,18,906.27,0.35,16312.86,5709.501,10603.359,2025-10
2025-10-18,Петрова М.В.,Казань,Автотовары,Видеорегистратор,8,6338.97,0.21,50711.76,10649.4696,40062.2904,2025-10
2025-10-18,Кузнецов П.Р.,Омск,Косметика,Шампунь,3,513.55,0.3,1540.6499999999999,462.19499999999994,1078.455,2025-10
2025-10-19,Смирнова Е.А.,Омск,Одежда,Джинсы,5,5036.35,0.37,25181.75,9317.2475,15864.5025,2025-10
2025-10-20,Кузнецов П.Р.,Нижний Новгород,Дом и сад,Чайник,19,2996.61,0.3,56935.590000000004,17080.677,39854.913,2025-10
2025-10-20,Кузнецов П.Р.,Самара,Автотовары,Щетка для снега,20,1214.2,0.26,24284.0,6313.84,17970.16,2025-10
2025-10-21,Иванов А.С.,Екатеринбург,Автотовары,Ароматизатор,18,458.89,0.26,8260.02,2147.6052,6112.4148000000005,2025-10
2025-10-21,Кузнецов П.Р.,Нижний Новгород,Продукты,Оливковое масло,20,1979.54,0.5,39590.8,19795.4,19795.4,2025-10
2025-10-21,Петрова М.В.,Нижний Новгород,Косметика,Шампунь,12,647.25,0.34,7767.0,2640.78,5126.219999999999,2025-10
2025-10-22,Сидоров К.Д.,Омск,Электроника,Беспроводные наушники,6,7714.82,0.15,46288.92,6943.338,39345.581999999995,2025-10
2025-10-22,Сидоров К.Д.,Омск,Дом и сад,Набор посуды,19,6312.43,0.3,119936.17000000001,35980.851,83955.31900000002,2025-10
2025-10-22,Сидоров К.Д.,Санкт-Петербург,Дом и сад,Робот-пылесос,9,28254.2,0.27,254287.80000000002,68657.706,185630.094,2025-10
2025-10-22,Петрова М.В.,Омск,Косметика,Гель для душа,4,429.91,0.3,1719.64,515.892,1203.748,2025-10
2025-10-22,Смирнова Е.А.,Санкт-Петербург,Электроника,Умные часы,12,23512.08,0.21,282144.96,59250.441600000006,222894.5184,2025-10
2025-10-22,Петрова М.В.,Омск,Одежда,Куртка,15,9658.43,0.4,144876.45,57950.58000000001,86925.87,2025-10
2025-10-23,Иванов А.С.,Москва,Автотовары,Органайзер,20,1545.4,0.29,30908.0,8963.32,21944.68,2025-10
2025-10-23,Сидоров К.Д.,Нижний Новгород,Автотовары,Держатель для телефона,15,635.07,0.23,9526.050000000001,2190.9915000000005,7335.058500000001,2025-10
2025-10-23,Смирнова Е.А.,Нижний Новгород,Косметика,Шампунь,14,645.99,0.32,9043.86,2894.0352000000003,6149.8248,2025-10
2025-10-23,Петрова М.В.,Санкт-Петербург,Продукты,Кофе зерновой,5,1320.59,0.46,6602.95,3037.357,3565.593,2025-10
2025-10-23,Иванов А.С.,Челябинск,Продукты,Сыр,4,1689.39,0.44,6757.56,2973.3264000000004,3784.2336,2025-10
2025-10-23,Сидоров К.Д.,Нижний Новгород,Книги,Художественная литература,15,647.9,0.45,9718.5,4373.325,5345.175,2025-10
2025-10-23,Кузнецов П.Р.,Челябинск,Автотовары,Держатель для телефона,2,725.79,0.21,1451.58,304.8318,1146.7482,2025-10
2025-10-24,Иванов А.С.,Омск,Автотовары,Ароматизатор,10,400.49,0.24,4004.9,961.1759999999999,3043.724,2025-10
2025-10-24,Сидоров К.Д.,Санкт-Петербург,Автотовары,Видеорегистратор,15,7910.59,0.25,118658.85,29664.7125,88994.13750000001,2025-10
2025-10-24,Смирнова Е.А.,Санкт-Петербург,Продукты,Оливковое масло,4,1796.75,0.45,7187.0,3234.15,3952.85,2025-10
2025-10-25,Кузнецов П.Р.,Казань,Одежда,Кроссовки,1,5779.72,0.34,5779.72,1965.1048000000003,3814.6152,2025-10
2025-10-25,Петрова М.В.,Челябинск,Автотовары,Держатель для телефона,17,740.02,0.23,12580.34,2893.4782,9686.8618,2025-10
2025-10-25,Кузнецов П.Р.,Москва,Спорт,Фитнес-браслет,15,3915.05,0.36,58725.75,21141.27,37584.479999999996,2025-10
2025-10-25,Петрова М.В.,Челябинск,Продукты,Сыр,15,1559.47,0.5,23392.05,11696.025,11696.025,2025-10
2025-10-25,Иванов А.С.,Омск,Одежда,Кроссовки,1,7147.52,0.33,7147.52,2358.6816000000003,4788.838400000001,2025-10
2025-10-25,Петрова М.В.,Новосибирск,Продукты,Оливковое масло,14,1682.03,0.49,23548.42,11538.725799999998,12009.6942,2025-10
2025-10-26,Сидоров К.Д.,Самара,Продукты,Оливковое масло,16,1673.18,0.5,26770.88,13385.44,13385.44,2025-10
2025-10-26,Кузнецов П.Р.,Ростов-на-Дону,Книги,Фантастика,8,841.41,0.42,6731.28,2827.1375999999996,3904.1424,2025-10
2025-10-26,Сидоров К.Д.,Санкт-Петербург,Книги,Бизнес,15,920.41,0.46,13806.15,6350.829,7455.321,2025-10
2025-10-27,Сидоров К.Д.,Нижний Новгород,Спорт,Коврик для йоги,5,2481.85,0.28,12409.25,3474.59,8934.66,2025-10
2025-10-27,Кузнецов П.Р.,Новосибирск,Электроника,Умная колонка,5,13451.93,0.16,67259.65,10761.544,56498.10599999999,2025-10
2025-10-27,Иванов А.С.,Санкт-Петербург,Электроника,Смартфон,19,41020.66,0.18,779392.54,140290.65720000002,639101.8828,2025-10
2025-10-27,Смирнова Е.А.,Санкт-Петербург,Дом и сад,Садовый шланг,5,1720.52,0.24,8602.6,2064.624,6537.976000000001,2025-10
2025-10-28,Иванов А.С.,Казань,Книги,Художественная литература,19,737.21,0.46,14006.990000000002,6443.215400000001,7563.774600000001,2025-10
2025-10-28,Смирнова Е.А.,Казань,Книги,Комикс,9,529.51,0.4,4765.59,1906.236,2859.3540000000003,2025-10
2025-10-28,Иванов А.С.,Санкт-Петербург,Автотовары,Видеорегистратор,8,7235.3,0.2,57882.4,11576.480000000001,46305.92,2025-10
2025-10-29,Иванов А.С.,Омск,Одежда,Футболка,20,1638.65,0.45,32773.0,14747.85,18025.15,2025-10
2025-10-29,Сидоров К.Д.,Екатеринбург,Спорт,Бутылка для воды,15,999.91,0.37,14998.65,5549.5005,9449.1495,2025-10
2025-10-30,Смирнова Е.А.,Самара,Спорт,Мяч,12,826.19,0.34,9914.28,3370.8552000000004,6543.424800000001,2025-10
2025-10-31,Кузнецов П.Р.,Новосибирск,Книги,Художественная литература,15,711.05,0.45,10665.75,4799.587500000001,5866.162499999999,2025-10
2025-10-31,Смирнова Е.А.,Екатеринбург,Электроника,Беспроводные наушники,12,9063.59,0.2,108763.08,21752.616,87010.464,2025-10
2025-10-31,Петрова М.В.,Санкт-Петербург,Автотовары,Держатель для телефона,5,795.72,0.17,3978.6000000000004,676.3620000000001,3302.2380000000003,2025-10
2025-10-31,Кузнецов П.Р.,Санкт-Петербург,Спорт,Коврик для йоги,4,2245.1,0.31,8980.4,2783.924,6196.476,2025-10
2025-11-02,Петрова М.В.,Омск,Дом и сад,Садовый шланг,4,1765.09,0.27,7060.36,1906.2972,5154.0628,2025-11
2025-11-02,Петрова М.В.,Москва,Косметика,Маска для волос,12,863.82,0.35,10365.84,3628.044,6737.796,2025-11
2025-11-02,Петрова М.В.,Ростов-на-Дону,Косметика,Крем для лица,15,1572.96,0.32,23594.4,7550.2080000000005,16044.192000000001,2025-11
2025-11-02,Петрова М.В.,Нижний Новгород,Электроника,Беспроводные наушники,2,8869.4,0.14,17738.8,2483.4320000000002,15255.367999999999,2025-11
2025-11-02,Кузнецов П.Р.,Ростов-на-Дону,Спорт,Мяч,11,808.62,0.36,8894.82,3202.1351999999997,5692.6848,2025-11
2025-11-02,Сидоров К.Д.,Челябинск,Книги,Фантастика,19,728.97,0.46,13850.43,6371.197800000001,7479.2321999999995,2025-11
2025-11-02,Петрова М.В.,Самара,Дом и сад,Набор посуды,9,6898.9,0.27,62090.1,16764.327,45325.773,2025-11
2025-11-03,Иванов А.С.,Новосибирск,Одежда,Куртка,8,8765.94,0.34,70127.52,23843.3568,46284.1632,2025-11
2025-11-03,Смирнова Е.А.,Нижний Новгород,Автотовары,Ароматизатор,12,432.9,0.27,5194.799999999999,1402.596,3792.2039999999993,2025-11
2025-11-03,Иванов А.С.,Нижний Новгород,Одежда,Футболка,2,1452.77,0.36,2905.54,1045.9944,1859.5456,2025-11
2025-11-04,Петрова М.В.,Екатеринбург,Автотовары,Щетка для снега,10,1201.79,0.23,12017.9,2764.117,9253.783,2025-11
2025-11-04,Смирнова Е.А.,Новосибирск,Автотовары,Видеорегистратор,14,7069.99,0.23,98979.86,22765.3678,76214.49220000001,2025-11
2025-11-05,Сидоров К.Д.,Москва,Дом и сад,Увлажнитель воздуха,11,5041.16,0.29,55452.759999999995,16081.300399999998,39371.459599999995,2025-11
2025-11-05,Смирнова Е.А.,Екатеринбург,Косметика,Крем для лица,4,1483.68,0.29,5934.72,1721.0688,4213.6512,2025-11
2025-11-06,Смирнова Е.А.,Москва,Дом и сад,Робот-пылесос,12,27358.81,0.3,328305.72000000003,98491.716,229814.00400000002,2025-11
2025-11-06,Петрова М.В.,Казань,Одежда,Кроссовки,9,6801.32,0.37,61211.88,22648.3956,38563.4844,2025-11
2025-11-06,Кузнецов П.Р.,Омск,Книги,Комикс,18,555.1,0.43,9991.800000000001,4296.474,5695.326000000001,2025-11
2025-11-06,Иванов А.С.,Москва,Электроника,Ноутбук,20,74083.44,0.2,1481668.8,296333.76,1185335.04,2025-11
2025-11-07,Кузнецов П.Р.,Екатеринбург,Спорт,Бутылка для воды,14,926.51,0.36,12971.14,4669.6104,8301.5296,2025-11
2025-11-08,Смирнова Е.А.,Казань,Одежда,Куртка,7,9445.63,0.33,66119.40999999999,21819.4053,44300.00469999999,2025-11
2025-11-09,Иванов А.С.,Ростов-на-Дону,Косметика,Гель для душа,10,457.67,0.35,4576.7,1601.8449999999998,2974.855,2025-11
2025-11-09,Сидоров К.Д.,Новосибирск,Электроника,Ноутбук,7,96762.62,0.15,677338.34,101600.75099999999,575737.5889999999,2025-11
2025-11-10,Сидоров К.Д.,Екатеринбург,Дом и сад,Увлажнитель воздуха,15,5283.93,0.29,79258.95000000001,22985.095500000003,56273.85450000001,2025-11
2025-11-12,Кузнецов П.Р.,Ростов-на-Дону,Одежда,Футболка,10,1477.26,0.39,14772.6,5761.314,9011.286,2025-11
2025-11-12,Иванов А.С.,Челябинск,Книги,Детектив,3,588.95,0.39,1766.8500000000001,689.0715000000001,1077.7785,2025-11
2025-11-12,Сидоров К.Д.,Омск,Одежда,Джинсы,14,4374.78,0.38,61246.92,23273.8296,37973.0904,2025-11
2025-11-12,Петрова М.В.,Ростов-на-Дону,Книги,Комикс,1,558.38,0.37,558.38,206.6006,351.7794,2025-11
2025-11-13,Смирнова Е.А.,Москва,Спорт,Мяч,14,861.09,0.37,12055.26,4460.4462,7594.8138,2025-11
2025-11-13,Смирнова Е.А.,Самара,Продукты,Гречка,17,98.38,0.47,1672.46,786.0562,886.4038,2025-11
2025-11-14,Иванов А.С.,Омск,Книги,Детектив,3,694.7,0.4,2084.1000000000004,833.6400000000002,1250.46,2025-11
2025-11-14,Кузнецов П.Р.,Санкт-Петербург,Книги,Художественная литература,18,690.54,0.46,12429.72,5717.6712,6712.0488,2025-11
2025-11-15,Сидоров К.Д.,Новосибирск,Книги,Бизнес,10,926.9,0.44,9269.0,4078.36,5190.639999999999,2025-11
2025-11-15,Иванов А.С.,Новосибирск,Спорт,Коврик для йоги,3,2815.2,0.28,8445.599999999999,2364.768,6080.8319999999985,2025-11
2025-11-15,Петрова М.В.,Казань,Продукты,Шоколад,7,140.76,0.44,985.3199999999999,433.5408,551.7792,2025-11
2025-11-15,Сидоров К.Д.,Самара,Продукты,Гречка,16,78.14,0.5,1250.24,625.12,625.12,2025-11
2025-11-15,Петрова М.В.,Ростов-на-Дону,Книги,Детектив,15,569.4,0.44,8541.0,3758.04,4782.96,2025-11
2025-11-16,Петрова М.В.,Омск,Косметика,Шампунь,19,527.51,0.33,10022.69,3307.4877,6715.202300000001,2025-11
2025-11-16,Кузнецов П.Р.,Москва,Электроника,Умные часы,5,19153.95,0.13,95769.75,12450.067500000001,83319.6825,2025-11
2025-11-16,Петрова М.В.,Москва,Автотовары,Держатель для телефона,14,791.78,0.23,11084.92,2549.5316000000003,8535.3884,2025-11
2025-11-16,Сидоров К.Д.,Нижний Новгород,Одежда,Платье,6,5562.32,0.34,33373.92,11347.1328,22026.7872,2025-11
2025-11-17,Смирнова Е.А.,Москва,Одежда,Платье,4,5733.87,0.34,22935.48,7798.0632000000005,15137.416799999999,2025-11
2025-11-17,Кузнецов П.Р.,Санкт-Петербург,Одежда,Кроссовки,10,6042.67,0.38,60426.7,22962.146,37464.554,2025-11
2025-11-17,Сидоров К.Д.,Омск,Спорт,Фитнес-браслет,13,4544.29,0.35,59075.77,20676.5195,38399.250499999995,2025-11
2025-11-17,Сидоров К.Д.,Москва,Спорт,Коврик для йоги,6,2144.52,0.29,12867.119999999999,3731.4647999999993,9135.6552,2025-11
2025-11-18,Петрова М.В.,Самара,Спорт,Бутылка для воды,14,888.66,0.35,12441.24,4354.433999999999,8086.8060000000005,2025-11
2025-11-18,Сидоров К.Д.,Екатеринбург,Косметика,Парфюм,6,3894.72,0.28,23368.32,6543.1296,16825.1904,2025-11
2025-11-18,Смирнова Е.А.,Омск,Спорт,Коврик для йоги,15,2146.0,0.36,32190.0,11588.4,20601.6,2025-11
2025-11-18,Петрова М.В.,Москва,Косметика,Маска для волос,8,926.01,0.31,7408.08,2296.5048,5111.575199999999,2025-11
2025-11-19,Кузнецов П.Р.,Ростов-на-Дону,Электроника,Ноутбук,5,82955.89,0.13,414779.45,53921.3285,360858.1215,2025-11
2025-11-19,Смирнова Е.А.,Самара,Одежда,Футболка,4,1545.21,0.32,6180.84,1977.8688000000002,4202.9712,2025-11
2025-11-19,Смирнова Е.А.,Челябинск,Продукты,Оливковое масло,16,1774.16,0.5,28386.56,14193.28,14193.28,2025-11
2025-11-20,Сидоров К.Д.,Москва,Книги,Художественная литература,17,781.5,0.44,13285.5,5845.62,7439.88,2025-11
2025-11-20,Смирнова Е.А.,Нижний Новгород,Продукты,Оливковое масло,3,1876.08,0.42,5628.24,2363.8608,3264.3792,2025-11
2025-11-20,Сидоров К.Д.,Санкт-Петербург,Дом и сад,Робот-пылесос,3,28390.44,0.25,85171.31999999999,21292.829999999998,63878.48999999999,2025-11
2025-11-20,Петрова М.В.,Санкт-Петербург,Одежда,Джинсы,13,4421.05,0.4,57473.65,22989.460000000003,34484.19,2025-11
2025-11-20,Кузнецов П.Р.,Санкт-Петербург,Дом и сад,Набор посуды,15,7810.35,0.27,117155.25,31631.917500000003,85523.33249999999,2025-11
2025-11-21,Петрова М.В.,Санкт-Петербург,Спорт,Гантели,5,3160.97,0.31,15804.849999999999,4899.5035,10905.3465,2025-11
2025-11-21,Иванов А.С.,Москва,Дом и сад,Чайник,11,3320.93,0.28,36530.229999999996,10228.464399999999,26301.7656,2025-11
2025-11-21,Петрова М.В.,Челябинск,Дом и сад,Робот-пылесос,4,21685.48,0.23,86741.92,19950.6416,66791.2784,2025-11
2025-11-22,Сидоров К.Д.,Казань,Косметика,Маска для волос,7,1022.64,0.31,7158.48,2219.1288,4939.351199999999,2025-11
2025-11-23,Смирнова Е.А.,Ростов-на-Дону,Продукты,Кофе зерновой,20,1151.17,0.5,23023.4,11511.7,11511.7,2025-11
2025-11-23,Смирнова Е.А.,Нижний Новгород,Косметика,Гель для душа,7,348.12,0.28,2436.84,682.3152000000001,1754.5248000000001,2025-11
2025-11-23,Кузнецов П.Р.,Санкт-Петербург,Косметика,Шампунь,19,546.57,0.33,10384.830000000002,3426.993900000001,6957.8361,2025-11
2025-11-25,Кузнецов П.Р.,Екатеринбург,Косметика,Маска для волос,7,904.38,0.3,6330.66,1899.1979999999999,4431.4619999999995,2025-11
2025-11-25,Сидоров К.Д.,Нижний Новгород,Электроника,Ноутбук,5,79175.77,0.15,395878.85000000003,59381.8275,336497.0225,2025-11
2025-11-25,Петрова М.В.,Челябинск,Дом и сад,Чайник,9,2878.55,0.24,25906.95,6217.668,19689.282,2025-11
2025-11-26,Кузнецов П.Р.,Омск,Продукты,Гречка,9,102.55,0.46,922.9499999999999,424.55699999999996,498.393,2025-11
2025-11-26,Иванов А.С.,Казань,Продукты,Оливковое масло,17,1868.92,0.49,31771.64,15568.103599999999,16203.5364,2025-11
2025-11-26,Петрова М.В.,Санкт-Петербург,Спорт,Гантели,16,3946.03,0.35,63136.48,22097.768,41038.712,2025-11
2025-11-27,Кузнецов П.Р.,Казань,Продукты,Оливковое масло,15,1976.68,0.47,29650.2,13935.594,15714.606000000002,2025-11
2025-11-27,Иванов А.С.,Челябинск,Книги,Художественная литература,5,627.01,0.38,3135.05,1191.3190000000002,1943.731,2025-11
2025-11-28,Петрова М.В.,Казань,Электроника,Ноутбук,5,89392.44,0.14,446962.2,62574.708000000006,384387.492,2025-11
2025-11-28,Сидоров К.Д.,Нижний Новгород,Автотовары,Держатель для телефона,8,778.9,0.17,6231.2,1059.304,5171.896,2025-11
2025-11-28,Кузнецов П.Р.,Санкт-Петербург,Дом и сад,Набор посуды,8,7540.93,0.23,60327.44,13875.311200000002,46452.1288,2025-11
2025-11-28,Иванов А.С.,Ростов-на-Дону,Электроника,Умная колонка,14,11563.34,0.2,161886.76,32377.352000000003,129509.40800000001,2025-11
2025-11-28,Петрова М.В.,Казань,Косметика,Шампунь,19,580.33,0.35,11026.27,3859.1945,7167.075500000001,2025-11
2025-11-29,Иванов А.С.,Челябинск,Автотовары,Органайзер,16,1815.96,0.26,29055.36,7554.3936,21500.9664,2025-11
2025-11-29,Петрова М.В.,Ростов-на-Дону,Автотовары,Держатель для телефона,2,737.4,0.17,1474.8,250.716,1224.0839999999998,2025-11
2025-11-29,Иванов А.С.,Челябинск,Книги,Детектив,11,558.12,0.46,6139.32,2824.0872,3315.2327999999998,2025-11
2025-11-30,Иванов А.С.,Екатеринбург,Автотовары,Щетка для снега,9,1178.81,0.2,10609.289999999999,2121.8579999999997,8487.431999999999,2025-11
2025-11-30,Смирнова Е.А.,Санкт-Петербург,Автотовары,Держатель для телефона,19,782.46,0.23,14866.740000000002,3419.3502000000003,11447.3898,2025-11
2025-11-30,Иванов А.С.,Ростов-на-Дону,Одежда,Кроссовки,7,6726.89,0.34,47088.23,16009.998200000002,31078.2318,2025-11
2025-11-30,Иванов А.С.,Санкт-Петербург,Книги,Бизнес,11,982.68,0.42,10809.48,4539.9816,6269.4983999999995,2025-11
2025-11-30,Сидоров К.Д.,Омск,Косметика,Маска для волос,3,994.74,0.28,2984.2200000000003,835.5816000000001,2148.6384000000003,2025-11
2025-11-30,Кузнецов П.Р.,Самара,Дом и сад,Садовый шланг,19,2198.65,0.32,41774.35,13367.792,28406.557999999997,2025-11
2025-11-30,Сидоров К.Д.,Нижний Новгород,Одежда,Футболка,3,1683.67,0.33,5051.01,1666.8333000000002,3384.1767,2025-11
2025-12-01,Иванов А.С.,Омск,Спорт,Гантели,13,3533.64,0.35,45937.32,16078.061999999998,29859.258,2025-12
2025-12-01,Иванов А.С.,Омск,Одежда,Джинсы,15,4169.0,0.4,62535.0,25014.0,37521.0,2025-12
2025-12-02,Сидоров К.Д.,Новосибирск,Электроника,Ноутбук,11,76982.3,0.21,846805.3,177829.113,668976.187,2025-12
2025-12-02,Кузнецов П.Р.,Самара,Дом и сад,Чайник,2,3222.28,0.26,6444.56,1675.5856,4768.9744,2025-12
2025-12-03,Петрова М.В.,Екатеринбург,Одежда,Джинсы,16,5091.01,0.41,81456.16,33397.0256,48059.1344,2025-12
2025-12-03,Петрова М.В.,Ростов-на-Дону,Дом и сад,Увлажнитель воздуха,7,4285.99,0.24,30001.93,7200.4632,22801.466800000002,2025-12
2025-12-03,Петрова М.В.,Омск,Косметика,Гель для душа,13,375.65,0.34,4883.45,1660.373,3223.0769999999998,2025-12
2025-12-03,Сидоров К.Д.,Нижний Новгород,Дом и сад,Увлажнитель воздуха,6,4452.31,0.25,26713.86,6678.465,20035.395,2025-12
2025-12-03,Иванов А.С.,Нижний Новгород,Книги,Комикс,2,520.75,0.39,1041.5,406.185,635.315,2025-12
2025-12-04,Петрова М.В.,Челябинск,Электроника,Ноутбук,19,88925.56,0.21,1689585.64,354812.98439999996,1334772.6556,2025-12
2025-12-04,Кузнецов П.Р.,Москва,Спорт,Бутылка для воды,14,853.64,0.33,11950.96,3943.8168,8007.143199999999,2025-12
2025-12-04,Смирнова Е.А.,Челябинск,Книги,Комикс,6,439.4,0.4,2636.3999999999996,1054.56,1581.8399999999997,2025-12
2025-12-04,Иванов А.С.,Новосибирск,Одежда,Джинсы,1,4673.25,0.35,4673.25,1635.6374999999998,3037.6125,2025-12
2025-12-04,Кузнецов П.Р.,Санкт-Петербург,Спорт,Гантели,3,3815.17,0.31,11445.51,3548.1081,7897.401900000001,2025-12
2025-12-04,Сидоров К.Д.,Челябинск,Книги,Художественная литература,7,628.19,0.4,4397.33,1758.932,2638.398,2025-12
2025-12-05,Петрова М.В.,Нижний Новгород,Одежда,Куртка,7,9696.18,0.34,67873.26000000001,23076.908400000004,44796.35160000001,2025-12
2025-12-05,Иванов А.С.,Казань,Электроника,Ноутбук,10,79049.82,0.19,790498.2000000001,150194.65800000002,640303.542,2025-12
2025-12-07,Сидоров К.Д.,Ростов-на-Дону,Спорт,Коврик для йоги,17,2568.51,0.36,43664.670000000006,15719.281200000001,27945.388800000004,2025-12
2025-12-08,Кузнецов П.Р.,Ростов-на-Дону,Автотовары,Органайзер,14,1941.18,0.23,27176.52,6250.5996000000005,20925.9204,2025-12
2025-12-09,Сидоров К.Д.,Москва,Косметика,Шампунь,17,574.73,0.37,9770.41,3615.0517,6155.3583,2025-12
2025-12-09,Сидоров К.Д.,Санкт-Петербург,Электроника,Умные часы,11,20280.47,0.21,223085.17,46847.8857,176237.2843,2025-12
2025-12-09,Петрова М.В.,Челябинск,Продукты,Шоколад,5,134.25,0.45,671.25,302.0625,369.1875,2025-12
2025-12-09,Иванов А.С.,Нижний Новгород,Одежда,Платье,18,4845.67,0.37,87222.06,32272.1622,54949.8978,2025-12
2025-12-10,Кузнецов П.Р.,Санкт-Петербург,Косметика,Шампунь,1,657.48,0.31,657.48,203.8188,453.6612,2025-12
2025-12-10,Смирнова Е.А.,Москва,Спорт,Коврик для йоги,6,2678.79,0.28,16072.74,4500.367200000001,11572.3728,2025-12
2025-12-10,Смирнова Е.А.,Казань,Автотовары,Органайзер,15,1740.95,0.25,26114.25,6528.5625,19585.6875,2025-12
2025-12-10,Смирнова Е.А.,Екатеринбург,Косметика,Парфюм,18,4144.04,0.34,74592.72,25361.524800000003,49231.1952,2025-12
2025-12-10,Петрова М.В.,Казань,Электроника,Смартфон,2,46971.14,0.13,93942.28,12212.4964,81729.7836,2025-12
2025-12-11,Сидоров К.Д.,Челябинск,Косметика,Парфюм,15,4295.97,0.34,64439.55,21909.447000000004,42530.103,2025-12
2025-12-11,Смирнова Е.А.,Санкт-Петербург,Одежда,Кроссовки,12,5720.04,0.4,68640.48,27456.192,41184.288,2025-12
2025-12-12,Петрова М.В.,Челябинск,Одежда,Кроссовки,17,6543.09,0.38,111232.53,42268.3614,68964.1686,2025-12
2025-12-13,Кузнецов П.Р.,Екатеринбург,Электроника,Умная колонка,7,10348.57,0.16,72439.98999999999,11590.398399999998,60849.59159999999,2025-12
2025-12-13,Петрова М.В.,Челябинск,Одежда,Футболка,6,1673.9,0.35,10043.400000000001,3515.1900000000005,6528.210000000001,2025-12
2025-12-14,Сидоров К.Д.,Санкт-Петербург,Косметика,Шампунь,11,543.04,0.35,5973.44,2090.7039999999997,3882.736,2025-12
2025-12-14,Петрова М.В.,Нижний Новгород,Книги,Бизнес,12,944.44,0.43,11333.28,4873.3104,6459.9696,2025-12
2025-12-14,Кузнецов П.Р.,Екатеринбург,Одежда,Футболка,3,1566.92,0.35,4700.76,1645.266,3055.494,2025-12
2025-12-14,Смирнова Е.А.,Екатеринбург,Одежда,Платье,4,5605.96,0.36,22423.84,8072.582399999999,14351.2576,2025-12
2025-12-14,Смирнова Е.А.,Новосибирск,Косметика,Парфюм,17,4463.84,0.35,75885.28,26559.847999999998,49325.432,2025-12
2025-12-14,Иванов А.С.,Омск,Книги,Художественная литература,10,757.98,0.46,7579.8,3486.708,4093.092,2025-12
2025-12-15,Сидоров К.Д.,Ростов-на-Дону,Электроника,Умные часы,18,20621.12,0.22,371180.16,81659.63519999999,289520.5248,2025-12
2025-12-15,Кузнецов П.Р.,Москва,Книги,Фантастика,17,806.27,0.46,13706.59,6305.031400000001,7401.558599999999,2025-12
2025-12-15,Петрова М.В.,Санкт-Петербург,Одежда,Кроссовки,13,5895.49,0.38,76641.37,29123.720599999997,47517.649399999995,2025-12
2025-12-15,Сидоров К.Д.,Санкт-Петербург,Продукты,Сыр,11,1594.81,0.5,17542.91,8771.455,8771.455,2025-12
2025-12-16,Сидоров К.Д.,Санкт-Петербург,Одежда,Кроссовки,4,7147.91,0.34,28591.64,9721.1576,18870.4824,2025-12
2025-12-16,Смирнова Е.А.,Челябинск,Косметика,Маска для волос,7,933.59,0.31,6535.13,2025.8903,4509.2397,2025-12
2025-12-17,Сидоров К.Д.,Нижний Новгород,Электроника,Смартфон,15,45900.01,0.21,688500.15,144585.0315,543915.1185,2025-12
2025-12-18,Смирнова Е.А.,Санкт-Петербург,Продукты,Оливковое масло,16,1721.66,0.49,27546.56,13497.814400000001,14048.7456,2025-12
2025-12-18,Кузнецов П.Р.,Ростов-на-Дону,Одежда,Платье,1,5682.34,0.33,5682.34,1875.1722000000002,3807.1678,2025-12
2025-12-19,Иванов А.С.,Ростов-на-Дону,Дом и сад,Увлажнитель воздуха,20,5430.49,0.35,108609.79999999999,38013.42999999999,70596.37,2025-12
2025-12-20,Сидоров К.Д.,Самара,Электроника,Беспроводные наушники,14,6814.24,0.21,95399.36,20033.8656,75365.4944,2025-12
2025-12-20,Кузнецов П.Р.,Ростов-на-Дону,Косметика,Маска для волос,13,982.73,0.33,12775.49,4215.911700000001,8559.5783,2025-12
2025-12-20,Кузнецов П.Р.,Новосибирск,Одежда,Джинсы,7,4707.13,0.35,32949.91,11532.4685,21417.4415,2025-12
2025-12-20,Смирнова Е.А.,Екатеринбург,Косметика,Маска для волос,20,790.94,0.37,15818.800000000001,5852.956,9965.844000000001,2025-12
2025-12-21,Кузнецов П.Р.,Москва,Спорт,Мяч,14,914.3,0.33,12800.199999999999,4224.066,8576.133999999998,2025-12
2025-12-21,Кузнецов П.Р.,Челябинск,Книги,Фантастика,1,862.46,0.37,862.46,319.1102,543.3498,2025-12
2025-12-22,Петрова М.В.,Самара,Одежда,Куртка,16,9159.47,0.42,146551.52,61551.638399999996,84999.8816,2025-12
2025-12-23,Иванов А.С.,Челябинск,Одежда,Футболка,8,1305.87,0.35,10446.96,3656.4359999999992,6790.523999999999,2025-12
2025-12-24,Кузнецов П.Р.,Самара,Продукты,Кофе зерновой,4,1110.4,0.46,4441.6,2043.1360000000002,2398.464,2025-12
2025-12-24,Сидоров К.Д.,Ростов-на-Дону,Книги,Художественная литература,12,719.12,0.45,8629.44,3883.2480000000005,4746.192,2025-12
2025-12-25,Кузнецов П.Р.,Нижний Новгород,Продукты,Гречка,8,89.02,0.45,712.16,320.472,391.688,2025-12
2025-12-25,Петрова М.В.,Санкт-Петербург,Автотовары,Ароматизатор,11,439.61,0.23,4835.71,1112.2133000000001,3723.4966999999997,2025-12
2025-12-25,Иванов А.С.,Санкт-Петербург,Косметика,Гель для душа,17,426.85,0.33,7256.450000000001,2394.6285000000003,4861.8215,2025-12
2025-12-25,Смирнова Е.А.,Омск,Продукты,Гречка,6,79.25,0.45,475.5,213.975,261.525,2025-12
2025-12-26,Иванов А.С.,Новосибирск,Электроника,Умные часы,5,23866.06,0.13,119330.3,15512.939,103817.361,2025-12
2025-12-26,Иванов А.С.,Казань,Автотовары,Щетка для снега,2,1289.2,0.21,2578.4,541.464,2036.9360000000001,2025-12
2025-12-26,Сидоров К.Д.,Казань,Электроника,Беспроводные наушники,15,8028.39,0.22,120425.85,26493.687,93932.163,2025-12
2025-12-26,Кузнецов П.Р.,Казань,Дом и сад,Чайник,13,2786.2,0.27,36220.6,9779.562,26441.038,2025-12
2025-12-26,Иванов А.С.,Екатеринбург,Дом и сад,Робот-пылесос,6,27878.33,0.27,167269.98,45162.89460000001,122107.08540000001,2025-12
2025-12-26,Иванов А.С.,Москва,Автотовары,Органайзер,19,1974.08,0.24,37507.52,9001.804799999998,28505.7152,2025-12
2025-12-27,Петрова М.В.,Санкт-Петербург,Косметика,Шампунь,7,543.67,0.3,3805.6899999999996,1141.7069999999999,2663.9829999999997,2025-12
2025-12-27,Иванов А.С.,Новосибирск,Дом и сад,Садовый шланг,10,2123.92,0.29,21239.2,6159.3679999999995,15079.832000000002,2025-12
2025-12-27,Смирнова Е.А.,Самара,Одежда,Джинсы,20,4327.77,0.42,86555.40000000001,36353.268000000004,50202.132000000005,2025-12
2025-12-27,Иванов А.С.,Нижний Новгород,Электроника,Умная колонка,4,12438.78,0.13,49755.12,6468.1656,43286.9544,2025-12
2025-12-27,Сидоров К.Д.,Новосибирск,Автотовары,Органайзер,3,1812.41,0.21,5437.2300000000005,1141.8183000000001,4295.411700000001,2025-12
2025-12-27,Кузнецов П.Р.,Казань,Книги,Художественная литература,13,646.97,0.46,8410.61,3868.8806000000004,4541.7294,2025-12
2025-12-28,Смирнова Е.А.,Нижний Новгород,Книги,Комикс,10,431.83,0.44,4318.3,1900.0520000000001,2418.248,2025-12
2025-12-29,Петрова М.В.,Екатеринбург,Косметика,Крем для лица,5,1342.11,0.3,6710.549999999999,2013.1649999999997,4697.384999999999,2025-12
2025-12-29,Сидоров К.Д.,Екатеринбург,Одежда,Платье,7,4779.07,0.32,33453.49,10705.1168,22748.373199999998,2025-12
2025-12-29,Петрова М.В.,Ростов-на-Дону,Продукты,Кофе зерновой,6,1320.51,0.47,7923.0599999999995,3723.8381999999997,4199.221799999999,2025-12
2025-12-29,Иванов А.С.,Самара,Автотовары,Органайзер,16,1683.7,0.26,26939.2,7004.192,19935.008,2025-12
2025-12-30,Петрова М.В.,Новосибирск,Косметика,Маска для волос,17,806.26,0.35,13706.42,4797.246999999999,8909.173,2025-12
2025-12-30,Смирнова Е.А.,Санкт-Петербург,Продукты,Кофе зерновой,3,1267.26,0.46,3801.7799999999997,1748.8188,2052.9611999999997,2025-12
2025-12-30,Петрова М.В.,Нижний Новгород,Дом и сад,Чайник,16,3193.91,0.27,51102.56,13797.691200000001,37304.8688,2025-12
2025-12-31,Кузнецов П.Р.,Челябинск,Дом и сад,Чайник,18,3135.8,0.3,56444.4,16933.32,39511.08,2025-12
2025-12-31,Петрова М.В.,Новосибирск,Книги,Бизнес,3,983.16,0.37,2949.48,1091.3076,1858.1724,2025-12
2026-01-01,Петрова М.В.,Самара,Электроника,Умная колонка,1,11480.47,0.17,11480.47,1951.6799,9528.790099999998,2026-01
2026-01-01,Кузнецов П.Р.,Омск,Электроника,Умная колонка,9,11886.27,0.15,106976.43000000001,16046.4645,90929.9655,2026-01
2026-01-01,Сидоров К.Д.,Ростов-на-Дону,Косметика,Маска для волос,11,885.23,0.35,9737.53,3408.1355,6329.3945,2026-01
2026-01-02,Смирнова Е.А.,Новосибирск,Книги,Бизнес,5,965.18,0.39,4825.9,1882.1009999999999,2943.799,2026-01
2026-01-02,Кузнецов П.Р.,Ростов-на-Дону,Книги,Художественная литература,3,613.54,0.38,1840.62,699.4356,1141.1843999999999,2026-01
2026-01-03,Иванов А.С.,Омск,Одежда,Платье,11,4957.62,0.42,54533.82,22904.2044,31629.6156,2026-01
2026-01-04,Петрова М.В.,Самара,Одежда,Джинсы,20,4128.43,0.41,82568.6,33853.126000000004,48715.474,2026-01
2026-01-04,Петрова М.В.,Екатеринбург,Одежда,Футболка,11,1440.09,0.42,15840.99,6653.2158,9187.7742,2026-01
2026-01-05,Петрова М.В.,Казань,Дом и сад,Увлажнитель воздуха,15,5699.65,0.29,85494.75,24793.477499999997,60701.27250000001,2026-01
2026-01-05,Кузнецов П.Р.,Челябинск,Дом и сад,Увлажнитель воздуха,8,5040.84,0.26,40326.72,10484.9472,29841.7728,2026-01
2026-01-05,Петрова М.В.,Санкт-Петербург,Одежда,Платье,17,5669.69,0.38,96384.73,36626.1974,59758.5326,2026-01
2026-01-05,Кузнецов П.Р.,Нижний Новгород,Спорт,Бутылка для воды,1,874.41,0.29,874.41,253.57889999999998,620.8311,2026-01
2026-01-06,Иванов А.С.,Челябинск,Продукты,Кофе зерновой,20,1137.24,0.5,22744.8,11372.4,11372.4,2026-01
2026-01-07,Смирнова Е.А.,Челябинск,Спорт,Фитнес-браслет,1,4026.2,0.27,4026.2,1087.074,2939.1259999999997,2026-01
2026-01-07,Смирнова Е.А.,Москва,Одежда,Куртка,11,8962.21,0.4,98584.31,39433.724,59150.585999999996,2026-01
2026-01-07,Иванов А.С.,Омск,Дом и сад,Набор посуды,19,7948.15,0.31,151014.85,46814.603500000005,104200.24650000001,2026-01
2026-01-07,Петрова М.В.,Санкт-Петербург,Спорт,Бутылка для воды,16,901.69,0.35,14427.04,5049.464,9377.576000000001,2026-01
2026-01-08,Петрова М.В.,Омск,Одежда,Футболка,2,1278.85,0.36,2557.7,920.7719999999999,1636.9279999999999,2026-01
2026-01-08,Смирнова Е.А.,Челябинск,Автотовары,Держатель для телефона,3,634.15,0.18,1902.4499999999998,342.441,1560.0089999999998,2026-01
2026-01-08,Иванов А.С.,Ростов-на-Дону,Дом и сад,Увлажнитель воздуха,10,4455.65,0.3,44556.5,13366.949999999999,31189.550000000003,2026-01
2026-01-09,Смирнова Е.А.,Челябинск,Косметика,Крем для лица,18,1635.88,0.36,29445.840000000004,10600.502400000001,18845.337600000003,2026-01
2026-01-09,Сидоров К.Д.,Казань,Одежда,Джинсы,3,4186.46,0.33,12559.380000000001,4144.5954,8414.7846,2026-01
2026-01-09,Сидоров К.Д.,Нижний Новгород,Одежда,Кроссовки,4,6678.24,0.36,26712.96,9616.665599999998,17096.2944,2026-01
2026-01-09,Петрова М.В.,Самара,Автотовары,Органайзер,18,1934.22,0.23,34815.96,8007.6708,26808.2892,2026-01
2026-01-10,Сидоров К.Д.,Нижний Новгород,Продукты,Сыр,20,1549.67,0.5,30993.4,15496.7,15496.7,2026-01
2026-01-10,Петрова М.В.,Омск,Спорт,Мяч,15,820.07,0.33,12301.050000000001,4059.3465000000006,8241.7035,2026-01
2026-01-11,Смирнова Е.А.,Москва,Одежда,Джинсы,2,4603.22,0.37,9206.44,3406.3828000000003,5800.0572,2026-01
2026-01-12,Иванов А.С.,Новосибирск,Книги,Бизнес,5,963.48,0.41,4817.4,1975.1339999999998,2842.2659999999996,2026-01
2026-01-12,Кузнецов П.Р.,Москва,Автотовары,Ароматизатор,16,359.02,0.25,5744.32,1436.08,4308.24,2026-01
2026-01-13,Сидоров К.Д.,Челябинск,Книги,Художественная литература,3,762.49,0.38,2287.4700000000003,869.2386000000001,1418.2314000000001,2026-01
2026-01-13,Иванов А.С.,Омск,Электроника,Беспроводные наушники,15,8207.94,0.22,123119.1,27086.202,96032.898,2026-01
2026-01-13,Сидоров К.Д.,Москва,Спорт,Гантели,13,3783.62,0.34,49187.06,16723.6004,32463.4596,2026-01
2026-01-13,Сидоров К.Д.,Ростов-на-Дону,Спорт,Коврик для йоги,1,2724.92,0.28,2724.92,762.9776,1961.9424,2026-01
2026-01-13,Иванов А.С.,Омск,Дом и сад,Набор посуды,16,7434.04,0.31,118944.64,36872.8384,82071.8016,2026-01
2026-01-14,Кузнецов П.Р.,Ростов-на-Дону,Косметика,Парфюм,13,4979.72,0.36,64736.36,23305.0896,41431.2704,2026-01
2026-01-15,Смирнова Е.А.,Новосибирск,Автотовары,Ароматизатор,12,426.94,0.27,5123.28,1383.2856,3739.9943999999996,2026-01
2026-01-15,Сидоров К.Д.,Ростов-на-Дону,Спорт,Гантели,3,3798.11,0.27,11394.33,3076.4691000000003,8317.8609,2026-01
2026-01-17,Смирнова Е.А.,Омск,Электроника,Ноутбук,8,92379.18,0.15,739033.44,110855.01599999999,628178.424,2026-01
2026-01-17,Сидоров К.Д.,Казань,Спорт,Мяч,8,847.08,0.27,6776.64,1829.6928000000003,4946.9472000000005,2026-01
2026-01-17,Кузнецов П.Р.,Москва,Электроника,Ноутбук,2,95614.91,0.16,191229.82,30596.771200000003,160633.0488,2026-01
2026-01-17,Петрова М.В.,Ростов-на-Дону,Косметика,Крем для лица,14,1372.51,0.33,19215.14,6340.9962000000005,12874.143799999998,2026-01
2026-01-18,Иванов А.С.,Екатеринбург,Электроника,Умная колонка,16,11422.75,0.22,182764.0,40208.08,142555.91999999998,2026-01
2026-01-18,Петрова М.В.,Челябинск,Электроника,Умная колонка,18,11614.11,0.21,209053.98,43901.3358,165152.6442,2026-01
2026-01-18,Смирнова Е.А.,Новосибирск,Автотовары,Ароматизатор,7,369.92,0.22,2589.44,569.6768000000001,2019.7631999999999,2026-01
2026-01-19,Петрова М.В.,Казань,Автотовары,Ароматизатор,15,455.05,0.23,6825.75,1569.9225000000001,5255.827499999999,2026-01
2026-01-19,Кузнецов П.Р.,Новосибирск,Книги,Детектив,1,706.36,0.39,706.36,275.48040000000003,430.8796,2026-01
2026-01-19,Смирнова Е.А.,Ростов-на-Дону,Спорт,Мяч,11,874.06,0.34,9614.66,3268.9844000000003,6345.6756,2026-01
2026-01-20,Сидоров К.Д.,Казань,Косметика,Парфюм,5,5014.61,0.31,25073.05,7772.6455,17300.4045,2026-01
2026-01-20,Сидоров К.Д.,Екатеринбург,Книги,Детектив,5,705.36,0.41,3526.8,1445.988,2080.812,2026-01
2026-01-20,Иванов А.С.,Омск,Автотовары,Видеорегистратор,10,5994.27,0.25,59942.700000000004,14985.675000000001,44957.025,2026-01
2026-01-21,Сидоров К.Д.,Санкт-Петербург,Спорт,Мяч,19,886.95,0.34,16852.05,5729.697,11122.353,2026-01
2026-01-21,Кузнецов П.Р.,Новосибирск,Косметика,Шампунь,11,669.35,0.35,7362.85,2576.9975,4785.852500000001,2026-01
2026-01-21,Смирнова Е.А.,Ростов-на-Дону,Спорт,Бутылка для воды,18,937.64,0.35,16877.52,5907.132,10970.388,2026-01
2026-01-22,Иванов А.С.,Ростов-на-Дону,Косметика,Парфюм,2,4764.04,0.29,9528.08,2763.1432,6764.9367999999995,2026-01
2026-01-22,Смирнова Е.А.,Новосибирск,Дом и сад,Набор посуды,5,7736.69,0.26,38683.45,10057.697,28625.752999999997,2026-01
2026-01-23,Кузнецов П.Р.,Казань,Спорт,Коврик для йоги,9,2271.27,0.32,20441.43,6541.2576,13900.1724,2026-01
2026-01-23,Смирнова Е.А.,Нижний Новгород,Автотовары,Щетка для снега,13,1300.67,0.23,16908.71,3889.0033,13019.706699999999,2026-01
2026-01-23,Иванов А.С.,Санкт-Петербург,Одежда,Куртка,11,10275.0,0.4,113025.0,45210.0,67815.0,2026-01
2026-01-24,Иванов А.С.,Челябинск,Одежда,Джинсы,8,5146.8,0.36,41174.4,14822.784,26351.616,2026-01
2026-01-24,Смирнова Е.А.,Москва,Спорт,Фитнес-браслет,6,4280.66,0.31,25683.96,7962.027599999999,17721.932399999998,2026-01
2026-01-24,Смирнова Е.А.,Нижний Новгород,Электроника,Смартфон,1,41478.89,0.13,41478.89,5392.2557,36086.6343,2026-01
2026-01-25,Иванов А.С.,Екатеринбург,Дом и сад,Садовый шланг,6,2080.06,0.26,12480.36,3244.8936000000003,9235.466400000001,2026-01
2026-01-26,Кузнецов П.Р.,Омск,Одежда,Джинсы,1,4976.19,0.35,4976.19,1741.6664999999998,3234.5235,2026-01
2026-01-27,Кузнецов П.Р.,Самара,Одежда,Кроссовки,17,5688.26,0.41,96700.42,39647.17219999999,57053.247800000005,2026-01
2026-01-28,Петрова М.В.,Москва,Косметика,Шампунь,8,526.15,0.3,4209.2,1262.76,2946.4399999999996,2026-01
2026-01-28,Смирнова Е.А.,Москва,Одежда,Джинсы,7,4101.01,0.36,28707.07,10334.545199999999,18372.5248,2026-01
2026-01-28,Сидоров К.Д.,Казань,Одежда,Платье,18,5011.02,0.4,90198.36000000002,36079.344000000005,54119.01600000001,2026-01
2026-01-28,Смирнова Е.А.,Новосибирск,Продукты,Шоколад,2,130.65,0.43,261.3,112.35900000000001,148.941,2026-01
2026-01-28,Смирнова Е.А.,Самара,Дом и сад,Увлажнитель воздуха,20,4372.95,0.34,87459.0,29736.06,57722.94,2026-01
2026-01-28,Сидоров К.Д.,Москва,Спорт,Фитнес-браслет,12,4505.24,0.35,54062.88,18922.007999999998,35140.872,2026-01
2026-01-30,Сидоров К.Д.,Ростов-на-Дону,Продукты,Кофе зерновой,1,1356.89,0.43,1356.89,583.4627,773.4273000000001,2026-01
2026-01-30,Сидоров К.Д.,Санкт-Петербург,Спорт,Гантели,8,3390.4,0.29,27123.2,7865.728,19257.472,2026-01
2026-01-30,Сидоров К.Д.,Екатеринбург,Автотовары,Видеорегистратор,3,7082.8,0.19,21248.4,4037.1960000000004,17211.204,2026-01
2026-01-30,Петрова М.В.,Самара,Дом и сад,Робот-пылесос,3,28133.47,0.25,84400.41,21100.1025,63300.3075,2026-01
2026-01-30,Петрова М.В.,Казань,Автотовары,Видеорегистратор,18,7706.69,0.26,138720.41999999998,36067.309199999996,102653.1108,2026-01
2026-01-30,Кузнецов П.Р.,Новосибирск,Продукты,Оливковое масло,9,1990.58,0.44,17915.22,7882.696800000001,10032.5232,2026-01
2026-01-31,Петрова М.В.,Новосибирск,Косметика,Маска для волос,9,879.35,0.3,7914.150000000001,2374.245,5539.905000000001,2026-01
2026-01-31,Кузнецов П.Р.,Челябинск,Электроника,Ноутбук,2,96816.53,0.16,193633.06,30981.2896,162651.7704,2026-01
2026-01-31,Смирнова Е.А.,Ростов-на-Дону,Косметика,Парфюм,8,4970.7,0.31,39765.6,12327.336,27438.264,2026-01
2026-02-01,Петрова М.В.,Екатеринбург,Продукты,Кофе зерновой,12,1083.38,0.5,13000.560000000001,6500.280000000001,6500.280000000001,2026-02
2026-02-01,Сидоров К.Д.,Санкт-Петербург,Продукты,Сыр,9,1764.87,0.42,15883.829999999998,6671.208599999999,9212.6214,2026-02
2026-02-01,Кузнецов П.Р.,Челябинск,Продукты,Оливковое масло,9,1839.86,0.42,16558.739999999998,6954.670799999999,9604.069199999998,2026-02
2026-02-01,Смирнова Е.А.,Екатеринбург,Дом и сад,Набор посуды,18,6110.43,0.28,109987.74,30796.567200000005,79191.1728,2026-02
2026-02-01,Иванов А.С.,Нижний Новгород,Дом и сад,Садовый шланг,16,1816.54,0.27,29064.64,7847.4528,21217.1872,2026-02
2026-02-01,Смирнова Е.А.,Екатеринбург,Электроника,Беспроводные наушники,9,9164.08,0.15,82476.72,12371.508,70105.212,2026-02
2026-02-02,Кузнецов П.Р.,Ростов-на-Дону,Продукты,Шоколад,2,130.42,0.43,260.84,112.1612,148.67879999999997,2026-02
2026-02-02,Петрова М.В.,Санкт-Петербург,Одежда,Футболка,7,1370.78,0.33,9595.46,3166.5018,6428.958199999999,2026-02
2026-02-02,Сидоров К.Д.,Екатеринбург,Дом и сад,Робот-пылесос,7,28641.55,0.22,200490.85,44107.987,156382.863,2026-02
2026-02-02,Смирнова Е.А.,Челябинск,Автотовары,Видеорегистратор,13,7799.22,0.26,101389.86,26361.3636,75028.4964,2026-02
2026-02-02,Иванов А.С.,Санкт-Петербург,Автотовары,Держатель для телефона,14,698.31,0.24,9776.34,2346.3215999999998,7430.018400000001,2026-02
2026-02-04,Сидоров К.Д.,Самара,Косметика,Парфюм,18,4960.39,0.34,89287.02,30357.586800000005,58929.4332,2026-02
2026-02-05,Кузнецов П.Р.,Самара,Книги,Детектив,2,634.43,0.42,1268.86,532.9211999999999,735.9388,2026-02
2026-02-05,Кузнецов П.Р.,Новосибирск,Автотовары,Видеорегистратор,2,6728.94,0.21,13457.88,2826.1548,10631.725199999999,2026-02
2026-02-05,Смирнова Е.А.,Новосибирск,Электроника,Умная колонка,1,12040.77,0.16,12040.77,1926.5232,10114.2468,2026-02
2026-02-05,Петрова М.В.,Санкт-Петербург,Продукты,Кофе зерновой,17,1168.14,0.5,19858.38,9929.19,9929.19,2026-02
2026-02-06,Смирнова Е.А.,Казань,Одежда,Джинсы,16,4173.36,0.41,66773.76,27377.241599999998,39396.5184,2026-02
2026-02-07,Иванов А.С.,Казань,Дом и сад,Увлажнитель воздуха,18,4557.64,0.27,82037.52,22150.130400000002,59887.3896,2026-02
2026-02-07,Сидоров К.Д.,Екатеринбург,Электроника,Умная колонка,1,11509.97,0.13,11509.97,1496.2961,10013.6739,2026-02
2026-02-08,Иванов А.С.,Екатеринбург,Дом и сад,Набор посуды,6,7777.3,0.26,46663.8,12132.588000000002,34531.212,2026-02
2026-02-08,Сидоров К.Д.,Новосибирск,Спорт,Коврик для йоги,6,2738.2,0.3,16429.199999999997,4928.759999999999,11500.439999999999,2026-02
2026-02-08,Кузнецов П.Р.,Нижний Новгород,Спорт,Коврик для йоги,3,2497.02,0.31,7491.0599999999995,2322.2286,5168.831399999999,2026-02
2026-02-08,Смирнова Е.А.,Санкт-Петербург,Спорт,Коврик для йоги,15,2659.5,0.34,39892.5,13563.45,26329.05,2026-02
2026-02-08,Петрова М.В.,Казань,Электроника,Умные часы,10,24743.56,0.2,247435.6,49487.12,197948.48,2026-02
2026-02-08,Сидоров К.Д.,Самара,Одежда,Футболка,11,1471.22,0.4,16183.42,6473.368,9710.052,2026-02
2026-02-09,Иванов А.С.,Екатеринбург,Автотовары,Ароматизатор,4,426.58,0.2,1706.32,341.264,1365.056,2026-02
2026-02-09,Смирнова Е.А.,Ростов-на-Дону,Продукты,Оливковое масло,11,1998.4,0.5,21982.4,10991.2,10991.2,2026-02
2026-02-09,Иванов А.С.,Омск,Косметика,Маска для волос,1,846.55,0.28,846.55,237.03400000000002,609.516,2026-02
2026-02-10,Иванов А.С.,Челябинск,Косметика,Маска для волос,7,945.89,0.32,6621.23,2118.7936,4502.4364,2026-02
2026-02-10,Иванов А.С.,Санкт-Петербург,Спорт,Фитнес-браслет,13,4599.35,0.34,59791.55,20329.127000000004,39462.422999999995,2026-02
2026-02-10,Кузнецов П.Р.,Челябинск,Дом и сад,Чайник,8,3290.39,0.23,26323.12,6054.3176,20268.8024,2026-02
2026-02-11,Смирнова Е.А.,Омск,Спорт,Мяч,12,818.18,0.36,9818.16,3534.5375999999997,6283.6224,2026-02
2026-02-12,Иванов А.С.,Санкт-Петербург,Продукты,Кофе зерновой,10,1292.11,0.5,12921.099999999999,6460.549999999999,6460.549999999999,2026-02
2026-02-12,Кузнецов П.Р.,Ростов-на-Дону,Электроника,Ноутбук,6,72352.64,0.14,434115.83999999997,60776.2176,373339.6224,2026-02
2026-02-12,Сидоров К.Д.,Санкт-Петербург,Электроника,Беспроводные наушники,10,8519.99,0.19,85199.9,16187.981,69011.919,2026-02
2026-02-13,Кузнецов П.Р.,Ростов-на-Дону,Книги,Бизнес,7,900.28,0.4,6301.96,2520.784,3781.176,2026-02
2026-02-13,Кузнецов П.Р.,Москва,Спорт,Бутылка для воды,8,858.16,0.3,6865.28,2059.584,4805.696,2026-02
2026-02-14,Смирнова Е.А.,Самара,Электроника,Ноутбук,9,85776.81,0.15,771991.29,115798.69350000001,656192.5965,2026-02
2026-02-14,Кузнецов П.Р.,Нижний Новгород,Спорт,Бутылка для воды,10,831.1,0.36,8311.0,2991.96,5319.04,2026-02
2026-02-14,Кузнецов П.Р.,Новосибирск,Дом и сад,Набор посуды,8,7393.84,0.22,59150.72,13013.1584,46137.5616,2026-02
2026-02-14,Петрова М.В.,Нижний Новгород,Продукты,Оливковое масло,18,1718.6,0.5,30934.8,15467.4,15467.4,2026-02
2026-02-14,Сидоров К.Д.,Екатеринбург,Косметика,Шампунь,17,672.39,0.34,11430.63,3886.4142,7544.215799999999,2026-02
2026-02-14,Петрова М.В.,Москва,Автотовары,Ароматизатор,6,400.05,0.2,2400.3,480.06000000000006,1920.2400000000002,2026-02
2026-02-14,Петрова М.В.,Санкт-Петербург,Одежда,Платье,19,6199.99,0.38,117799.81,44763.9278,73035.8822,2026-02
2026-02-15,Смирнова Е.А.,Казань,Электроника,Смартфон,8,44423.55,0.17,355388.4,60416.028000000006,294972.37200000003,2026-02
2026-02-15,Кузнецов П.Р.,Казань,Автотовары,Щетка для снега,1,1025.63,0.21,1025.63,215.38230000000001,810.2477000000001,2026-02
2026-02-16,Сидоров К.Д.,Ростов-на-Дону,Автотовары,Органайзер,19,1593.89,0.23,30283.910000000003,6965.2993000000015,23318.6107,2026-02
2026-02-16,Смирнова Е.А.,Челябинск,Электроника,Умная колонка,4,11765.85,0.13,47063.4,6118.242,40945.158,2026-02
2026-02-16,Сидоров К.Д.,Ростов-на-Дону,Одежда,Джинсы,15,3949.31,0.41,59239.65,24288.2565,34951.393500000006,2026-02
2026-02-17,Кузнецов П.Р.,Екатеринбург,Косметика,Гель для душа,16,423.68,0.35,6778.88,2372.6079999999997,4406.272000000001,2026-02
2026-02-17,Смирнова Е.А.,Москва,Электроника,Умные часы,16,22524.08,0.19,360385.28,68473.2032,291912.07680000004,2026-02
2026-02-17,Кузнецов П.Р.,Москва,Косметика,Маска для волос,2,848.52,0.31,1697.04,526.0824,1170.9576,2026-02
2026-02-17,Сидоров К.Д.,Москва,Книги,Бизнес,20,904.6,0.5,18092.0,9046.0,9046.0,2026-02
2026-02-17,Сидоров К.Д.,Челябинск,Косметика,Шампунь,4,594.54,0.29,2378.16,689.6664,1688.4935999999998,2026-02
2026-02-18,Смирнова Е.А.,Ростов-на-Дону,Продукты,Шоколад,3,132.93,0.44,398.79,175.4676,223.32240000000002,2026-02
2026-02-18,Смирнова Е.А.,Челябинск,Дом и сад,Садовый шланг,20,2058.18,0.33,41163.6,13583.988,27579.612,2026-02
2026-02-18,Кузнецов П.Р.,Нижний Новгород,Продукты,Сыр,9,1680.42,0.44,15123.78,6654.4632,8469.3168,2026-02
2026-02-19,Иванов А.С.,Челябинск,Книги,Фантастика,12,852.52,0.44,10230.24,4501.3056,5728.9344,2026-02
2026-02-19,Петрова М.В.,Нижний Новгород,Продукты,Сыр,19,1594.35,0.47,30292.649999999998,14237.545499999998,16055.1045,2026-02
2026-02-19,Кузнецов П.Р.,Санкт-Петербург,Спорт,Бутылка для воды,19,924.12,0.34,17558.28,5969.8152,11588.464799999998,2026-02
2026-02-19,Иванов А.С.,Санкт-Петербург,Книги,Фантастика,6,648.15,0.42,3888.8999999999996,1633.3379999999997,2255.562,2026-02
2026-02-19,Петрова М.В.,Челябинск,Книги,Комикс,17,487.37,0.46,8285.29,3811.2334000000005,4474.0566,2026-02
2026-02-20,Смирнова Е.А.,Омск,Продукты,Гречка,17,101.78,0.5,1730.26,865.13,865.13,2026-02
2026-02-21,Сидоров К.Д.,Омск,Косметика,Шампунь,4,645.24,0.29,2580.96,748.4784,1832.4816,2026-02
2026-02-21,Сидоров К.Д.,Санкт-Петербург,Дом и сад,Чайник,12,2992.34,0.3,35908.08,10772.424,25135.656000000003,2026-02
2026-02-22,Иванов А.С.,Ростов-на-Дону,Дом и сад,Робот-пылесос,20,28170.21,0.33,563404.2,185923.386,377480.81399999995,2026-02
2026-02-22,Иванов А.С.,Казань,Косметика,Шампунь,15,517.19,0.34,7757.85,2637.6690000000003,5120.1810000000005,2026-02
2026-02-22,Смирнова Е.А.,Екатеринбург,Косметика,Гель для душа,10,426.68,0.34,4266.8,1450.7120000000002,2816.0879999999997,2026-02
2026-02-23,Петрова М.В.,Самара,Спорт,Мяч,11,784.09,0.32,8624.99,2759.9968,5864.9932,2026-02
2026-02-23,Иванов А.С.,Нижний Новгород,Электроника,Смартфон,3,39175.1,0.17,117525.29999999999,19979.301,97545.99899999998,2026-02
2026-02-23,Сидоров К.Д.,Ростов-на-Дону,Спорт,Бутылка для воды,14,845.42,0.32,11835.88,3787.4815999999996,8048.3984,2026-02
2026-02-23,Кузнецов П.Р.,Санкт-Петербург,Дом и сад,Садовый шланг,17,2261.58,0.28,38446.86,10765.1208,27681.7392,2026-02
2026-02-24,Кузнецов П.Р.,Омск,Косметика,Парфюм,17,4532.28,0.34,77048.76,26196.5784,50852.181599999996,2026-02
2026-02-25,Сидоров К.Д.,Омск,Одежда,Кроссовки,14,6032.95,0.41,84461.3,34629.133,49832.167,2026-02
2026-02-25,Смирнова Е.А.,Омск,Дом и сад,Увлажнитель воздуха,19,4572.7,0.32,86881.3,27802.016000000003,59079.284,2026-02
2026-02-25,Сидоров К.Д.,Санкт-Петербург,Косметика,Гель для душа,1,455.99,0.3,455.99,136.797,319.193,2026-02
2026-02-27,Иванов А.С.,Ростов-на-Дону,Косметика,Крем для лица,15,1356.22,0.34,20343.3,6916.722000000001,13426.577999999998,2026-02
2026-02-27,Смирнова Е.А.,Москва,Спорт,Бутылка для воды,18,966.66,0.35,17399.88,6089.958,11309.922000000002,2026-02
2026-02-28,Кузнецов П.Р.,Нижний Новгород,Спорт,Фитнес-браслет,5,4040.8,0.31,20204.0,6263.24,13940.76,2026-02
2026-02-28,Петрова М.В.,Санкт-Петербург,Косметика,Шампунь,2,687.64,0.3,1375.28,412.584,962.6959999999999,2026-02
2026-02-28,Сидоров К.Д.,Новосибирск,Дом и сад,Робот-пылесос,17,26949.09,0.29,458134.53,132859.0137,325275.5163,2026-02
2026-03-01,Сидоров К.Д.,Казань,Электроника,Ноутбук,18,83419.81,0.2,1501556.58,300311.31600000005,1201245.264,2026-03
2026-03-02,Иванов А.С.,Самара,Дом и сад,Робот-пылесос,20,28002.82,0.3,560056.4,168016.92,392039.48,2026-03
2026-03-02,Сидоров К.Д.,Москва,Книги,Художественная литература,10,668.9,0.43,6689.0,2876.27,3812.73,2026-03
2026-03-02,Петрова М.В.,Екатеринбург,Продукты,Сыр,10,1467.28,0.5,14672.8,7336.4,7336.4,2026-03
2026-03-02,Кузнецов П.Р.,Екатеринбург,Спорт,Фитнес-браслет,17,4597.81,0.34,78162.77,26575.341800000002,51587.4282,2026-03
2026-03-03,Смирнова Е.А.,Казань,Одежда,Джинсы,19,5051.19,0.4,95972.60999999999,38389.043999999994,57583.56599999999,2026-03
2026-03-03,Сидоров К.Д.,Нижний Новгород,Косметика,Гель для душа,1,434.27,0.3,434.27,130.28099999999998,303.98900000000003,2026-03
2026-03-03,Сидоров К.Д.,Казань,Книги,Бизнес,17,832.64,0.46,14154.88,6511.2447999999995,7643.6352,2026-03
2026-03-03,Смирнова Е.А.,Челябинск,Автотовары,Органайзер,10,1591.72,0.26,15917.2,4138.472000000001,11778.728,2026-03
2026-03-04,Кузнецов П.Р.,Екатеринбург,Дом и сад,Чайник,5,3180.59,0.24,15902.95,3816.708,12086.242,2026-03
2026-03-04,Смирнова Е.А.,Санкт-Петербург,Спорт,Фитнес-браслет,4,4104.86,0.31,16419.44,5090.0264,11329.4136,2026-03
2026-03-04,Сидоров К.Д.,Ростов-на-Дону,Спорт,Мяч,6,766.89,0.3,4601.34,1380.402,3220.938,2026-03
2026-03-04,Сидоров К.Д.,Санкт-Петербург,Спорт,Фитнес-браслет,19,3543.81,0.36,67332.39,24239.6604,43092.7296,2026-03
2026-03-04,Смирнова Е.А.,Челябинск,Автотовары,Ароматизатор,16,410.81,0.25,6572.96,1643.24,4929.72,2026-03
2026-03-04,Кузнецов П.Р.,Екатеринбург,Книги,Детектив,15,565.67,0.45,8485.05,3818.2724999999996,4666.7775,2026-03
2026-03-05,Иванов А.С.,Челябинск,Одежда,Кроссовки,12,6153.99,0.4,73847.88,29539.152000000002,44308.728,2026-03
2026-03-05,Петрова М.В.,Челябинск,Электроника,Умные часы,6,24153.97,0.16,144923.82,23187.8112,121736.00880000001,2026-03
2026-03-05,Сидоров К.Д.,Ростов-на-Дону,Дом и сад,Увлажнитель воздуха,20,5328.76,0.35,106575.20000000001,37301.32,69273.88,2026-03
2026-03-06,Смирнова Е.А.,Самара,Спорт,Бутылка для воды,15,859.91,0.32,12898.65,4127.568,8771.081999999999,2026-03
2026-03-06,Сидоров К.Д.,Екатеринбург,Электроника,Умные часы,3,22071.63,0.16,66214.89,10594.3824,55620.5076,2026-03
2026-03-07,Петрова М.В.,Казань,Продукты,Сыр,7,1484.31,0.46,10390.17,4779.4782000000005,5610.6918,2026-03
2026-03-07,Сидоров К.Д.,Ростов-на-Дону,Одежда,Платье,9,6219.64,0.37,55976.76,20711.4012,35265.3588,2026-03
2026-03-07,Иванов А.С.,Новосибирск,Косметика,Крем для лица,9,1409.47,0.3,12685.23,3805.5689999999995,8879.661,2026-03
2026-03-07,Смирнова Е.А.,Челябинск,Косметика,Шампунь,8,657.44,0.28,5259.52,1472.6656000000003,3786.8544,2026-03
2026-03-07,Смирнова Е.А.,Санкт-Петербург,Продукты,Кофе зерновой,6,1267.36,0.44,7604.16,3345.8304,4258.3296,2026-03
2026-03-08,Кузнецов П.Р.,Омск,Спорт,Бутылка для воды,6,898.63,0.31,5391.78,1671.4517999999998,3720.3282,2026-03
2026-03-08,Смирнова Е.А.,Екатеринбург,Косметика,Крем для лица,9,1387.45,0.3,12487.050000000001,3746.1150000000002,8740.935000000001,2026-03
2026-03-08,Петрова М.В.,Омск,Дом и сад,Набор посуды,13,6962.08,0.3,90507.04,27152.111999999997,63354.928,2026-03
2026-03-08,Кузнецов П.Р.,Санкт-Петербург,Продукты,Кофе зерновой,20,1239.49,0.5,24789.8,12394.9,12394.9,2026-03
2026-03-10,Петрова М.В.,Омск,Автотовары,Органайзер,3,1939.91,0.21,5819.7300000000005,1222.1433,4597.586700000001,2026-03
2026-03-10,Кузнецов П.Р.,Санкт-Петербург,Спорт,Коврик для йоги,15,2769.57,0.36,41543.55,14955.678,26587.872000000003,2026-03
2026-03-10,Смирнова Е.А.,Санкт-Петербург,Дом и сад,Чайник,5,2902.92,0.23,14514.6,3338.358,11176.242,2026-03
2026-03-11,Смирнова Е.А.,Казань,Дом и сад,Чайник,17,3140.26,0.28,53384.420000000006,14947.637600000004,38436.782400000004,2026-03
2026-03-11,Кузнецов П.Р.,Челябинск,Автотовары,Щетка для снега,17,1188.56,0.25,20205.52,5051.38,15154.14,2026-03
2026-03-11,Петрова М.В.,Нижний Новгород,Автотовары,Щетка для снега,15,1031.93,0.26,15478.95,4024.5270000000005,11454.423,2026-03
2026-03-11,Кузнецов П.Р.,Челябинск,Автотовары,Щетка для снега,8,1251.91,0.21,10015.28,2103.2088,7912.0712,2026-03
2026-03-12,Смирнова Е.А.,Челябинск,Косметика,Маска для волос,6,1002.04,0.31,6012.24,1863.7944,4148.4456,2026-03
2026-03-12,Кузнецов П.Р.,Омск,Одежда,Футболка,11,1534.74,0.39,16882.14,6584.0346,10298.1054,2026-03
2026-03-12,Сидоров К.Д.,Омск,Спорт,Коврик для йоги,14,2237.76,0.34,31328.640000000003,10651.737600000002,20676.9024,2026-03
2026-03-12,Иванов А.С.,Новосибирск,Автотовары,Ароматизатор,20,422.51,0.27,8450.2,2281.5540000000005,6168.646000000001,2026-03
2026-03-14,Петрова М.В.,Екатеринбург,Спорт,Коврик для йоги,10,2701.31,0.35,27013.1,9454.585,17558.515,2026-03
2026-03-15,Петрова М.В.,Казань,Дом и сад,Увлажнитель воздуха,17,4572.14,0.32,77726.38,24872.441600000002,52853.9384,2026-03
2026-03-15,Смирнова Е.А.,Москва,Книги,Бизнес,6,873.16,0.41,5238.96,2147.9736,3090.9864000000002,2026-03
2026-03-15,Петрова М.В.,Санкт-Петербург,Спорт,Коврик для йоги,4,2226.43,0.28,8905.72,2493.6016,6412.118399999999,2026-03
2026-03-15,Кузнецов П.Р.,Санкт-Петербург,Автотовары,Щетка для снега,3,1238.99,0.17,3716.9700000000003,631.8849000000001,3085.0851000000002,2026-03
2026-03-15,Кузнецов П.Р.,Москва,Спорт,Мяч,12,762.58,0.33,9150.960000000001,3019.8168000000005,6131.1432,2026-03
2026-03-15,Сидоров К.Д.,Москва,Одежда,Платье,12,5327.23,0.41,63926.759999999995,26209.971599999997,37716.7884,2026-03
2026-03-16,Сидоров К.Д.,Екатеринбург,Продукты,Шоколад,4,163.92,0.47,655.68,308.16959999999995,347.5104,2026-03
2026-03-16,Смирнова Е.А.,Москва,Книги,Художественная литература,15,678.76,0.46,10181.4,4683.444,5497.955999999999,2026-03
2026-03-16,Смирнова Е.А.,Ростов-на-Дону,Продукты,Шоколад,11,151.6,0.5,1667.6,833.8,833.8,2026-03
2026-03-16,Смирнова Е.А.,Челябинск,Одежда,Платье,6,4907.15,0.32,29442.899999999998,9421.728,20021.172,2026-03
2026-03-17,Иванов А.С.,Казань,Спорт,Гантели,19,3512.1,0.35,66729.9,23355.464999999997,43374.435,2026-03
2026-03-17,Кузнецов П.Р.,Нижний Новгород,Автотовары,Щетка для снега,15,1275.84,0.24,19137.6,4593.023999999999,14544.576,2026-03
2026-03-19,Кузнецов П.Р.,Москва,Спорт,Бутылка для воды,15,1003.65,0.34,15054.75,5118.615000000001,9936.134999999998,2026-03
2026-03-19,Смирнова Е.А.,Ростов-на-Дону,Электроника,Умная колонка,4,13236.21,0.15,52944.84,7941.725999999999,45003.114,2026-03
2026-03-20,Петрова М.В.,Екатеринбург,Автотовары,Ароматизатор,4,386.61,0.17,1546.44,262.89480000000003,1283.5452,2026-03
2026-03-22,Смирнова Е.А.,Новосибирск,Дом и сад,Набор посуды,10,6177.98,0.31,61779.799999999996,19151.737999999998,42628.062,2026-03
2026-03-24,Кузнецов П.Р.,Москва,Автотовары,Щетка для снега,1,1352.45,0.18,1352.45,243.441,1109.009,2026-03
2026-03-24,Кузнецов П.Р.,Екатеринбург,Автотовары,Держатель для телефона,10,613.37,0.22,6133.7,1349.414,4784.286,2026-03
2026-03-24,Петрова М.В.,Новосибирск,Автотовары,Органайзер,20,1844.82,0.27,36896.4,9962.028,26934.372000000003,2026-03
2026-03-24,Иванов А.С.,Новосибирск,Одежда,Кроссовки,19,7081.43,0.42,134547.17,56509.811400000006,78037.3586,2026-03
2026-03-24,Иванов А.С.,Санкт-Петербург,Спорт,Мяч,20,800.61,0.38,16012.2,6084.636,9927.564,2026-03
2026-03-25,Сидоров К.Д.,Санкт-Петербург,Продукты,Оливковое масло,6,2037.79,0.43,12226.74,5257.4982,6969.2418,2026-03
2026-03-25,Сидоров К.Д.,Нижний Новгород,Косметика,Шампунь,16,604.33,0.32,9669.28,3094.1696,6575.1104000000005,2026-03
2026-03-25,Петрова М.В.,Омск,Дом и сад,Набор посуды,8,7149.84,0.26,57198.72,14871.667200000002,42327.0528,2026-03
2026-03-25,Сидоров К.Д.,Екатеринбург,Одежда,Куртка,10,7653.56,0.38,76535.6,29083.528000000002,47452.072,2026-03
2026-03-26,Смирнова Е.А.,Санкт-Петербург,Спорт,Гантели,5,3780.03,0.29,18900.15,5481.0435,13419.106500000002,2026-03
2026-03-26,Сидоров К.Д.,Казань,Дом и сад,Увлажнитель воздуха,14,4366.81,0.3,61135.340000000004,18340.602,42794.738000000005,2026-03
2026-03-26,Петрова М.В.,Санкт-Петербург,Одежда,Кроссовки,13,5899.35,0.41,76691.55,31443.535499999998,45248.014500000005,2026-03
2026-03-26,Кузнецов П.Р.,Нижний Новгород,Продукты,Кофе зерновой,18,1335.07,0.49,24031.26,11775.3174,12255.942599999998,2026-03
2026-03-26,Петрова М.В.,Казань,Спорт,Мяч,1,805.24,0.32,805.24,257.6768,547.5632,2026-03
2026-03-26,Кузнецов П.Р.,Нижний Новгород,Книги,Комикс,20,556.75,0.46,11135.0,5122.1,6012.9,2026-03
2026-03-27,Иванов А.С.,Нижний Новгород,Продукты,Шоколад,6,157.87,0.42,947.22,397.8324,549.3876,2026-03
2026-03-27,Смирнова Е.А.,Екатеринбург,Спорт,Бутылка для воды,15,772.1,0.37,11581.5,4285.155,7296.345,2026-03
2026-03-27,Сидоров К.Д.,Омск,Продукты,Гречка,12,86.09,0.47,1033.08,485.54759999999993,547.5324,2026-03
2026-03-27,Петрова М.В.,Москва,Косметика,Шампунь,11,648.73,0.34,7136.030000000001,2426.2502000000004,4709.7798,2026-03
2026-03-28,Сидоров К.Д.,Казань,Электроника,Ноутбук,5,85621.57,0.15,428107.85000000003,64216.177500000005,363891.67250000004,2026-03
2026-03-29,Смирнова Е.А.,Санкт-Петербург,Одежда,Платье,14,6158.95,0.4,86225.3,34490.12,51735.18,2026-03
2026-03-29,Петрова М.В.,Казань,Книги,Детектив,12,650.77,0.45,7809.24,3514.158,4295.082,2026-03
2026-03-29,Петрова М.В.,Ростов-на-Дону,Продукты,Оливковое масло,16,1893.89,0.47,30302.24,14242.0528,16060.187200000002,2026-03
2026-03-30,Смирнова Е.А.,Новосибирск,Книги,Бизнес,15,919.97,0.43,13799.550000000001,5933.806500000001,7865.7435000000005,2026-03
2026-03-30,Сидоров К.Д.,Казань,Одежда,Кроссовки,15,6344.45,0.41,95166.75,39018.3675,56148.3825,2026-03
2026-03-30,Сидоров К.Д.,Омск,Книги,Детектив,20,707.05,0.47,14141.0,6646.2699999999995,7494.7300000000005,2026-03
2026-03-30,Петрова М.В.,Челябинск,Продукты,Кофе зерновой,7,1226.87,0.46,8588.09,3950.5214,4637.5686000000005,2026-03
2026-03-30,Сидоров К.Д.,Новосибирск,Спорт,Фитнес-браслет,12,3786.83,0.35,45441.96,15904.685999999998,29537.274,2026-03
2026-03-31,Смирнова Е.А.,Санкт-Петербург,Спорт,Мяч,19,740.26,0.36,14064.94,5063.3784,9001.5616,2026-03
2026-03-31,Иванов А.С.,Новосибирск,Электроника,Умные часы,2,20032.81,0.15,40065.62,6009.843,34055.777,2026-03
2026-03-31,Смирнова Е.А.,Омск,Дом и сад,Садовый шланг,17,2237.5,0.27,38037.5,10270.125,27767.375,2026-03
2026-03-31,Иванов А.С.,Нижний Новгород,Спорт,Мяч,12,810.31,0.34,9723.72,3306.0648,6417.655199999999,2026-03
2026-04-01,Иванов А.С.,Москва,Продукты,Сыр,17,1623.06,0.49,27592.02,13520.0898,14071.9302,2026-04
2026-04-01,Смирнова Е.А.,Новосибирск,Продукты,Оливковое масло,17,1942.78,0.5,33027.26,16513.63,16513.63,2026-04
2026-04-01,Кузнецов П.Р.,Челябинск,Продукты,Кофе зерновой,7,1054.81,0.46,7383.67,3396.4882000000002,3987.1818,2026-04
2026-04-01,Кузнецов П.Р.,Челябинск,Спорт,Гантели,3,3490.7,0.31,10472.099999999999,3246.3509999999997,7225.748999999999,2026-04
2026-04-01,Петрова М.В.,Омск,Автотовары,Щетка для снега,15,1362.12,0.22,20431.8,4494.996,15936.804,2026-04
2026-04-01,Сидоров К.Д.,Санкт-Петербург,Спорт,Фитнес-браслет,20,4500.19,0.36,90003.79999999999,32401.367999999995,57602.43199999999,2026-04
2026-04-02,Кузнецов П.Р.,Омск,Спорт,Мяч,7,865.77,0.32,6060.389999999999,1939.3247999999999,4121.065199999999,2026-04
2026-04-02,Иванов А.С.,Самара,Дом и сад,Садовый шланг,10,1929.78,0.31,19297.8,5982.317999999999,13315.482,2026-04
2026-04-02,Сидоров К.Д.,Казань,Электроника,Смартфон,8,47022.17,0.15,376177.36,56426.604,319750.756,2026-04
2026-04-02,Петрова М.В.,Казань,Электроника,Умная колонка,9,12938.99,0.16,116450.91,18632.1456,97818.7644,2026-04
2026-04-03,Иванов А.С.,Москва,Дом и сад,Набор посуды,11,6307.22,0.32,69379.42,22201.4144,47178.0056,2026-04
2026-04-03,Иванов А.С.,Москва,Книги,Бизнес,7,1009.61,0.37,7067.27,2614.8899,4452.3801,2026-04
2026-04-04,Кузнецов П.Р.,Челябинск,Автотовары,Щетка для снега,3,1375.95,0.19,4127.85,784.2915,3343.5585,2026-04
2026-04-04,Сидоров К.Д.,Челябинск,Автотовары,Ароматизатор,15,452.6,0.25,6789.0,1697.25,5091.75,2026-04
2026-04-05,Иванов А.С.,Омск,Спорт,Гантели,14,3527.84,0.35,49389.76,17286.416,32103.344,2026-04
2026-04-05,Сидоров К.Д.,Омск,Электроника,Беспроводные наушники,12,8206.69,0.21,98480.28,20680.858799999998,77799.4212,2026-04
2026-04-06,Петрова М.В.,Нижний Новгород,Автотовары,Держатель для телефона,5,790.68,0.17,3953.3999999999996,672.078,3281.3219999999997,2026-04
2026-04-06,Сидоров К.Д.,Санкт-Петербург,Дом и сад,Чайник,5,2874.73,0.27,14373.65,3880.8855000000003,10492.7645,2026-04
2026-04-07,Сидоров К.Д.,Санкт-Петербург,Косметика,Гель для душа,17,447.61,0.35,7609.37,2663.2794999999996,4946.0905,2026-04
2026-04-07,Иванов А.С.,Нижний Новгород,Книги,Комикс,3,564.5,0.41,1693.5,694.3349999999999,999.1650000000001,2026-04
2026-04-07,Кузнецов П.Р.,Нижний Новгород,Одежда,Платье,20,5878.98,0.44,117579.59999999999,51735.024,65844.576,2026-04
2026-04-07,Петрова М.В.,Казань,Одежда,Кроссовки,2,6537.23,0.33,13074.46,4314.5718,8759.8882,2026-04
2026-04-07,Кузнецов П.Р.,Москва,Продукты,Гречка,17,101.67,0.48,1728.39,829.6272,898.7628000000001,2026-04
2026-04-08,Кузнецов П.Р.,Екатеринбург,Электроника,Беспроводные наушники,8,9125.63,0.13,73005.04,9490.6552,63514.38479999999,2026-04
2026-04-10,Петрова М.В.,Нижний Новгород,Косметика,Парфюм,18,4377.13,0.33,78788.34,26000.1522,52788.1878,2026-04
2026-04-10,Смирнова Е.А.,Екатеринбург,Косметика,Гель для душа,7,405.27,0.27,2836.89,765.9603,2070.9296999999997,2026-04
2026-04-10,Смирнова Е.А.,Казань,Автотовары,Видеорегистратор,10,7789.46,0.24,77894.6,18694.704,59199.89600000001,2026-04
2026-04-10,Петрова М.В.,Санкт-Петербург,Спорт,Фитнес-браслет,15,3686.44,0.33,55296.6,18247.878,37048.721999999994,2026-04
2026-04-11,Кузнецов П.Р.,Москва,Косметика,Гель для душа,7,342.32,0.27,2396.24,646.9848,1749.2551999999998,2026-04
2026-04-12,Иванов А.С.,Нижний Новгород,Косметика,Шампунь,16,686.34,0.34,10981.44,3733.6896000000006,7247.7504,2026-04
2026-04-12,Сидоров К.Д.,Новосибирск,Косметика,Маска для волос,5,964.44,0.27,4822.200000000001,1301.9940000000004,3520.206,2026-04
2026-04-12,Кузнецов П.Р.,Ростов-на-Дону,Электроника,Ноутбук,12,82688.25,0.17,992259.0,168684.03,823574.97,2026-04
2026-04-12,Петрова М.В.,Самара,Электроника,Умная колонка,9,11456.47,0.14,103108.23,14435.1522,88673.0778,2026-04
2026-04-12,Смирнова Е.А.,Екатеринбург,Косметика,Гель для душа,11,402.0,0.33,4422.0,1459.26,2962.74,2026-04
2026-04-13,Смирнова Е.А.,Екатеринбург,Продукты,Оливковое масло,8,1640.1,0.44,13120.8,5773.152,7347.647999999999,2026-04
2026-04-14,Смирнова Е.А.,Омск,Электроника,Умные часы,12,23842.75,0.21,286113.0,60083.729999999996,226029.27000000002,2026-04
2026-04-15,Иванов А.С.,Ростов-на-Дону,Книги,Фантастика,10,716.12,0.45,7161.2,3222.54,3938.66,2026-04
2026-04-15,Петрова М.В.,Москва,Автотовары,Держатель для телефона,8,603.22,0.19,4825.76,916.8944,3908.8656,2026-04
2026-04-15,Кузнецов П.Р.,Екатеринбург,Автотовары,Видеорегистратор,8,6694.59,0.18,53556.72,9640.2096,43916.5104,2026-04
2026-04-15,Смирнова Е.А.,Екатеринбург,Спорт,Бутылка для воды,18,882.92,0.32,15892.56,5085.6192,10806.9408,2026-04
2026-04-16,Смирнова Е.А.,Ростов-на-Дону,Косметика,Маска для волос,7,883.29,0.28,6183.03,1731.2484000000002,4451.781599999999,2026-04
2026-04-16,Иванов А.С.,Екатеринбург,Продукты,Гречка,16,101.91,0.48,1630.56,782.6687999999999,847.8912,2026-04
2026-04-16,Кузнецов П.Р.,Москва,Продукты,Сыр,5,1555.65,0.47,7778.25,3655.7774999999997,4122.4725,2026-04
2026-04-16,Кузнецов П.Р.,Омск,Дом и сад,Увлажнитель воздуха,14,5142.98,0.31,72001.72,22320.5332,49681.186799999996,2026-04
2026-04-16,Смирнова Е.А.,Казань,Косметика,Парфюм,7,4385.9,0.31,30701.299999999996,9517.402999999998,21183.896999999997,2026-04
2026-04-16,Петрова М.В.,Санкт-Петербург,Автотовары,Видеорегистратор,11,6064.71,0.24,66711.81,16010.8344,50700.9756,2026-04
2026-04-17,Петрова М.В.,Санкт-Петербург,Спорт,Фитнес-браслет,8,3843.2,0.32,30745.6,9838.592,20907.007999999998,2026-04
2026-04-17,Петрова М.В.,Екатеринбург,Дом и сад,Увлажнитель воздуха,15,4282.71,0.3,64240.65,19272.195,44968.455,2026-04
2026-04-17,Иванов А.С.,Казань,Автотовары,Ароматизатор,7,384.91,0.18,2694.3700000000003,484.98660000000007,2209.3834,2026-04
2026-04-17,Сидоров К.Д.,Санкт-Петербург,Спорт,Мяч,7,845.44,0.3,5918.08,1775.424,4142.656,2026-04
2026-04-19,Петрова М.В.,Нижний Новгород,Косметика,Крем для лица,18,1288.72,0.33,23196.96,7654.9968,15541.963199999998,2026-04
2026-04-19,Кузнецов П.Р.,Новосибирск,Автотовары,Ароматизатор,6,430.21,0.21,2581.2599999999998,542.0645999999999,2039.1953999999998,2026-04
2026-04-20,Кузнецов П.Р.,Нижний Новгород,Электроника,Умная колонка,10,13467.27,0.19,134672.7,25587.813000000002,109084.88700000002,2026-04
2026-04-20,Петрова М.В.,Омск,Автотовары,Видеорегистратор,1,7670.82,0.18,7670.82,1380.7476,6290.0724,2026-04
2026-04-21,Кузнецов П.Р.,Екатеринбург,Электроника,Смартфон,4,46017.5,0.15,184070.0,27610.5,156459.5,2026-04
2026-04-21,Смирнова Е.А.,Челябинск,Одежда,Кроссовки,9,6529.22,0.36,58762.98,21154.6728,37608.3072,2026-04
2026-04-21,Сидоров К.Д.,Ростов-на-Дону,Спорт,Мяч,20,898.3,0.36,17966.0,6467.759999999999,11498.240000000002,2026-04
2026-04-22,Кузнецов П.Р.,Омск,Автотовары,Органайзер,18,1693.35,0.25,30480.3,7620.075,22860.225,2026-04
2026-04-23,Петрова М.В.,Нижний Новгород,Электроника,Умные часы,1,25106.81,0.13,25106.81,3263.8853000000004,21842.9247,2026-04
2026-04-23,Смирнова Е.А.,Санкт-Петербург,Продукты,Гречка,17,77.98,0.5,1325.66,662.83,662.83,2026-04
2026-04-24,Смирнова Е.А.,Ростов-на-Дону,Дом и сад,Садовый шланг,16,2082.17,0.31,33314.72,10327.5632,22987.1568,2026-04
2026-04-24,Петрова М.В.,Омск,Спорт,Мяч,7,809.94,0.3,5669.58,1700.874,3968.706,2026-04
2026-04-24,Кузнецов П.Р.,Новосибирск,Спорт,Коврик для йоги,13,2299.58,0.34,29894.54,10164.143600000001,19730.396399999998,2026-04
2026-04-25,Кузнецов П.Р.,Омск,Одежда,Футболка,14,1364.92,0.41,19108.88,7834.6408,11274.2392,2026-04
2026-04-25,Смирнова Е.А.,Нижний Новгород,Одежда,Платье,8,5202.26,0.35,41618.08,14566.328,27051.752,2026-04
2026-04-26,Кузнецов П.Р.,Самара,Спорт,Мяч,9,894.69,0.29,8052.210000000001,2335.1409000000003,5717.069100000001,2026-04
2026-04-26,Петрова М.В.,Нижний Новгород,Дом и сад,Робот-пылесос,17,27518.88,0.29,467820.96,135668.0784,332152.8816,2026-04
2026-04-26,Сидоров К.Д.,Нижний Новгород,Одежда,Джинсы,20,4605.49,0.42,92109.79999999999,38686.115999999995,53423.683999999994,2026-04
2026-04-27,Смирнова Е.А.,Омск,Продукты,Оливковое масло,9,1856.36,0.42,16707.239999999998,7017.040799999999,9690.1992,2026-04
2026-04-27,Иванов А.С.,Казань,Спорт,Коврик для йоги,20,2151.78,0.38,43035.600000000006,16353.528000000002,26682.072000000004,2026-04
2026-04-27,Сидоров К.Д.,Казань,Автотовары,Видеорегистратор,6,7585.67,0.17,45514.020000000004,7737.3834000000015,37776.636600000005,2026-04
2026-04-28,Петрова М.В.,Казань,Книги,Фантастика,14,742.49,0.45,10394.86,4677.687000000001,5717.173,2026-04
2026-04-28,Кузнецов П.Р.,Новосибирск,Книги,Фантастика,7,808.61,0.37,5660.27,2094.2999,3565.9701000000005,2026-04
2026-04-28,Иванов А.С.,Челябинск,Косметика,Гель для душа,4,429.05,0.3,1716.2,514.86,1201.3400000000001,2026-04
2026-04-29,Петрова М.В.,Омск,Спорт,Мяч,2,869.58,0.28,1739.16,486.9648000000001,1252.1952,2026-04
2026-04-29,Кузнецов П.Р.,Самара,Одежда,Кроссовки,15,6556.92,0.41,98353.8,40325.058,58028.742000000006,2026-04
2026-04-29,Петрова М.В.,Москва,Косметика,Парфюм,18,4949.62,0.36,89093.16,32073.5376,57019.62240000001,2026-04
2026-04-30,Сидоров К.Д.,Самара,Продукты,Кофе зерновой,20,1240.7,0.5,24814.0,12407.0,12407.0,2026-04
2026-04-30,Иванов А.С.,Омск,Электроника,Беспроводные наушники,3,8169.55,0.15,24508.65,3676.2975,20832.3525,2026-04
2026-04-30,Иванов А.С.,Ростов-на-Дону,Книги,Фантастика,17,819.46,0.42,13930.82,5850.944399999999,8079.8756,2026-04
2026-05-01,Иванов А.С.,Нижний Новгород,Книги,Бизнес,13,992.66,0.45,12904.58,5807.061,7097.519,2026-05
2026-05-02,Иванов А.С.,Москва,Одежда,Платье,1,5608.45,0.33,5608.45,1850.7885,3757.6614999999997,2026-05
2026-05-02,Кузнецов П.Р.,Ростов-на-Дону,Продукты,Оливковое масло,12,1717.78,0.5,20613.36,10306.68,10306.68,2026-05
2026-05-02,Сидоров К.Д.,Ростов-на-Дону,Книги,Фантастика,11,849.32,0.47,9342.52,4390.9844,4951.5356,2026-05
2026-05-02,Иванов А.С.,Казань,Косметика,Парфюм,18,4433.47,0.32,79802.46,25536.787200000002,54265.6728,2026-05
2026-05-03,Сидоров К.Д.,Казань,Книги,Комикс,3,497.0,0.39,1491.0,581.49,909.51,2026-05
2026-05-03,Кузнецов П.Р.,Новосибирск,Книги,Комикс,14,498.35,0.46,6976.900000000001,3209.3740000000003,3767.5260000000003,2026-05
2026-05-03,Сидоров К.Д.,Екатеринбург,Косметика,Парфюм,18,4789.87,0.33,86217.66,28451.827800000003,57765.832200000004,2026-05
2026-05-03,Петрова М.В.,Нижний Новгород,Дом и сад,Садовый шланг,7,1762.27,0.24,12335.89,2960.6135999999997,9375.276399999999,2026-05
2026-05-04,Кузнецов П.Р.,Санкт-Петербург,Спорт,Мяч,8,822.68,0.32,6581.44,2106.0607999999997,4475.379199999999,2026-05
2026-05-04,Сидоров К.Д.,Санкт-Петербург,Косметика,Шампунь,5,565.59,0.32,2827.9500000000003,904.9440000000001,1923.0060000000003,2026-05
2026-05-05,Смирнова Е.А.,Екатеринбург,Косметика,Крем для лица,16,1282.22,0.35,20515.52,7180.432,13335.088,2026-05
2026-05-05,Смирнова Е.А.,Омск,Автотовары,Ароматизатор,12,369.5,0.23,4434.0,1019.82,3414.18,2026-05
2026-05-05,Петрова М.В.,Омск,Дом и сад,Чайник,6,3107.7,0.25,18646.199999999997,4661.549999999999,13984.649999999998,2026-05
2026-05-05,Иванов А.С.,Екатеринбург,Электроника,Ноутбук,2,87243.34,0.15,174486.68,26173.001999999997,148313.67799999999,2026-05
2026-05-06,Сидоров К.Д.,Екатеринбург,Автотовары,Органайзер,14,1664.47,0.26,23302.58,6058.670800000001,17243.909200000002,2026-05
2026-05-06,Петрова М.В.,Казань,Книги,Художественная литература,13,676.56,0.44,8795.279999999999,3869.9231999999997,4925.3568,2026-05
2026-05-07,Смирнова Е.А.,Москва,Автотовары,Органайзер,19,1545.65,0.23,29367.350000000002,6754.490500000001,22612.859500000002,2026-05
2026-05-08,Смирнова Е.А.,Самара,Книги,Фантастика,19,806.82,0.46,15329.580000000002,7051.606800000001,8277.9732,2026-05
2026-05-08,Сидоров К.Д.,Нижний Новгород,Спорт,Коврик для йоги,14,2186.65,0.33,30613.100000000002,10102.323,20510.777000000002,2026-05
2026-05-08,Смирнова Е.А.,Москва,Дом и сад,Робот-пылесос,10,22608.11,0.31,226081.1,70085.141,155995.959,2026-05
2026-05-08,Сидоров К.Д.,Казань,Косметика,Гель для душа,19,345.1,0.34,6556.900000000001,2229.3460000000005,4327.554,2026-05
2026-05-09,Иванов А.С.,Казань,Продукты,Шоколад,20,157.09,0.5,3141.8,1570.9,1570.9,2026-05
2026-05-10,Смирнова Е.А.,Омск,Дом и сад,Садовый шланг,13,1870.31,0.28,24314.03,6807.928400000001,17506.101599999998,2026-05
2026-05-10,Петрова М.В.,Самара,Продукты,Сыр,7,1502.4,0.44,10516.800000000001,4627.392000000001,5889.408,2026-05
2026-05-10,Сидоров К.Д.,Ростов-на-Дону,Одежда,Платье,20,6138.44,0.44,122768.79999999999,54018.272,68750.52799999999,2026-05
2026-05-11,Сидоров К.Д.,Челябинск,Электроника,Беспроводные наушники,10,8919.09,0.22,89190.9,19621.998,69568.902,2026-05
2026-05-11,Кузнецов П.Р.,Казань,Косметика,Гель для душа,14,386.3,0.37,5408.2,2001.0339999999999,3407.166,2026-05
2026-05-11,Сидоров К.Д.,Нижний Новгород,Книги,Художественная литература,6,757.97,0.41,4547.82,1864.6061999999997,2683.2138,2026-05
2026-05-12,Иванов А.С.,Санкт-Петербург,Книги,Детектив,19,584.26,0.44,11100.94,4884.4136,6216.526400000001,2026-05
2026-05-12,Смирнова Е.А.,Екатеринбург,Автотовары,Щетка для снега,2,1111.43,0.2,2222.86,444.57200000000006,1778.288,2026-05
2026-05-13,Иванов А.С.,Екатеринбург,Спорт,Мяч,12,847.85,0.36,10174.2,3662.712,6511.488000000001,2026-05
2026-05-13,Иванов А.С.,Москва,Продукты,Сыр,6,1411.47,0.45,8468.82,3810.969,4657.851,2026-05
2026-05-13,Петрова М.В.,Челябинск,Спорт,Фитнес-браслет,15,3990.15,0.33,59852.25,19751.2425,40101.0075,2026-05
2026-05-14,Кузнецов П.Р.,Ростов-на-Дону,Продукты,Кофе зерновой,9,1367.56,0.47,12308.039999999999,5784.778799999999,6523.2612,2026-05
2026-05-14,Иванов А.С.,Самара,Продукты,Сыр,14,1795.2,0.48,25132.8,12063.743999999999,13069.056,2026-05
2026-05-15,Сидоров К.Д.,Новосибирск,Продукты,Шоколад,1,164.85,0.46,164.85,75.831,89.01899999999999,2026-05
2026-05-15,Иванов А.С.,Москва,Спорт,Фитнес-браслет,18,4260.37,0.36,76686.66,27607.1976,49079.462400000004,2026-05
2026-05-15,Кузнецов П.Р.,Екатеринбург,Одежда,Футболка,5,1550.15,0.35,7750.75,2712.7625,5037.9875,2026-05
2026-05-15,Петрова М.В.,Ростов-на-Дону,Одежда,Куртка,13,8136.73,0.42,105777.48999999999,44426.54579999999,61350.9442,2026-05
2026-05-16,Сидоров К.Д.,Казань,Косметика,Гель для душа,8,432.81,0.28,3462.48,969.4944,2492.9856,2026-05
2026-05-16,Иванов А.С.,Омск,Автотовары,Щетка для снега,5,1032.6,0.2,5163.0,1032.6000000000001,4130.4,2026-05
2026-05-16,Смирнова Е.А.,Самара,Косметика,Крем для лица,16,1344.93,0.34,21518.88,7316.419200000001,14202.4608,2026-05
2026-05-16,Иванов А.С.,Челябинск,Электроника,Ноутбук,11,77699.68,0.19,854696.48,162392.3312,692304.1488,2026-05
2026-05-16,Кузнецов П.Р.,Москва,Спорт,Фитнес-браслет,5,4244.92,0.27,21224.6,5730.642,15493.957999999999,2026-05
2026-05-17,Кузнецов П.Р.,Москва,Одежда,Куртка,2,8198.88,0.33,16397.76,5411.2608,10986.499199999998,2026-05
2026-05-17,Кузнецов П.Р.,Новосибирск,Одежда,Кроссовки,7,7119.02,0.36,49833.14,17939.930399999997,31893.209600000002,2026-05
2026-05-18,Смирнова Е.А.,Ростов-на-Дону,Книги,Комикс,18,477.28,0.47,8591.039999999999,4037.7887999999994,4553.2512,2026-05
2026-05-18,Кузнецов П.Р.,Новосибирск,Автотовары,Щетка для снега,1,1144.56,0.19,1144.56,217.4664,927.0935999999999,2026-05
2026-05-19,Смирнова Е.А.,Ростов-на-Дону,Автотовары,Ароматизатор,13,359.66,0.23,4675.58,1075.3834,3600.1966,2026-05
2026-05-20,Сидоров К.Д.,Санкт-Петербург,Дом и сад,Садовый шланг,19,1744.14,0.28,33138.66,9278.824800000002,23859.8352,2026-05
2026-05-20,Сидоров К.Д.,Самара,Электроника,Умная колонка,10,13537.24,0.2,135372.4,27074.48,108297.92,2026-05
2026-05-20,Смирнова Е.А.,Ростов-на-Дону,Дом и сад,Увлажнитель воздуха,9,4822.81,0.26,43405.29,11285.3754,32119.9146,2026-05
2026-05-20,Иванов А.С.,Нижний Новгород,Книги,Детектив,9,687.95,0.41,6191.55,2538.5355,3653.0145,2026-05
2026-05-21,Кузнецов П.Р.,Челябинск,Одежда,Кроссовки,15,6967.87,0.4,104518.05,41807.22,62710.83,2026-05
2026-05-21,Иванов А.С.,Новосибирск,Одежда,Джинсы,12,4314.69,0.4,51776.28,20710.512000000002,31065.767999999996,2026-05
2026-05-21,Иванов А.С.,Нижний Новгород,Косметика,Крем для лица,11,1662.91,0.34,18292.010000000002,6219.283400000001,12072.726600000002,2026-05
2026-05-21,Иванов А.С.,Санкт-Петербург,Автотовары,Ароматизатор,17,396.72,0.27,6744.240000000001,1820.9448000000002,4923.2952000000005,2026-05
2026-05-22,Смирнова Е.А.,Москва,Одежда,Платье,18,4760.89,0.42,85696.02,35992.3284,49703.691600000006,2026-05
2026-05-22,Кузнецов П.Р.,Челябинск,Одежда,Куртка,2,9734.11,0.34,19468.22,6619.194800000001,12849.0252,2026-05
2026-05-22,Смирнова Е.А.,Казань,Автотовары,Держатель для телефона,4,671.19,0.19,2684.76,510.10440000000006,2174.6556,2026-05
2026-05-22,Кузнецов П.Р.,Санкт-Петербург,Продукты,Шоколад,5,136.31,0.45,681.55,306.6975,374.85249999999996,2026-05
2026-05-22,Смирнова Е.А.,Новосибирск,Продукты,Шоколад,14,150.76,0.49,2110.64,1034.2135999999998,1076.4264,2026-05
2026-05-23,Смирнова Е.А.,Челябинск,Одежда,Футболка,12,1698.82,0.39,20385.84,7950.4776,12435.3624,2026-05
2026-05-23,Иванов А.С.,Самара,Продукты,Гречка,15,82.5,0.49,1237.5,606.375,631.125,2026-05
2026-05-24,Кузнецов П.Р.,Новосибирск,Автотовары,Щетка для снега,4,1191.69,0.2,4766.76,953.3520000000001,3813.4080000000004,2026-05
2026-05-25,Кузнецов П.Р.,Москва,Одежда,Куртка,16,8287.66,0.38,132602.56,50388.9728,82213.5872,2026-05
2026-05-25,Кузнецов П.Р.,Ростов-на-Дону,Книги,Комикс,4,568.47,0.39,2273.88,886.8132,1387.0668,2026-05
2026-05-25,Кузнецов П.Р.,Омск,Спорт,Бутылка для воды,5,878.38,0.29,4391.9,1273.6509999999998,3118.249,2026-05
2026-05-26,Петрова М.В.,Нижний Новгород,Продукты,Кофе зерновой,9,1318.58,0.43,11867.22,5102.9046,6764.3153999999995,2026-05
2026-05-26,Иванов А.С.,Новосибирск,Продукты,Сыр,3,1586.26,0.45,4758.78,2141.451,2617.3289999999997,2026-05
2026-05-26,Кузнецов П.Р.,Челябинск,Одежда,Кроссовки,12,5915.7,0.4,70988.4,28395.36,42593.03999999999,2026-05
2026-05-26,Кузнецов П.Р.,Нижний Новгород,Дом и сад,Садовый шланг,17,2188.18,0.31,37199.06,11531.7086,25667.3514,2026-05
2026-05-27,Кузнецов П.Р.,Нижний Новгород,Книги,Бизнес,16,783.79,0.44,12540.64,5517.8816,7022.7584,2026-05
2026-05-28,Петрова М.В.,Новосибирск,Книги,Детектив,20,689.29,0.45,13785.8,6203.61,7582.19,2026-05
2026-05-28,Петрова М.В.,Москва,Одежда,Куртка,10,7651.5,0.38,76515.0,29075.7,47439.3,2026-05
2026-05-28,Смирнова Е.А.,Нижний Новгород,Дом и сад,Набор посуды,4,7362.56,0.23,29450.24,6773.555200000001,22676.684800000003,2026-05
2026-05-30,Петрова М.В.,Самара,Книги,Детектив,6,659.85,0.41,3959.1000000000004,1623.231,2335.8690000000006,2026-05
2026-05-30,Петрова М.В.,Санкт-Петербург,Продукты,Оливковое масло,4,1773.34,0.45,7093.36,3192.0119999999997,3901.348,2026-05
2026-05-30,Кузнецов П.Р.,Казань,Электроника,Умная колонка,2,10565.41,0.16,21130.82,3380.9312,17749.8888,2026-05
2026-05-30,Иванов А.С.,Ростов-на-Дону,Дом и сад,Садовый шланг,18,1884.65,0.29,33923.700000000004,9837.873000000001,24085.827000000005,2026-05
2026-05-30,Сидоров К.Д.,Новосибирск,Продукты,Шоколад,4,157.75,0.45,631.0,283.95,347.05,2026-05
2026-05-30,Петрова М.В.,Екатеринбург,Спорт,Гантели,13,3953.88,0.32,51400.44,16448.1408,34952.2992,2026-05
2026-05-30,Кузнецов П.Р.,Москва,Продукты,Сыр,8,1427.48,0.45,11419.84,5138.928,6280.912,2026-05
2026-05-30,Сидоров К.Д.,Ростов-на-Дону,Электроника,Ноутбук,13,74626.31,0.18,970142.03,174625.5654,795516.4646000001,2026-05
2026-06-01,Сидоров К.Д.,Екатеринбург,Дом и сад,Чайник,4,3161.71,0.22,12646.84,2782.3048,9864.5352,2026-06
2026-06-01,Сидоров К.Д.,Москва,Косметика,Крем для лица,13,1386.23,0.36,18020.99,6487.5564,11533.4336,2026-06
2026-06-01,Кузнецов П.Р.,Омск,Спорт,Бутылка для воды,4,949.83,0.32,3799.32,1215.7824,2583.5376,2026-06
2026-06-01,Петрова М.В.,Челябинск,Спорт,Гантели,6,3830.51,0.3,22983.06,6894.918000000001,16088.142,2026-06
2026-06-01,Кузнецов П.Р.,Москва,Электроника,Беспроводные наушники,6,9041.97,0.13,54251.81999999999,7052.736599999999,47199.083399999996,2026-06
2026-06-01,Петрова М.В.,Нижний Новгород,Спорт,Бутылка для воды,3,930.89,0.31,2792.67,865.7277,1926.9423000000002,2026-06
2026-06-02,Смирнова Е.А.,Самара,Косметика,Шампунь,6,623.71,0.3,3742.26,1122.678,2619.5820000000003,2026-06
2026-06-02,Смирнова Е.А.,Челябинск,Книги,Художественная литература,10,788.26,0.42,7882.6,3310.692,4571.908,2026-06
2026-06-02,Иванов А.С.,Екатеринбург,Автотовары,Органайзер,2,1686.04,0.18,3372.08,606.9744,2765.1056,2026-06
2026-06-02,Кузнецов П.Р.,Челябинск,Дом и сад,Увлажнитель воздуха,1,5131.03,0.23,5131.03,1180.1369,3950.8931,2026-06
2026-06-02,Иванов А.С.,Ростов-на-Дону,Одежда,Платье,15,5502.03,0.4,82530.45,33012.18,49518.27,2026-06
2026-06-03,Смирнова Е.А.,Челябинск,Автотовары,Щетка для снега,18,1275.65,0.26,22961.7,5970.042,16991.658,2026-06
2026-06-03,Смирнова Е.А.,Казань,Электроника,Умные часы,9,23545.11,0.15,211905.99,31785.898499999996,180120.09149999998,2026-06
2026-06-04,Петрова М.В.,Нижний Новгород,Продукты,Сыр,8,1827.22,0.46,14617.76,6724.1696,7893.5904,2026-06
2026-06-04,Кузнецов П.Р.,Челябинск,Косметика,Маска для волос,1,912.56,0.28,912.56,255.51680000000002,657.0432,2026-06
2026-06-04,Петрова М.В.,Нижний Новгород,Дом и сад,Чайник,5,2586.13,0.26,12930.650000000001,3361.9690000000005,9568.681,2026-06
2026-06-04,Сидоров К.Д.,Санкт-Петербург,Спорт,Фитнес-браслет,20,3636.02,0.38,72720.4,27633.751999999997,45086.648,2026-06
2026-06-05,Смирнова Е.А.,Нижний Новгород,Автотовары,Держатель для телефона,11,779.01,0.23,8569.11,1970.8953000000001,6598.2147,2026-06
2026-06-05,Иванов А.С.,Челябинск,Дом и сад,Увлажнитель воздуха,11,4373.61,0.28,48109.71,13470.7188,34638.9912,2026-06
2026-06-05,Сидоров К.Д.,Санкт-Петербург,Косметика,Шампунь,7,683.48,0.31,4784.360000000001,1483.1516000000001,3301.2084000000004,2026-06
2026-06-06,Сидоров К.Д.,Омск,Автотовары,Видеорегистратор,15,7116.57,0.25,106748.54999999999,26687.137499999997,80061.41249999999,2026-06
2026-06-06,Иванов А.С.,Новосибирск,Автотовары,Видеорегистратор,13,6673.81,0.25,86759.53,21689.8825,65069.6475,2026-06
2026-06-06,Кузнецов П.Р.,Челябинск,Одежда,Футболка,11,1462.98,0.37,16092.78,5954.3286,10138.451400000002,2026-06
2026-06-07,Сидоров К.Д.,Ростов-на-Дону,Книги,Детектив,3,697.56,0.4,2092.68,837.072,1255.6079999999997,2026-06
2026-06-07,Кузнецов П.Р.,Екатеринбург,Спорт,Бутылка для воды,12,814.4,0.35,9772.8,3420.4799999999996,6352.32,2026-06
2026-06-07,Сидоров К.Д.,Самара,Спорт,Коврик для йоги,19,2329.5,0.36,44260.5,15933.779999999999,28326.72,2026-06
2026-06-09,Иванов А.С.,Новосибирск,Дом и сад,Чайник,8,3034.51,0.23,24276.08,5583.4984,18692.5816,2026-06
2026-06-09,Смирнова Е.А.,Казань,Книги,Бизнес,20,948.48,0.47,18969.6,8915.712,10053.887999999999,2026-06
2026-06-09,Смирнова Е.А.,Екатеринбург,Спорт,Бутылка для воды,3,852.46,0.31,2557.38,792.7878000000001,1764.5922,2026-06
2026-06-09,Смирнова Е.А.,Челябинск,Косметика,Крем для лица,2,1404.98,0.28,2809.96,786.7888,2023.1712,2026-06
2026-06-10,Петрова М.В.,Ростов-на-Дону,Спорт,Бутылка для воды,7,1006.66,0.27,7046.62,1902.5874000000001,5144.0326,2026-06
2026-06-10,Петрова М.В.,Нижний Новгород,Косметика,Маска для волос,9,930.54,0.27,8374.86,2261.2122000000004,6113.647800000001,2026-06
2026-06-10,Смирнова Е.А.,Москва,Автотовары,Ароматизатор,19,405.55,0.27,7705.45,2080.4715,5624.978499999999,2026-06
2026-06-10,Петрова М.В.,Санкт-Петербург,Дом и сад,Садовый шланг,14,1979.1,0.31,27707.399999999998,8589.294,19118.106,2026-06
2026-06-10,Петрова М.В.,Москва,Автотовары,Щетка для снега,20,1328.7,0.28,26574.0,7440.72,19133.28,2026-06
2026-06-11,Кузнецов П.Р.,Ростов-на-Дону,Книги,Художественная литература,5,636.16,0.4,3180.7999999999997,1272.32,1908.4799999999998,2026-06
2026-06-11,Сидоров К.Д.,Челябинск,Продукты,Кофе зерновой,7,1125.67,0.44,7879.6900000000005,3467.0636000000004,4412.6264,2026-06
2026-06-12,Смирнова Е.А.,Казань,Косметика,Гель для душа,20,395.9,0.35,7918.0,2771.2999999999997,5146.700000000001,2026-06
2026-06-13,Иванов А.С.,Ростов-на-Дону,Электроника,Умная колонка,20,12984.31,0.21,259686.19999999998,54534.10199999999,205152.098,2026-06
2026-06-13,Сидоров К.Д.,Санкт-Петербург,Косметика,Шампунь,6,555.49,0.28,3332.94,933.2232000000001,2399.7168,2026-06
2026-06-13,Кузнецов П.Р.,Омск,Дом и сад,Робот-пылесос,9,23666.45,0.23,212998.05000000002,48989.55150000001,164008.49850000002,2026-06
2026-06-14,Сидоров К.Д.,Казань,Книги,Художественная литература,9,664.05,0.38,5976.45,2271.051,3705.399,2026-06
2026-06-14,Смирнова Е.А.,Ростов-на-Дону,Автотовары,Ароматизатор,8,397.44,0.18,3179.52,572.3136,2607.2064,2026-06
2026-06-14,Иванов А.С.,Новосибирск,Автотовары,Щетка для снега,6,1200.95,0.19,7205.700000000001,1369.083,5836.617,2026-06
2026-06-15,Сидоров К.Д.,Нижний Новгород,Электроника,Умная колонка,13,10279.68,0.17,133635.84,22718.092800000002,110917.7472,2026-06
2026-06-15,Смирнова Е.А.,Ростов-на-Дону,Одежда,Кроссовки,1,6147.8,0.34,6147.8,2090.2520000000004,4057.548,2026-06
2026-06-16,Смирнова Е.А.,Москва,Одежда,Платье,8,5654.56,0.32,45236.48,14475.673600000002,30760.8064,2026-06
2026-06-16,Петрова М.В.,Челябинск,Одежда,Футболка,16,1319.85,0.39,21117.6,8235.864,12881.735999999999,2026-06
2026-06-16,Петрова М.В.,Челябинск,Книги,Художественная литература,3,743.23,0.37,2229.69,824.9853,1404.7047,2026-06
2026-06-17,Иванов А.С.,Нижний Новгород,Автотовары,Видеорегистратор,1,7032.04,0.21,7032.04,1476.7284,5555.3116,2026-06
2026-06-17,Смирнова Е.А.,Москва,Косметика,Маска для волос,11,953.66,0.36,10490.26,3776.4936,6713.7664,2026-06
2026-06-17,Кузнецов П.Р.,Новосибирск,Одежда,Кроссовки,5,6254.96,0.32,31274.8,10007.936,21266.864,2026-06
2026-06-17,Смирнова Е.А.,Нижний Новгород,Электроника,Ноутбук,1,88671.95,0.16,88671.95,14187.512,74484.438,2026-06
2026-06-17,Смирнова Е.А.,Москва,Косметика,Парфюм,4,5170.63,0.31,20682.52,6411.5812000000005,14270.9388,2026-06
2026-06-18,Иванов А.С.,Омск,Продукты,Сыр,10,1626.74,0.48,16267.4,7808.352,8459.047999999999,2026-06
2026-06-18,Иванов А.С.,Омск,Книги,Комикс,15,538.63,0.47,8079.45,3797.3414999999995,4282.1085,2026-06
2026-06-18,Кузнецов П.Р.,Омск,Косметика,Шампунь,3,580.35,0.27,1741.0500000000002,470.0835000000001,1270.9665,2026-06
2026-06-18,Смирнова Е.А.,Самара,Спорт,Коврик для йоги,12,2747.47,0.35,32969.64,11539.374,21430.266,2026-06
2026-06-18,Иванов А.С.,Омск,Продукты,Оливковое масло,19,1807.54,0.49,34343.26,16828.1974,17515.0626,2026-06
2026-06-19,Иванов А.С.,Санкт-Петербург,Электроника,Ноутбук,8,81573.88,0.15,652591.04,97888.656,554702.3840000001,2026-06
2026-06-20,Петрова М.В.,Новосибирск,Спорт,Коврик для йоги,20,2636.98,0.36,52739.6,18986.255999999998,33753.344,2026-06
2026-06-20,Кузнецов П.Р.,Ростов-на-Дону,Косметика,Шампунь,17,521.16,0.35,8859.72,3100.9019999999996,5758.817999999999,2026-06
2026-06-21,Сидоров К.Д.,Самара,Книги,Детектив,14,661.08,0.47,9255.12,4349.9064,4905.213600000001,2026-06
2026-06-21,Петрова М.В.,Новосибирск,Дом и сад,Увлажнитель воздуха,16,4564.14,0.28,73026.24,20447.347200000004,52578.8928,2026-06
2026-06-21,Сидоров К.Д.,Казань,Электроника,Умная колонка,16,12534.33,0.18,200549.28,36098.8704,164450.4096,2026-06
2026-06-21,Сидоров К.Д.,Омск,Электроника,Ноутбук,19,85717.57,0.2,1628633.83,325726.76600000006,1302907.064,2026-06
2026-06-22,Кузнецов П.Р.,Москва,Электроника,Смартфон,2,50680.32,0.14,101360.64,14190.4896,87170.1504,2026-06
2026-06-23,Смирнова Е.А.,Екатеринбург,Спорт,Мяч,1,800.77,0.28,800.77,224.21560000000002,576.5544,2026-06
2026-06-23,Сидоров К.Д.,Нижний Новгород,Электроника,Умная колонка,12,11208.96,0.2,134507.52,26901.504,107606.01599999999,2026-06
2026-06-24,Сидоров К.Д.,Москва,Одежда,Платье,10,5907.13,0.39,59071.3,23037.807,36033.493,2026-06
2026-06-24,Сидоров К.Д.,Самара,Дом и сад,Чайник,11,3057.91,0.29,33637.009999999995,9754.732899999997,23882.2771,2026-06
2026-06-24,Смирнова Е.А.,Нижний Новгород,Продукты,Сыр,18,1571.86,0.48,28293.48,13580.8704,14712.6096,2026-06
2026-06-24,Петрова М.В.,Челябинск,Дом и сад,Садовый шланг,14,1787.39,0.27,25023.460000000003,6756.334200000001,18267.1258,2026-06
2026-06-25,Кузнецов П.Р.,Самара,Продукты,Сыр,19,1472.25,0.47,27972.75,13147.1925,14825.5575,2026-06
2026-06-25,Смирнова Е.А.,Санкт-Петербург,Автотовары,Органайзер,12,1651.22,0.26,19814.64,5151.8064,14662.833599999998,2026-06
2026-06-27,Иванов А.С.,Екатеринбург,Электроника,Смартфон,2,50838.08,0.13,101676.16,13217.900800000001,88458.2592,2026-06
2026-06-27,Смирнова Е.А.,Нижний Новгород,Дом и сад,Чайник,10,3293.38,0.32,32933.8,10538.816,22394.984000000004,2026-06
2026-06-27,Смирнова Е.А.,Омск,Одежда,Кроссовки,14,5627.93,0.39,78791.02,30728.4978,48062.52220000001,2026-06
2026-06-27,Сидоров К.Д.,Омск,Дом и сад,Набор посуды,8,7097.25,0.24,56778.0,13626.72,43151.28,2026-06
2026-06-28,Иванов А.С.,Санкт-Петербург,Автотовары,Ароматизатор,16,426.1,0.22,6817.6,1499.872,5317.728,2026-06
2026-06-28,Кузнецов П.Р.,Казань,Дом и сад,Увлажнитель воздуха,8,5508.32,0.24,44066.56,10575.9744,33490.5856,2026-06
2026-06-28,Иванов А.С.,Омск,Книги,Фантастика,4,713.58,0.41,2854.32,1170.2712,1684.0488000000003,2026-06
2026-06-29,Петрова М.В.,Екатеринбург,Продукты,Оливковое масло,20,1760.71,0.5,35214.2,17607.1,17607.1,2026-06
2026-06-29,Смирнова Е.А.,Омск,Автотовары,Держатель для телефона,13,601.06,0.22,7813.779999999999,1719.0315999999998,6094.748399999999,2026-06
2026-06-29,Иванов А.С.,Санкт-Петербург,Электроника,Смартфон,2,46886.59,0.15,93773.18,14065.976999999999,79707.203,2026-06
2026-06-29,Сидоров К.Д.,Нижний Новгород,Косметика,Гель для душа,19,435.71,0.34,8278.49,2814.6866,5463.8034,2026-06
2026-06-29,Иванов А.С.,Омск,Косметика,Шампунь,8,609.17,0.28,4873.36,1364.5408,3508.8192,2026-06
2026-06-30,Смирнова Е.А.,Нижний Новгород,Электроника,Ноутбук,2,97433.69,0.13,194867.38,25332.759400000003,169534.6206,2026-06
2026-06-30,Смирнова Е.А.,Санкт-Петербург,Дом и сад,Увлажнитель воздуха,14,4250.46,0.27,59506.44,16066.738800000001,43439.7012,2026-06
2026-07-01,Кузнецов П.Р.,Екатеринбург,Косметика,Шампунь,10,588.37,0.35,5883.7,2059.2949999999996,3824.405,2026-07
2026-07-01,Смирнова Е.А.,Казань,Книги,Бизнес,8,898.18,0.39,7185.44,2802.3215999999998,4383.118399999999,2026-07
2026-07-01,Иванов А.С.,Казань,Продукты,Шоколад,5,147.39,0.45,736.9499999999999,331.6275,405.32249999999993,2026-07
2026-07-02,Сидоров К.Д.,Нижний Новгород,Одежда,Куртка,7,7916.63,0.33,55416.41,18287.4153,37128.9947,2026-07
2026-07-02,Смирнова Е.А.,Новосибирск,Автотовары,Ароматизатор,19,422.13,0.22,8020.47,1764.5034,6255.9666,2026-07
2026-07-02,Смирнова Е.А.,Москва,Книги,Фантастика,8,780.08,0.39,6240.64,2433.8496,3806.7904000000003,2026-07
2026-07-02,Кузнецов П.Р.,Нижний Новгород,Одежда,Куртка,2,9037.41,0.33,18074.82,5964.6906,12110.1294,2026-07
2026-07-03,Иванов А.С.,Санкт-Петербург,Продукты,Сыр,1,1383.61,0.44,1383.61,608.7883999999999,774.8216,2026-07
2026-07-03,Петрова М.В.,Самара,Одежда,Футболка,20,1438.18,0.43,28763.600000000002,12368.348,16395.252,2026-07
2026-07-03,Петрова М.В.,Самара,Продукты,Гречка,5,98.35,0.43,491.75,211.4525,280.2975,2026-07
2026-07-04,Иванов А.С.,Москва,Дом и сад,Робот-пылесос,20,22418.95,0.31,448379.0,138997.49,309381.51,2026-07
2026-07-04,Петрова М.В.,Москва,Электроника,Умная колонка,20,10784.21,0.22,215684.19999999998,47450.524,168233.67599999998,2026-07
2026-07-05,Кузнецов П.Р.,Омск,Электроника,Беспроводные наушники,8,8350.24,0.16,66801.92,10688.3072,56113.6128,2026-07
2026-07-05,Иванов А.С.,Екатеринбург,Автотовары,Видеорегистратор,3,7584.92,0.19,22754.760000000002,4323.4044,18431.355600000003,2026-07
2026-07-05,Сидоров К.Д.,Москва,Продукты,Оливковое масло,11,2026.11,0.48,22287.21,10697.860799999999,11589.3492,2026-07
2026-07-06,Кузнецов П.Р.,Ростов-на-Дону,Спорт,Коврик для йоги,8,2149.89,0.28,17199.12,4815.7536,12383.366399999999,2026-07
2026-07-06,Сидоров К.Д.,Москва,Книги,Художественная литература,9,687.36,0.38,6186.24,2350.7712,3835.4687999999996,2026-07
2026-07-06,Петрова М.В.,Челябинск,Одежда,Куртка,16,9716.01,0.4,155456.16,62182.46400000001,93273.696,2026-07
2026-07-07,Петрова М.В.,Санкт-Петербург,Книги,Бизнес,8,992.25,0.39,7938.0,3095.82,4842.18,2026-07
2026-07-07,Кузнецов П.Р.,Санкт-Петербург,Спорт,Фитнес-браслет,18,3620.61,0.37,65170.98,24113.262600000002,41057.7174,2026-07
2026-07-07,Иванов А.С.,Нижний Новгород,Продукты,Сыр,20,1449.34,0.5,28986.8,14493.4,14493.4,2026-07
2026-07-07,Смирнова Е.А.,Самара,Дом и сад,Робот-пылесос,14,27460.94,0.29,384453.16,111491.41639999999,272961.7436,2026-07
2026-07-08,Кузнецов П.Р.,Москва,Спорт,Мяч,16,767.84,0.36,12285.44,4422.7584,7862.681600000001,2026-07
2026-07-08,Смирнова Е.А.,Санкт-Петербург,Дом и сад,Увлажнитель воздуха,4,5009.01,0.27,20036.04,5409.7308,14626.3092,2026-07
2026-07-09,Кузнецов П.Р.,Нижний Новгород,Спорт,Бутылка для воды,9,847.39,0.27,7626.51,2059.1577,5567.3523000000005,2026-07
2026-07-09,Сидоров К.Д.,Новосибирск,Косметика,Маска для волос,18,846.94,0.32,15244.920000000002,4878.374400000001,10366.545600000001,2026-07
2026-07-09,Кузнецов П.Р.,Омск,Дом и сад,Робот-пылесос,6,21359.71,0.23,128158.26,29476.3998,98681.8602,2026-07
2026-07-09,Петрова М.В.,Ростов-на-Дону,Продукты,Гречка,13,100.06,0.5,1300.78,650.39,650.39,2026-07
2026-07-09,Сидоров К.Д.,Екатеринбург,Спорт,Бутылка для воды,12,918.64,0.36,11023.68,3968.5248,7055.1552,2026-07
2026-07-09,Смирнова Е.А.,Москва,Продукты,Гречка,2,98.86,0.44,197.72,86.9968,110.7232,2026-07
2026-07-09,Сидоров К.Д.,Москва,Спорт,Бутылка для воды,4,952.62,0.28,3810.48,1066.9344,2743.5456,2026-07
2026-07-10,Кузнецов П.Р.,Омск,Продукты,Шоколад,18,129.51,0.48,2331.18,1118.9663999999998,1212.2136,2026-07
2026-07-10,Петрова М.В.,Нижний Новгород,Электроника,Умные часы,5,22413.6,0.14,112068.0,15689.520000000002,96378.48,2026-07
2026-07-11,Петрова М.В.,Новосибирск,Электроника,Умные часы,6,24812.14,0.13,148872.84,19353.4692,129519.3708,2026-07
2026-07-11,Иванов А.С.,Ростов-на-Дону,Дом и сад,Робот-пылесос,10,21584.95,0.31,215849.5,66913.345,148936.155,2026-07
2026-07-12,Кузнецов П.Р.,Самара,Книги,Комикс,7,462.59,0.37,3238.1299999999997,1198.1081,2040.0218999999997,2026-07
2026-07-12,Иванов А.С.,Самара,Продукты,Гречка,19,94.91,0.5,1803.29,901.645,901.645,2026-07
2026-07-13,Кузнецов П.Р.,Санкт-Петербург,Электроника,Ноутбук,19,91108.55,0.2,1731062.45,346212.49,1384849.96,2026-07
2026-07-13,Петрова М.В.,Самара,Электроника,Ноутбук,13,81470.55,0.2,1059117.1500000001,211823.43000000005,847293.7200000001,2026-07
2026-07-14,Смирнова Е.А.,Казань,Одежда,Куртка,7,9261.8,0.36,64832.59999999999,23339.735999999997,41492.863999999994,2026-07
2026-07-14,Смирнова Е.А.,Челябинск,Спорт,Фитнес-браслет,4,4215.46,0.27,16861.84,4552.696800000001,12309.143199999999,2026-07
2026-07-14,Кузнецов П.Р.,Казань,Одежда,Куртка,13,8975.82,0.41,116685.66,47841.1206,68844.53940000001,2026-07
2026-07-15,Кузнецов П.Р.,Екатеринбург,Продукты,Кофе зерновой,8,1046.64,0.42,8373.12,3516.7104000000004,4856.409600000001,2026-07
2026-07-16,Иванов А.С.,Челябинск,Дом и сад,Увлажнитель воздуха,7,4603.85,0.24,32226.950000000004,7734.468000000001,24492.482000000004,2026-07
2026-07-16,Петрова М.В.,Омск,Продукты,Кофе зерновой,17,1055.13,0.5,17937.210000000003,8968.605000000001,8968.605000000001,2026-07
2026-07-17,Иванов А.С.,Челябинск,Дом и сад,Робот-пылесос,4,25638.25,0.27,102553.0,27689.31,74863.69,2026-07
2026-07-17,Кузнецов П.Р.,Омск,Косметика,Крем для лица,1,1585.73,0.32,1585.73,507.4336,1078.2964,2026-07
2026-07-17,Иванов А.С.,Москва,Дом и сад,Робот-пылесос,1,25180.84,0.22,25180.84,5539.7848,19641.0552,2026-07
2026-07-17,Петрова М.В.,Самара,Автотовары,Щетка для снега,9,1209.85,0.19,10888.65,2068.8435,8819.806499999999,2026-07
2026-07-17,Иванов А.С.,Ростов-на-Дону,Автотовары,Видеорегистратор,20,7446.47,0.28,148929.4,41700.232,107229.16799999999,2026-07
2026-07-17,Иванов А.С.,Казань,Продукты,Сыр,3,1623.63,0.46,4870.89,2240.6094000000003,2630.2806,2026-07
2026-07-18,Сидоров К.Д.,Новосибирск,Косметика,Гель для душа,16,397.5,0.36,6360.0,2289.6,4070.4,2026-07
2026-07-18,Смирнова Е.А.,Ростов-на-Дону,Косметика,Крем для лица,2,1558.04,0.28,3116.08,872.5024000000001,2243.5775999999996,2026-07
2026-07-18,Петрова М.В.,Санкт-Петербург,Книги,Художественная литература,10,731.81,0.47,7318.099999999999,3439.5069999999996,3878.593,2026-07
2026-07-18,Сидоров К.Д.,Москва,Спорт,Фитнес-браслет,14,3791.17,0.36,53076.380000000005,19107.4968,33968.883200000004,2026-07
2026-07-19,Кузнецов П.Р.,Екатеринбург,Электроника,Умная колонка,10,11027.73,0.19,110277.29999999999,20952.686999999998,89324.61299999998,2026-07
2026-07-19,Петрова М.В.,Самара,Дом и сад,Робот-пылесос,15,23797.59,0.28,356963.85,99949.878,257013.97199999998,2026-07
2026-07-19,Сидоров К.Д.,Самара,Косметика,Маска для волос,6,931.26,0.29,5587.5599999999995,1620.3923999999997,3967.1675999999998,2026-07
2026-07-20,Кузнецов П.Р.,Москва,Книги,Комикс,20,467.82,0.46,9356.4,4303.944,5052.455999999999,2026-07
2026-07-20,Смирнова Е.А.,Челябинск,Одежда,Куртка,4,10315.75,0.32,41263.0,13204.16,28058.84,2026-07
2026-07-21,Сидоров К.Д.,Новосибирск,Косметика,Крем для лица,8,1559.03,0.28,12472.24,3492.2272000000003,8980.0128,2026-07
2026-07-22,Иванов А.С.,Санкт-Петербург,Одежда,Джинсы,6,4349.33,0.37,26095.98,9655.5126,16440.4674,2026-07
2026-07-22,Иванов А.С.,Москва,Автотовары,Органайзер,17,1945.27,0.26,33069.59,8598.0934,24471.4966,2026-07
2026-07-22,Сидоров К.Д.,Самара,Дом и сад,Увлажнитель воздуха,8,5287.08,0.24,42296.64,10151.193599999999,32145.4464,2026-07
2026-07-22,Сидоров К.Д.,Омск,Продукты,Шоколад,7,137.17,0.44,960.1899999999999,422.48359999999997,537.7064,2026-07
2026-07-22,Иванов А.С.,Ростов-на-Дону,Электроника,Ноутбук,7,82202.37,0.14,575416.59,80558.3226,494858.26739999995,2026-07
2026-07-23,Петрова М.В.,Самара,Электроника,Ноутбук,14,90276.23,0.18,1263867.22,227496.0996,1036371.1204,2026-07
2026-07-23,Петрова М.В.,Челябинск,Книги,Фантастика,19,725.91,0.45,13792.289999999999,6206.5305,7585.759499999999,2026-07
2026-07-24,Петрова М.В.,Нижний Новгород,Автотовары,Ароматизатор,3,458.43,0.2,1375.29,275.058,1100.232,2026-07
2026-07-24,Смирнова Е.А.,Самара,Электроника,Ноутбук,12,90861.79,0.22,1090341.48,239875.1256,850466.3544,2026-07
2026-07-24,Сидоров К.Д.,Москва,Автотовары,Органайзер,6,2042.05,0.22,12252.3,2695.506,9556.794,2026-07
2026-07-24,Иванов А.С.,Москва,Дом и сад,Увлажнитель воздуха,19,4376.17,0.27,83147.23,22449.7521,60697.4779,2026-07
2026-07-24,Смирнова Е.А.,Новосибирск,Спорт,Гантели,18,3692.37,0.35,66462.66,23261.931,43200.72900000001,2026-07
2026-07-24,Иванов А.С.,Нижний Новгород,Продукты,Кофе зерновой,15,1246.33,0.5,18694.949999999997,9347.474999999999,9347.474999999999,2026-07
2026-07-24,Сидоров К.Д.,Самара,Спорт,Мяч,9,734.64,0.32,6611.76,2115.7632000000003,4495.9968,2026-07
2026-07-24,Петрова М.В.,Екатеринбург,Одежда,Кроссовки,1,6685.98,0.34,6685.98,2273.2332,4412.746799999999,2026-07
2026-07-24,Петрова М.В.,Самара,Автотовары,Органайзер,4,1667.35,0.17,6669.4,1133.798,5535.602,2026-07
2026-07-25,Кузнецов П.Р.,Омск,Спорт,Бутылка для воды,10,870.69,0.34,8706.900000000001,2960.346000000001,5746.554,2026-07
2026-07-25,Петрова М.В.,Казань,Продукты,Кофе зерновой,17,1266.04,0.5,21522.68,10761.34,10761.34,2026-07
2026-07-25,Смирнова Е.А.,Нижний Новгород,Спорт,Коврик для йоги,4,2653.59,0.31,10614.36,3290.4516000000003,7323.9084,2026-07
2026-07-27,Сидоров К.Д.,Москва,Продукты,Оливковое масло,4,1675.45,0.43,6701.8,2881.774,3820.0260000000003,2026-07
2026-07-27,Петрова М.В.,Москва,Дом и сад,Садовый шланг,19,1948.81,0.28,37027.39,10367.6692,26659.7208,2026-07
2026-07-27,Петрова М.В.,Казань,Автотовары,Органайзер,15,1737.29,0.24,26059.35,6254.244,19805.106,2026-07
2026-07-28,Петрова М.В.,Самара,Автотовары,Органайзер,20,1807.71,0.3,36154.2,10846.259999999998,25307.94,2026-07
2026-07-28,Смирнова Е.А.,Москва,Одежда,Платье,10,5986.19,0.42,59861.899999999994,25141.997999999996,34719.902,2026-07
2026-07-28,Сидоров К.Д.,Челябинск,Косметика,Гель для душа,3,445.91,0.28,1337.73,374.56440000000003,963.1656,2026-07
2026-07-28,Петрова М.В.,Омск,Одежда,Джинсы,4,4743.36,0.35,18973.44,6640.703999999999,12332.736,2026-07
2026-07-28,Кузнецов П.Р.,Казань,Спорт,Коврик для йоги,15,2783.16,0.34,41747.399999999994,14194.115999999998,27553.283999999996,2026-07
2026-07-29,Иванов А.С.,Ростов-на-Дону,Косметика,Шампунь,1,680.48,0.28,680.48,190.53440000000003,489.9456,2026-07
2026-07-29,Кузнецов П.Р.,Москва,Дом и сад,Увлажнитель воздуха,5,5544.78,0.25,27723.899999999998,6930.974999999999,20792.925,2026-07
2026-07-30,Сидоров К.Д.,Самара,Книги,Бизнес,18,912.07,0.46,16417.260000000002,7551.9396000000015,8865.3204,2026-07
2026-07-30,Иванов А.С.,Москва,Продукты,Гречка,1,80.66,0.45,80.66,36.297,44.363,2026-07
2026-07-30,Смирнова Е.А.,Нижний Новгород,Спорт,Бутылка для воды,7,838.14,0.32,5866.98,1877.4335999999998,3989.5463999999997,2026-07
2026-07-30,Иванов А.С.,Новосибирск,Спорт,Гантели,17,3090.08,0.36,52531.36,18911.2896,33620.0704,2026-07
2026-07-31,Сидоров К.Д.,Омск,Электроника,Умные часы,3,20406.88,0.17,61220.64,10407.508800000001,50813.131199999996,2026-07
2026-07-31,Петрова М.В.,Новосибирск,Одежда,Куртка,4,9030.9,0.35,36123.6,12643.259999999998,23480.34,2026-07
2026-07-31,Сидоров К.Д.,Челябинск,Автотовары,Органайзер,14,1957.43,0.27,27404.02,7399.085400000001,20004.9346,2026-07
2026-07-31,Петрова М.В.,Санкт-Петербург,Спорт,Коврик для йоги,6,2396.12,0.28,14376.72,4025.4816,10351.238399999998,2026-07
2026-07-31,Смирнова Е.А.,Санкт-Петербург,Продукты,Гречка,5,99.65,0.46,498.25,229.19500000000002,269.05499999999995,2026-07
2026-08-01,Сидоров К.Д.,Ростов-на-Дону,Автотовары,Щетка для снега,3,1089.27,0.21,3267.81,686.2401,2581.5699,2026-08
2026-08-01,Иванов А.С.,Самара,Продукты,Гречка,20,89.61,0.5,1792.2,896.1,896.1,2026-08
2026-08-01,Петрова М.В.,Челябинск,Одежда,Футболка,5,1583.43,0.32,7917.150000000001,2533.4880000000003,5383.662,2026-08
2026-08-01,Смирнова Е.А.,Ростов-на-Дону,Автотовары,Органайзер,2,1745.06,0.21,3490.12,732.9251999999999,2757.1948,2026-08
2026-08-02,Иванов А.С.,Ростов-на-Дону,Книги,Художественная литература,12,602.84,0.44,7234.08,3182.9952,4051.0848,2026-08
2026-08-03,Смирнова Е.А.,Москва,Продукты,Кофе зерновой,4,1138.58,0.42,4554.32,1912.8143999999998,2641.5056,2026-08
2026-08-03,Петрова М.В.,Челябинск,Книги,Фантастика,4,714.07,0.42,2856.28,1199.6376,1656.6424000000002,2026-08
2026-08-03,Сидоров К.Д.,Нижний Новгород,Продукты,Сыр,11,1575.56,0.48,17331.16,8318.9568,9012.2032,2026-08
2026-08-04,Иванов А.С.,Москва,Автотовары,Ароматизатор,9,438.14,0.2,3943.2599999999998,788.652,3154.6079999999997,2026-08
2026-08-04,Кузнецов П.Р.,Нижний Новгород,Книги,Фантастика,20,797.11,0.48,15942.2,7652.256,8289.944,2026-08
2026-08-04,Сидоров К.Д.,Нижний Новгород,Одежда,Кроссовки,2,6027.26,0.33,12054.52,3977.9916000000003,8076.5284,2026-08
2026-08-04,Иванов А.С.,Новосибирск,Спорт,Коврик для йоги,16,2844.26,0.34,45508.16,15472.774400000002,30035.3856,2026-08
2026-08-04,Сидоров К.Д.,Нижний Новгород,Книги,Художественная литература,6,707.06,0.38,4242.36,1612.0967999999998,2630.2632,2026-08
2026-08-04,Иванов А.С.,Москва,Спорт,Фитнес-браслет,13,3834.58,0.35,49849.54,17447.339,32402.201,2026-08
2026-08-05,Сидоров К.Д.,Новосибирск,Дом и сад,Чайник,1,3051.93,0.24,3051.93,732.4631999999999,2319.4668,2026-08
2026-08-05,Кузнецов П.Р.,Самара,Автотовары,Органайзер,12,2043.59,0.27,24523.079999999998,6621.2316,17901.8484,2026-08
2026-08-05,Сидоров К.Д.,Екатеринбург,Спорт,Фитнес-браслет,12,3751.12,0.33,45013.44,14854.435200000002,30159.004800000002,2026-08
2026-08-05,Кузнецов П.Р.,Самара,Продукты,Шоколад,1,148.47,0.47,148.47,69.7809,78.6891,2026-08
2026-08-06,Сидоров К.Д.,Казань,Одежда,Кроссовки,19,7445.49,0.39,141464.31,55171.0809,86293.2291,2026-08
2026-08-06,Сидоров К.Д.,Челябинск,Книги,Бизнес,17,766.75,0.45,13034.75,5865.6375,7169.1125,2026-08
2026-08-08,Иванов А.С.,Самара,Косметика,Парфюм,19,4188.74,0.32,79586.06,25467.5392,54118.5208,2026-08
2026-08-08,Иванов А.С.,Челябинск,Электроника,Беспроводные наушники,16,8623.27,0.21,137972.32,28974.1872,108998.1328,2026-08
2026-08-08,Петрова М.В.,Казань,Электроника,Смартфон,7,49548.67,0.12,346840.69,41620.8828,305219.8072,2026-08
2026-08-09,Иванов А.С.,Челябинск,Дом и сад,Робот-пылесос,13,22519.36,0.3,292751.68,87825.504,204926.17599999998,2026-08
2026-08-09,Кузнецов П.Р.,Москва,Книги,Художественная литература,9,625.12,0.41,5626.08,2306.6928,3319.3872,2026-08
2026-08-09,Сидоров К.Д.,Челябинск,Автотовары,Держатель для телефона,16,764.16,0.24,12226.56,2934.3743999999997,9292.1856,2026-08
2026-08-09,Сидоров К.Д.,Новосибирск,Продукты,Гречка,2,78.54,0.43,157.08,67.54440000000001,89.5356,2026-08
2026-08-09,Кузнецов П.Р.,Санкт-Петербург,Автотовары,Держатель для телефона,16,653.8,0.26,10460.8,2719.808,7740.991999999999,2026-08
2026-08-10,Петрова М.В.,Казань,Одежда,Кроссовки,10,5985.68,0.39,59856.8,23344.152000000002,36512.648,2026-08
2026-08-11,Смирнова Е.А.,Екатеринбург,Продукты,Сыр,12,1529.7,0.49,18356.4,8994.636,9361.764000000001,2026-08
2026-08-11,Кузнецов П.Р.,Казань,Продукты,Оливковое масло,12,1767.39,0.47,21208.68,9968.0796,11240.600400000001,2026-08
2026-08-12,Иванов А.С.,Казань,Автотовары,Органайзер,12,1597.01,0.25,19164.12,4791.03,14373.09,2026-08
2026-08-12,Иванов А.С.,Санкт-Петербург,Косметика,Крем для лица,11,1510.66,0.35,16617.260000000002,5816.041,10801.219000000001,2026-08
2026-08-12,Сидоров К.Д.,Екатеринбург,Книги,Комикс,19,516.02,0.45,9804.38,4411.971,5392.409,2026-08
2026-08-12,Сидоров К.Д.,Екатеринбург,Косметика,Гель для душа,16,451.12,0.36,7217.92,2598.4512,4619.468800000001,2026-08
2026-08-13,Петрова М.В.,Екатеринбург,Косметика,Крем для лица,18,1641.66,0.34,29549.88,10046.959200000001,19502.9208,2026-08
2026-08-13,Кузнецов П.Р.,Москва,Спорт,Мяч,14,708.3,0.33,9916.199999999999,3272.346,6643.853999999999,2026-08
2026-08-13,Смирнова Е.А.,Екатеринбург,Дом и сад,Набор посуды,2,7744.29,0.24,15488.58,3717.2592,11771.3208,2026-08
2026-08-13,Смирнова Е.А.,Самара,Продукты,Оливковое масло,15,1900.67,0.47,28510.050000000003,13399.7235,15110.326500000003,2026-08
2026-08-13,Петрова М.В.,Челябинск,Косметика,Парфюм,16,3923.79,0.36,62780.64,22601.0304,40179.609599999996,2026-08
2026-08-13,Иванов А.С.,Самара,Косметика,Маска для волос,6,923.25,0.28,5539.5,1551.0600000000002,3988.4399999999996,2026-08
2026-08-14,Петрова М.В.,Санкт-Петербург,Спорт,Мяч,4,838.3,0.32,3353.2,1073.024,2280.176,2026-08
2026-08-14,Петрова М.В.,Ростов-на-Дону,Электроника,Умная колонка,4,11984.38,0.17,47937.52,8149.3784,39788.141599999995,2026-08
2026-08-14,Иванов А.С.,Новосибирск,Автотовары,Держатель для телефона,18,747.04,0.22,13446.72,2958.2783999999997,10488.4416,2026-08
2026-08-14,Сидоров К.Д.,Москва,Косметика,Парфюм,20,4287.34,0.35,85746.8,30011.379999999997,55735.420000000006,2026-08
2026-08-14,Иванов А.С.,Челябинск,Спорт,Коврик для йоги,1,2666.99,0.31,2666.99,826.7669,1840.2230999999997,2026-08
2026-08-14,Иванов А.С.,Москва,Электроника,Ноутбук,8,89895.81,0.16,719166.48,115066.6368,604099.8432,2026-08
2026-08-15,Сидоров К.Д.,Москва,Автотовары,Держатель для телефона,5,638.84,0.22,3194.2000000000003,702.724,2491.476,2026-08
2026-08-15,Кузнецов П.Р.,Челябинск,Продукты,Сыр,1,1507.2,0.43,1507.2,648.096,859.104,2026-08
2026-08-15,Сидоров К.Д.,Санкт-Петербург,Электроника,Умные часы,10,22859.22,0.19,228592.2,43432.518000000004,185159.682,2026-08
2026-08-15,Смирнова Е.А.,Санкт-Петербург,Косметика,Парфюм,6,4235.68,0.29,25414.08,7370.0832,18043.9968,2026-08
2026-08-15,Смирнова Е.А.,Казань,Одежда,Джинсы,2,4858.33,0.35,9716.66,3400.8309999999997,6315.829,2026-08
2026-08-15,Смирнова Е.А.,Екатеринбург,Одежда,Платье,6,5949.67,0.33,35698.020000000004,11780.346600000003,23917.6734,2026-08
2026-08-16,Сидоров К.Д.,Москва,Косметика,Маска для волос,16,1034.98,0.34,16559.68,5630.291200000001,10929.3888,2026-08
2026-08-16,Кузнецов П.Р.,Санкт-Петербург,Спорт,Гантели,20,3389.88,0.39,67797.6,26441.064000000002,41356.53600000001,2026-08
2026-08-16,Кузнецов П.Р.,Омск,Дом и сад,Набор посуды,9,6054.51,0.27,54490.590000000004,14712.459300000002,39778.1307,2026-08
2026-08-17,Кузнецов П.Р.,Екатеринбург,Продукты,Оливковое масло,14,1989.2,0.49,27848.8,13645.912,14202.887999999999,2026-08
2026-08-17,Петрова М.В.,Новосибирск,Спорт,Гантели,12,4010.72,0.35,48128.64,16845.023999999998,31283.616,2026-08
2026-08-17,Сидоров К.Д.,Москва,Продукты,Оливковое масло,13,1554.72,0.5,20211.36,10105.68,10105.68,2026-08
2026-08-18,Сидоров К.Д.,Нижний Новгород,Продукты,Оливковое масло,14,1682.06,0.48,23548.84,11303.4432,12245.3968,2026-08
2026-08-19,Сидоров К.Д.,Екатеринбург,Книги,Бизнес,20,988.33,0.47,19766.600000000002,9290.302,10476.298000000003,2026-08
2026-08-19,Иванов А.С.,Казань,Спорт,Мяч,1,757.24,0.31,757.24,234.7444,522.4956,2026-08
2026-08-19,Кузнецов П.Р.,Екатеринбург,Одежда,Куртка,20,8067.34,0.44,161346.8,70992.59199999999,90354.208,2026-08
2026-08-20,Петрова М.В.,Казань,Одежда,Футболка,16,1440.66,0.4,23050.56,9220.224,13830.336000000001,2026-08
2026-08-21,Кузнецов П.Р.,Омск,Автотовары,Видеорегистратор,3,7197.73,0.18,21593.19,3886.7742,17706.4158,2026-08
2026-08-21,Петрова М.В.,Челябинск,Косметика,Маска для волос,12,832.65,0.33,9991.8,3297.294,6694.505999999999,2026-08
2026-08-21,Кузнецов П.Р.,Самара,Книги,Детектив,14,574.02,0.46,8036.28,3696.6888,4339.5912,2026-08
2026-08-23,Иванов А.С.,Екатеринбург,Одежда,Платье,14,4708.41,0.38,65917.73999999999,25048.741199999997,40868.998799999994,2026-08
2026-08-23,Смирнова Е.А.,Новосибирск,Дом и сад,Робот-пылесос,2,28318.43,0.24,56636.86,13592.8464,43044.0136,2026-08
2026-08-24,Кузнецов П.Р.,Челябинск,Продукты,Гречка,7,92.14,0.44,644.98,283.7912,361.1888,2026-08
2026-08-25,Кузнецов П.Р.,Екатеринбург,Продукты,Шоколад,3,139.52,0.43,418.56000000000006,179.98080000000002,238.57920000000004,2026-08
2026-08-25,Иванов А.С.,Екатеринбург,Продукты,Шоколад,3,165.08,0.45,495.24,222.858,272.382,2026-08
2026-08-25,Петрова М.В.,Ростов-на-Дону,Косметика,Маска для волос,8,830.45,0.32,6643.6,2125.952,4517.648,2026-08
2026-08-26,Петрова М.В.,Ростов-на-Дону,Спорт,Бутылка для воды,13,846.29,0.33,11001.77,3630.5841000000005,7371.1859,2026-08
2026-08-26,Иванов А.С.,Ростов-на-Дону,Одежда,Кроссовки,17,7114.39,0.39,120944.63,47168.4057,73776.2243,2026-08
2026-08-26,Смирнова Е.А.,Екатеринбург,Электроника,Смартфон,4,47251.21,0.17,189004.84,32130.8228,156874.0172,2026-08
2026-08-26,Петрова М.В.,Новосибирск,Косметика,Маска для волос,10,817.96,0.34,8179.6,2781.0640000000003,5398.536,2026-08
2026-08-27,Кузнецов П.Р.,Казань,Спорт,Бутылка для воды,12,992.85,0.34,11914.2,4050.8280000000004,7863.372,2026-08
2026-08-28,Кузнецов П.Р.,Ростов-на-Дону,Электроника,Умные часы,9,20227.48,0.15,182047.32,27307.098,154740.222,2026-08
2026-08-28,Кузнецов П.Р.,Самара,Электроника,Умные часы,9,23837.89,0.12,214541.01,25744.9212,188796.0888,2026-08
2026-08-28,Кузнецов П.Р.,Самара,Электроника,Умная колонка,12,12885.94,0.19,154631.28,29379.9432,125251.33679999999,2026-08
2026-08-28,Смирнова Е.А.,Челябинск,Косметика,Гель для душа,3,389.43,0.28,1168.29,327.12120000000004,841.1687999999999,2026-08
2026-08-29,Сидоров К.Д.,Москва,Дом и сад,Чайник,7,2612.56,0.24,18287.92,4389.100799999999,13898.819199999998,2026-08
2026-08-29,Сидоров К.Д.,Самара,Дом и сад,Увлажнитель воздуха,9,4742.46,0.27,42682.14,11524.177800000001,31157.962199999998,2026-08
2026-08-29,Смирнова Е.А.,Омск,Косметика,Парфюм,5,4308.5,0.29,21542.5,6247.325,15295.175,2026-08
2026-08-30,Кузнецов П.Р.,Москва,Книги,Бизнес,16,1029.55,0.43,16472.8,7083.303999999999,9389.496,2026-08
2026-08-30,Кузнецов П.Р.,Казань,Автотовары,Органайзер,14,1645.62,0.23,23038.68,5298.8964000000005,17739.7836,2026-08
2026-08-30,Кузнецов П.Р.,Ростов-на-Дону,Электроника,Умные часы,11,24620.58,0.19,270826.38,51457.012200000005,219369.3678,2026-08
2026-08-30,Иванов А.С.,Москва,Дом и сад,Набор посуды,1,6729.58,0.25,6729.58,1682.395,5047.1849999999995,2026-08
2026-08-30,Кузнецов П.Р.,Екатеринбург,Продукты,Гречка,3,87.94,0.42,263.82,110.80439999999999,153.0156,2026-08
2026-08-31,Сидоров К.Д.,Санкт-Петербург,Автотовары,Щетка для снега,15,1317.68,0.23,19765.2,4545.996,15219.204000000002,2026-08
2026-08-31,Кузнецов П.Р.,Санкт-Петербург,Электроника,Умные часы,14,20239.48,0.21,283352.72,59504.07119999999,223848.64879999997,2026-08
2026-08-31,Петрова М.В.,Санкт-Петербург,Спорт,Гантели,17,3997.29,0.34,67953.93,23104.336199999998,44849.593799999995,2026-08
2026-08-31,Смирнова Е.А.,Новосибирск,Автотовары,Держатель для телефона,10,689.32,0.24,6893.200000000001,1654.3680000000002,5238.832,2026-08
2026-09-01,Кузнецов П.Р.,Самара,Продукты,Гречка,9,79.68,0.46,717.1200000000001,329.87520000000006,387.24480000000005,2026-09
2026-09-01,Кузнецов П.Р.,Нижний Новгород,Одежда,Платье,16,5986.13,0.38,95778.08,36395.6704,59382.4096,2026-09
2026-09-02,Иванов А.С.,Самара,Одежда,Куртка,5,9460.94,0.34,47304.700000000004,16083.598000000002,31221.102000000003,2026-09
2026-09-02,Иванов А.С.,Нижний Новгород,Автотовары,Видеорегистратор,3,7864.65,0.21,23593.949999999997,4954.7294999999995,18639.220499999996,2026-09
2026-09-03,Смирнова Е.А.,Ростов-на-Дону,Книги,Художественная литература,16,691.44,0.46,11063.04,5088.9984,5974.0416000000005,2026-09
2026-09-03,Смирнова Е.А.,Самара,Дом и сад,Чайник,14,2841.54,0.28,39781.56,11138.836800000001,28642.723199999997,2026-09
2026-09-04,Петрова М.В.,Казань,Автотовары,Видеорегистратор,6,7700.58,0.21,46203.479999999996,9702.7308,36500.7492,2026-09
2026-09-04,Петрова М.В.,Челябинск,Продукты,Кофе зерновой,3,1110.63,0.42,3331.8900000000003,1399.3938,1932.4962000000003,2026-09
2026-09-04,Иванов А.С.,Самара,Одежда,Платье,16,5323.86,0.38,85181.76,32369.068799999997,52812.6912,2026-09
2026-09-05,Сидоров К.Д.,Самара,Одежда,Куртка,16,8498.91,0.4,135982.56,54393.024000000005,81589.536,2026-09
2026-09-06,Иванов А.С.,Москва,Косметика,Шампунь,14,527.91,0.32,7390.74,2365.0368,5025.7032,2026-09
2026-09-06,Смирнова Е.А.,Челябинск,Автотовары,Щетка для снега,3,1207.56,0.18,3622.68,652.0823999999999,2970.5976,2026-09
2026-09-06,Иванов А.С.,Самара,Спорт,Коврик для йоги,1,2693.36,0.27,2693.36,727.2072000000001,1966.1528,2026-09
2026-09-06,Сидоров К.Д.,Ростов-на-Дону,Спорт,Гантели,14,3035.9,0.36,42502.6,15300.936,27201.663999999997,2026-09
2026-09-07,Сидоров К.Д.,Москва,Косметика,Шампунь,19,524.99,0.36,9974.81,3590.9316,6383.8784,2026-09
2026-09-07,Петрова М.В.,Екатеринбург,Продукты,Гречка,17,96.98,0.5,1648.66,824.33,824.33,2026-09
2026-09-07,Сидоров К.Д.,Челябинск,Продукты,Сыр,8,1513.77,0.46,12110.16,5570.6736,6539.4864,2026-09
2026-09-07,Иванов А.С.,Казань,Одежда,Куртка,20,7728.41,0.41,154568.2,63372.962,91195.23800000001,2026-09
2026-09-08,Сидоров К.Д.,Екатеринбург,Книги,Фантастика,20,672.74,0.46,13454.8,6189.208,7265.592,2026-09
2026-09-08,Иванов А.С.,Самара,Косметика,Маска для волос,15,813.82,0.36,12207.300000000001,4394.628000000001,7812.6720000000005,2026-09
2026-09-08,Смирнова Е.А.,Новосибирск,Одежда,Платье,17,4885.65,0.41,83056.04999999999,34052.98049999999,49003.0695,2026-09
2026-09-08,Петрова М.В.,Омск,Одежда,Куртка,7,8976.42,0.35,62834.94,21992.229,40842.711,2026-09
2026-09-09,Смирнова Е.А.,Омск,Автотовары,Держатель для телефона,10,768.67,0.27,7686.7,2075.409,5611.290999999999,2026-09
2026-09-09,Кузнецов П.Р.,Ростов-на-Дону,Одежда,Куртка,8,7794.23,0.37,62353.84,23070.9208,39282.9192,2026-09
2026-09-09,Смирнова Е.А.,Нижний Новгород,Автотовары,Органайзер,8,1875.31,0.2,15002.48,3000.496,12001.984,2026-09
2026-09-09,Кузнецов П.Р.,Самара,Электроника,Смартфон,15,43170.76,0.19,647561.4,123036.66600000001,524524.734,2026-09
2026-09-10,Петрова М.В.,Санкт-Петербург,Продукты,Оливковое масло,5,1572.74,0.44,7863.7,3460.028,4403.6720000000005,2026-09
2026-09-10,Иванов А.С.,Казань,Книги,Бизнес,12,1030.29,0.45,12363.48,5563.566,6799.914,2026-09
2026-09-10,Кузнецов П.Р.,Новосибирск,Одежда,Платье,18,6307.19,0.38,113529.42,43141.1796,70388.2404,2026-09
2026-09-10,Сидоров К.Д.,Самара,Косметика,Маска для волос,8,1004.6,0.32,8036.8,2571.7760000000003,5465.023999999999,2026-09
2026-09-10,Сидоров К.Д.,Челябинск,Книги,Комикс,13,571.64,0.46,7431.32,3418.4072,4012.9127999999996,2026-09
2026-09-11,Смирнова Е.А.,Ростов-на-Дону,Косметика,Крем для лица,5,1639.64,0.32,8198.2,2623.4240000000004,5574.776,2026-09
2026-09-11,Иванов А.С.,Нижний Новгород,Продукты,Шоколад,4,140.87,0.45,563.48,253.566,309.914,2026-09
2026-09-11,Иванов А.С.,Самара,Одежда,Платье,13,5465.07,0.38,71045.91,26997.4458,44048.4642,2026-09
2026-09-11,Смирнова Е.А.,Ростов-на-Дону,Книги,Детектив,18,709.23,0.45,12766.14,5744.763,7021.3769999999995,2026-09
2026-09-12,Иванов А.С.,Омск,Книги,Бизнес,14,933.1,0.43,13063.4,5617.262,7446.138,2026-09
2026-09-12,Петрова М.В.,Екатеринбург,Книги,Художественная литература,9,666.98,0.38,6002.82,2281.0715999999998,3721.7484,2026-09
2026-09-12,Кузнецов П.Р.,Омск,Электроника,Умные часы,2,24506.46,0.15,49012.92,7351.937999999999,41660.981999999996,2026-09
2026-09-13,Иванов А.С.,Москва,Одежда,Футболка,18,1512.35,0.4,27222.3,10888.92,16333.38,2026-09
2026-09-14,Петрова М.В.,Санкт-Петербург,Спорт,Коврик для йоги,8,2686.97,0.28,21495.76,6018.8128,15476.947199999999,2026-09
2026-09-14,Иванов А.С.,Казань,Продукты,Шоколад,1,128.97,0.45,128.97,58.036500000000004,70.9335,2026-09
2026-09-14,Сидоров К.Д.,Казань,Продукты,Оливковое масло,19,1662.2,0.5,31581.8,15790.9,15790.9,2026-09
2026-09-14,Иванов А.С.,Омск,Книги,Бизнес,2,926.96,0.37,1853.92,685.9504000000001,1167.9696,2026-09
2026-09-14,Смирнова Е.А.,Москва,Электроника,Беспроводные наушники,20,8757.49,0.22,175149.8,38532.956,136616.84399999998,2026-09
2026-09-15,Петрова М.В.,Омск,Косметика,Парфюм,8,4919.87,0.32,39358.96,12594.8672,26764.0928,2026-09
2026-09-15,Сидоров К.Д.,Новосибирск,Косметика,Гель для душа,20,396.84,0.35,7936.799999999999,2777.8799999999997,5158.92,2026-09
2026-09-15,Кузнецов П.Р.,Нижний Новгород,Продукты,Кофе зерновой,14,1340.64,0.5,18768.960000000003,9384.480000000001,9384.480000000001,2026-09
2026-09-16,Сидоров К.Д.,Москва,Дом и сад,Чайник,15,2971.1,0.3,44566.5,13369.949999999999,31196.550000000003,2026-09
2026-09-16,Кузнецов П.Р.,Екатеринбург,Электроника,Умные часы,3,19683.99,0.15,59051.97,8857.7955,50194.1745,2026-09
2026-09-16,Кузнецов П.Р.,Казань,Книги,Комикс,9,430.9,0.4,3878.1,1551.24,2326.8599999999997,2026-09
2026-09-16,Смирнова Е.А.,Омск,Дом и сад,Чайник,16,2586.63,0.27,41386.08,11174.241600000001,30211.8384,2026-09
2026-09-16,Кузнецов П.Р.,Москва,Автотовары,Щетка для снега,1,1051.48,0.17,1051.48,178.75160000000002,872.7284,2026-09
2026-09-16,Кузнецов П.Р.,Новосибирск,Дом и сад,Чайник,6,2858.25,0.24,17149.5,4115.88,13033.619999999999,2026-09
2026-09-17,Петрова М.В.,Нижний Новгород,Одежда,Джинсы,16,5046.86,0.39,80749.76,31492.4064,49257.353599999995,2026-09
2026-09-18,Смирнова Е.А.,Екатеринбург,Дом и сад,Увлажнитель воздуха,6,4256.72,0.26,25540.32,6640.483200000001,18899.836799999997,2026-09
2026-09-18,Петрова М.В.,Москва,Дом и сад,Увлажнитель воздуха,10,5642.2,0.27,56422.0,15233.94,41188.06,2026-09
2026-09-19,Петрова М.В.,Новосибирск,Спорт,Коврик для йоги,12,2740.47,0.35,32885.64,11509.973999999998,21375.666,2026-09
2026-09-19,Сидоров К.Д.,Ростов-на-Дону,Автотовары,Ароматизатор,17,428.63,0.26,7286.71,1894.5446000000002,5392.1654,2026-09
2026-09-19,Петрова М.В.,Санкт-Петербург,Одежда,Платье,15,5420.81,0.38,81312.15000000001,30898.617000000002,50413.53300000001,2026-09
2026-09-19,Петрова М.В.,Москва,Косметика,Парфюм,14,4861.84,0.34,68065.76000000001,23142.358400000005,44923.401600000005,2026-09
2026-09-19,Смирнова Е.А.,Ростов-на-Дону,Автотовары,Щетка для снега,10,1339.84,0.25,13398.4,3349.6,10048.8,2026-09
2026-09-20,Иванов А.С.,Нижний Новгород,Спорт,Мяч,5,784.76,0.3,3923.8,1177.14,2746.66,2026-09
2026-09-20,Петрова М.В.,Самара,Одежда,Футболка,19,1472.4,0.38,27975.600000000002,10630.728000000001,17344.872000000003,2026-09
2026-09-20,Кузнецов П.Р.,Челябинск,Продукты,Кофе зерновой,18,1037.73,0.5,18679.14,9339.57,9339.57,2026-09
2026-09-21,Сидоров К.Д.,Екатеринбург,Дом и сад,Набор посуды,7,7356.85,0.24,51497.950000000004,12359.508,39138.442,2026-09
2026-09-21,Кузнецов П.Р.,Санкт-Петербург,Электроника,Умные часы,1,20222.19,0.14,20222.19,2831.1066,17391.0834,2026-09
2026-09-21,Смирнова Е.А.,Казань,Одежда,Футболка,20,1328.62,0.45,26572.399999999998,11957.58,14614.819999999998,2026-09
2026-09-22,Иванов А.С.,Новосибирск,Косметика,Крем для лица,8,1360.36,0.27,10882.88,2938.3776,7944.502399999999,2026-09
2026-09-22,Иванов А.С.,Новосибирск,Книги,Бизнес,9,938.17,0.41,8443.529999999999,3461.8472999999994,4981.682699999999,2026-09
2026-09-23,Сидоров К.Д.,Казань,Дом и сад,Набор посуды,17,6573.39,0.31,111747.63,34641.7653,77105.8647,2026-09
2026-09-23,Кузнецов П.Р.,Ростов-на-Дону,Спорт,Мяч,10,730.57,0.37,7305.700000000001,2703.1090000000004,4602.591,2026-09
2026-09-23,Иванов А.С.,Екатеринбург,Продукты,Кофе зерновой,3,1138.46,0.45,3415.38,1536.921,1878.459,2026-09
2026-09-24,Кузнецов П.Р.,Москва,Дом и сад,Робот-пылесос,19,26413.84,0.28,501862.96,140521.6288,361341.3312,2026-09
2026-09-24,Кузнецов П.Р.,Нижний Новгород,Электроника,Ноутбук,9,76249.26,0.13,686243.34,89211.6342,597031.7058,2026-09
2026-09-24,Сидоров К.Д.,Новосибирск,Дом и сад,Чайник,2,3395.3,0.23,6790.6,1561.8380000000002,5228.762000000001,2026-09
2026-09-25,Кузнецов П.Р.,Омск,Книги,Фантастика,20,808.44,0.45,16168.800000000001,7275.960000000001,8892.84,2026-09
2026-09-25,Петрова М.В.,Москва,Спорт,Гантели,18,3606.85,0.36,64923.299999999996,23372.388,41550.912,2026-09
2026-09-25,Смирнова Е.А.,Казань,Продукты,Оливковое масло,17,1559.91,0.5,26518.47,13259.235,13259.235,2026-09
2026-09-27,Смирнова Е.А.,Самара,Автотовары,Щетка для снега,9,1075.68,0.21,9681.12,2033.0352,7648.0848000000005,2026-09
2026-09-27,Иванов А.С.,Екатеринбург,Одежда,Кроссовки,8,6089.43,0.37,48715.44,18024.7128,30690.7272,2026-09
2026-09-27,Иванов А.С.,Екатеринбург,Продукты,Оливковое масло,7,1542.07,0.46,10794.49,4965.4654,5829.0246,2026-09
2026-09-29,Кузнецов П.Р.,Ростов-на-Дону,Продукты,Оливковое масло,7,1994.32,0.43,13960.24,6002.9032,7957.3368,2026-09
2026-09-29,Иванов А.С.,Новосибирск,Электроника,Смартфон,9,50818.8,0.13,457369.2,59457.99600000001,397911.204,2026-09
2026-09-30,Кузнецов П.Р.,Новосибирск,Косметика,Шампунь,8,586.99,0.29,4695.92,1361.8167999999998,3334.1032000000005,2026-09
2026-09-30,Кузнецов П.Р.,Новосибирск,Продукты,Оливковое масло,9,1726.79,0.46,15541.11,7148.9106,8392.199400000001,2026-09
2026-09-30,Смирнова Е.А.,Нижний Новгород,Книги,Бизнес,8,782.59,0.41,6260.72,2566.8952,3693.8248000000003,2026-09
2026-10-01,Кузнецов П.Р.,Новосибирск,Электроника,Ноутбук,10,82362.37,0.2,823623.7,164724.74,658898.96,2026-10
2026-10-01,Иванов А.С.,Омск,Продукты,Оливковое масло,17,1723.81,0.49,29304.77,14359.3373,14945.432700000001,2026-10
2026-10-01,Петрова М.В.,Москва,Продукты,Оливковое масло,2,1759.16,0.43,3518.32,1512.8776,2005.4424000000001,2026-10
2026-10-02,Кузнецов П.Р.,Санкт-Петербург,Косметика,Шампунь,6,656.36,0.3,3938.16,1181.4479999999999,2756.712,2026-10
2026-10-03,Смирнова Е.А.,Новосибирск,Автотовары,Щетка для снега,2,1175.77,0.21,2351.54,493.8234,1857.7166,2026-10
2026-10-03,Петрова М.В.,Екатеринбург,Книги,Бизнес,8,916.25,0.41,7330.0,3005.2999999999997,4324.700000000001,2026-10
2026-10-03,Кузнецов П.Р.,Екатеринбург,Продукты,Оливковое масло,9,1736.63,0.46,15629.670000000002,7189.648200000001,8440.0218,2026-10
2026-10-03,Смирнова Е.А.,Москва,Книги,Художественная литература,17,695.74,0.44,11827.58,5204.1352,6623.4448,2026-10
2026-10-04,Сидоров К.Д.,Ростов-на-Дону,Электроника,Ноутбук,4,74890.36,0.13,299561.44,38942.9872,260618.4528,2026-10
2026-10-04,Петрова М.В.,Москва,Электроника,Смартфон,15,49065.6,0.2,735984.0,147196.80000000002,588787.2,2026-10
2026-10-04,Сидоров К.Д.,Екатеринбург,Косметика,Маска для волос,20,882.34,0.36,17646.8,6352.848,11293.952,2026-10
2026-10-04,Смирнова Е.А.,Екатеринбург,Продукты,Гречка,13,103.01,0.48,1339.13,642.7824,696.3476,2026-10
2026-10-05,Сидоров К.Д.,Омск,Косметика,Парфюм,4,3943.03,0.31,15772.12,4889.3572,10882.7628,2026-10
2026-10-05,Петрова М.В.,Омск,Дом и сад,Чайник,12,2652.7,0.28,31832.399999999998,8913.072,22919.327999999998,2026-10
2026-10-05,Смирнова Е.А.,Новосибирск,Электроника,Ноутбук,14,76708.34,0.21,1073916.76,225522.5196,848394.2404,2026-10
2026-10-05,Иванов А.С.,Екатеринбург,Книги,Фантастика,3,643.45,0.38,1930.3500000000001,733.533,1196.817,2026-10
2026-10-05,Петрова М.В.,Санкт-Петербург,Автотовары,Щетка для снега,12,1137.3,0.26,13647.599999999999,3548.3759999999997,10099.223999999998,2026-10
2026-10-06,Петрова М.В.,Самара,Косметика,Парфюм,10,4362.25,0.35,43622.5,15267.874999999998,28354.625,2026-10
2026-10-06,Кузнецов П.Р.,Ростов-на-Дону,Автотовары,Держатель для телефона,15,654.71,0.23,9820.650000000001,2258.7495000000004,7561.900500000002,2026-10
2026-10-06,Петрова М.В.,Омск,Электроника,Умная колонка,1,13112.14,0.17,13112.14,2229.0638,10883.0762,2026-10
2026-10-07,Кузнецов П.Р.,Челябинск,Спорт,Гантели,13,3449.22,0.34,44839.86,15245.5524,29594.3076,2026-10
2026-10-08,Кузнецов П.Р.,Новосибирск,Одежда,Джинсы,13,3889.44,0.37,50562.72,18708.2064,31854.513600000002,2026-10
2026-10-08,Кузнецов П.Р.,Челябинск,Книги,Бизнес,18,866.16,0.45,15590.88,7015.896,8574.984,2026-10
2026-10-08,Иванов А.С.,Омск,Электроника,Умная колонка,15,13661.68,0.22,204925.2,45083.544,159841.65600000002,2026-10
2026-10-08,Кузнецов П.Р.,Ростов-на-Дону,Книги,Фантастика,2,782.75,0.38,1565.5,594.89,970.61,2026-10
2026-10-09,Кузнецов П.Р.,Самара,Косметика,Маска для волос,9,876.52,0.32,7888.68,2524.3776000000003,5364.3024000000005,2026-10
2026-10-09,Кузнецов П.Р.,Екатеринбург,Автотовары,Щетка для снега,2,1301.59,0.21,2603.18,546.6677999999999,2056.5122,2026-10
2026-10-09,Смирнова Е.А.,Новосибирск,Косметика,Крем для лица,13,1624.19,0.35,21114.47,7390.0644999999995,13724.4055,2026-10
2026-10-09,Иванов А.С.,Москва,Одежда,Кроссовки,7,6075.87,0.35,42531.09,14885.881499999998,27645.2085,2026-10
2026-10-09,Петрова М.В.,Нижний Новгород,Электроника,Беспроводные наушники,20,8682.31,0.24,173646.19999999998,41675.087999999996,131971.112,2026-10
2026-10-10,Сидоров К.Д.,Казань,Продукты,Гречка,18,87.78,0.49,1580.04,774.2196,805.8204,2026-10
2026-10-10,Иванов А.С.,Омск,Продукты,Сыр,16,1496.93,0.49,23950.88,11735.9312,12214.9488,2026-10
2026-10-10,Кузнецов П.Р.,Омск,Дом и сад,Чайник,7,2751.76,0.26,19262.32,5008.2032,14254.1168,2026-10
2026-10-10,Сидоров К.Д.,Ростов-на-Дону,Книги,Фантастика,4,805.38,0.4,3221.52,1288.6080000000002,1932.9119999999998,2026-10
2026-10-10,Кузнецов П.Р.,Казань,Автотовары,Ароматизатор,3,395.99,0.21,1187.97,249.4737,938.4963,2026-10
2026-10-11,Петрова М.В.,Москва,Электроника,Смартфон,17,46488.36,0.18,790302.12,142254.3816,648047.7384,2026-10
2026-10-11,Сидоров К.Д.,Челябинск,Продукты,Сыр,1,1405.23,0.47,1405.23,660.4581,744.7719000000001,2026-10
2026-10-11,Сидоров К.Д.,Ростов-на-Дону,Косметика,Шампунь,10,644.24,0.35,6442.4,2254.8399999999997,4187.5599999999995,2026-10
2026-10-11,Петрова М.В.,Челябинск,Косметика,Маска для волос,2,856.46,0.31,1712.92,531.0052000000001,1181.9148,2026-10
2026-10-11,Смирнова Е.А.,Москва,Книги,Бизнес,6,869.81,0.38,5218.86,1983.1668,3235.6931999999997,2026-10
2026-10-11,Петрова М.В.,Нижний Новгород,Автотовары,Видеорегистратор,4,6924.03,0.18,27696.12,4985.3016,22710.8184,2026-10
2026-10-12,Петрова М.В.,Новосибирск,Дом и сад,Садовый шланг,20,1777.46,0.34,35549.2,12086.728,23462.471999999998,2026-10
2026-10-12,Иванов А.С.,Казань,Электроника,Ноутбук,2,83310.06,0.14,166620.12,23326.8168,143293.3032,2026-10
2026-10-13,Иванов А.С.,Челябинск,Электроника,Ноутбук,13,79067.11,0.18,1027872.43,185017.0374,842855.3926,2026-10
2026-10-13,Кузнецов П.Р.,Нижний Новгород,Косметика,Крем для лица,6,1463.37,0.29,8780.22,2546.2637999999997,6233.9562,2026-10
2026-10-13,Сидоров К.Д.,Москва,Продукты,Сыр,12,1751.87,0.48,21022.44,10090.7712,10931.6688,2026-10
2026-10-13,Петрова М.В.,Нижний Новгород,Продукты,Гречка,2,96.95,0.45,193.9,87.25500000000001,106.645,2026-10
2026-10-13,Смирнова Е.А.,Ростов-на-Дону,Книги,Детектив,15,730.2,0.45,10953.0,4928.85,6024.15,2026-10
2026-10-13,Иванов А.С.,Санкт-Петербург,Дом и сад,Увлажнитель воздуха,2,5063.06,0.25,10126.12,2531.53,7594.59,2026-10
2026-10-14,Смирнова Е.А.,Челябинск,Спорт,Гантели,19,3339.77,0.35,63455.63,22209.4705,41246.159499999994,2026-10
2026-10-14,Петрова М.В.,Челябинск,Одежда,Платье,7,5978.39,0.35,41848.73,14647.0555,27201.6745,2026-10
2026-10-14,Сидоров К.Д.,Москва,Продукты,Кофе зерновой,2,1229.21,0.46,2458.42,1130.8732,1327.5468,2026-10
2026-10-16,Иванов А.С.,Ростов-на-Дону,Электроника,Беспроводные наушники,12,8043.64,0.2,96523.68000000001,19304.736,77218.944,2026-10
2026-10-16,Иванов А.С.,Самара,Косметика,Шампунь,20,611.77,0.4,12235.4,4894.16,7341.24,2026-10
2026-10-16,Иванов А.С.,Нижний Новгород,Продукты,Сыр,15,1393.51,0.5,20902.65,10451.325,10451.325,2026-10
2026-10-16,Смирнова Е.А.,Санкт-Петербург,Дом и сад,Набор посуды,20,6329.62,0.33,126592.4,41775.492,84816.908,2026-10
2026-10-17,Петрова М.В.,Казань,Продукты,Гречка,5,84.69,0.44,423.45,186.31799999999998,237.132,2026-10
2026-10-17,Смирнова Е.А.,Нижний Новгород,Продукты,Оливковое масло,16,1977.94,0.49,31647.04,15507.0496,16139.9904,2026-10
2026-10-17,Смирнова Е.А.,Санкт-Петербург,Продукты,Кофе зерновой,4,1262.58,0.46,5050.32,2323.1472,2727.1728,2026-10
2026-10-18,Петрова М.В.,Ростов-на-Дону,Продукты,Кофе зерновой,20,1262.28,0.5,25245.6,12622.8,12622.8,2026-10
2026-10-18,Смирнова Е.А.,Казань,Косметика,Крем для лица,1,1459.05,0.28,1459.05,408.53400000000005,1050.5159999999998,2026-10
2026-10-18,Кузнецов П.Р.,Екатеринбург,Одежда,Джинсы,4,4891.29,0.34,19565.16,6652.1544,12913.0056,2026-10
2026-10-18,Петрова М.В.,Санкт-Петербург,Электроника,Смартфон,12,44832.13,0.18,537985.5599999999,96837.40079999999,441148.15919999994,2026-10
2026-10-19,Кузнецов П.Р.,Самара,Электроника,Смартфон,4,42738.04,0.14,170952.16,23933.302400000004,147018.8576,2026-10
2026-10-19,Смирнова Е.А.,Новосибирск,Электроника,Смартфон,11,45899.86,0.2,504898.46,100979.69200000001,403918.76800000004,2026-10
2026-10-20,Сидоров К.Д.,Москва,Книги,Комикс,18,499.15,0.45,8984.699999999999,4043.115,4941.584999999999,2026-10
2026-10-20,Кузнецов П.Р.,Москва,Спорт,Бутылка для воды,15,876.18,0.34,13142.699999999999,4468.518,8674.181999999999,2026-10
2026-10-21,Кузнецов П.Р.,Омск,Дом и сад,Увлажнитель воздуха,8,4615.03,0.25,36920.24,9230.06,27690.18,2026-10
2026-10-21,Иванов А.С.,Москва,Книги,Художественная литература,6,699.7,0.41,4198.200000000001,1721.2620000000002,2476.9380000000006,2026-10
2026-10-21,Смирнова Е.А.,Санкт-Петербург,Продукты,Гречка,4,92.53,0.44,370.12,162.8528,207.2672,2026-10
2026-10-21,Кузнецов П.Р.,Казань,Дом и сад,Робот-пылесос,15,28084.34,0.29,421265.1,122166.87899999999,299098.221,2026-10
2026-10-22,Сидоров К.Д.,Самара,Электроника,Умные часы,6,20606.27,0.13,123637.62,16072.8906,107564.7294,2026-10
2026-10-23,Смирнова Е.А.,Казань,Книги,Комикс,12,492.98,0.45,5915.76,2662.092,3253.668,2026-10
2026-10-23,Петрова М.В.,Челябинск,Спорт,Бутылка для воды,10,953.99,0.32,9539.9,3052.768,6487.132,2026-10
2026-10-23,Смирнова Е.А.,Новосибирск,Электроника,Умные часы,2,25196.05,0.17,50392.1,8566.657000000001,41825.443,2026-10
2026-10-25,Сидоров К.Д.,Челябинск,Дом и сад,Увлажнитель воздуха,2,5684.9,0.22,11369.8,2501.3559999999998,8868.444,2026-10
2026-10-25,Иванов А.С.,Екатеринбург,Книги,Бизнес,14,1023.19,0.47,14324.66,6732.5902,7592.0698,2026-10
2026-10-25,Кузнецов П.Р.,Екатеринбург,Спорт,Коврик для йоги,18,2708.23,0.37,48748.14,18036.8118,30711.3282,2026-10
2026-10-27,Смирнова Е.А.,Москва,Косметика,Шампунь,10,549.09,0.32,5490.900000000001,1757.0880000000002,3733.8120000000004,2026-10
2026-10-27,Смирнова Е.А.,Москва,Спорт,Мяч,5,723.82,0.3,3619.1000000000004,1085.73,2533.3700000000003,2026-10
2026-10-27,Сидоров К.Д.,Самара,Продукты,Сыр,11,1411.37,0.47,15525.07,7296.782899999999,8228.287100000001,2026-10
2026-10-28,Иванов А.С.,Новосибирск,Одежда,Куртка,10,9798.46,0.39,97984.59999999999,38213.994,59770.60599999999,2026-10
2026-10-28,Петрова М.В.,Новосибирск,Электроника,Умные часы,20,19075.86,0.24,381517.2,91564.128,289953.07200000004,2026-10
2026-10-28,Сидоров К.Д.,Нижний Новгород,Косметика,Шампунь,11,568.51,0.34,6253.61,2126.2274,4127.382599999999,2026-10
2026-10-28,Петрова М.В.,Москва,Автотовары,Ароматизатор,2,366.28,0.22,732.56,161.1632,571.3968,2026-10
2026-10-28,Иванов А.С.,Ростов-на-Дону,Одежда,Платье,1,5521.42,0.36,5521.42,1987.7112,3533.7088000000003,2026-10
2026-10-29,Кузнецов П.Р.,Екатеринбург,Книги,Детектив,2,731.79,0.37,1463.58,541.5246,922.0554,2026-10
2026-10-30,Петрова М.В.,Новосибирск,Дом и сад,Робот-пылесос,18,27986.94,0.3,503764.92,151129.476,352635.444,2026-10
2026-10-30,Петрова М.В.,Омск,Автотовары,Видеорегистратор,16,6078.39,0.25,97254.24,24313.56,72940.68000000001,2026-10
2026-10-30,Сидоров К.Д.,Новосибирск,Продукты,Шоколад,3,155.43,0.44,466.29,205.16760000000002,261.12239999999997,2026-10
2026-10-30,Иванов А.С.,Нижний Новгород,Спорт,Мяч,2,687.99,0.27,1375.98,371.51460000000003,1004.4654,2026-10
2026-11-01,Петрова М.В.,Новосибирск,Одежда,Кроссовки,15,6191.02,0.42,92865.3,39003.426,53861.874,2026-11
2026-11-01,Кузнецов П.Р.,Ростов-на-Дону,Продукты,Гречка,14,100.32,0.5,1404.48,702.24,702.24,2026-11
2026-11-01,Сидоров К.Д.,Санкт-Петербург,Косметика,Шампунь,5,523.21,0.31,2616.05,810.9755,1805.0745000000002,2026-11
2026-11-01,Кузнецов П.Р.,Казань,Книги,Бизнес,18,1007.41,0.46,18133.38,8341.354800000001,9792.0252,2026-11
2026-11-01,Сидоров К.Д.,Нижний Новгород,Спорт,Гантели,10,3547.75,0.35,35477.5,12417.125,23060.375,2026-11
2026-11-01,Иванов А.С.,Ростов-на-Дону,Косметика,Парфюм,6,3974.1,0.3,23844.6,7153.379999999999,16691.22,2026-11
2026-11-01,Кузнецов П.Р.,Омск,Электроника,Беспроводные наушники,5,8854.99,0.13,44274.95,5755.7435,38519.2065,2026-11
2026-11-02,Смирнова Е.А.,Москва,Книги,Детектив,16,563.33,0.44,9013.28,3965.8432000000003,5047.4368,2026-11
2026-11-02,Сидоров К.Д.,Екатеринбург,Автотовары,Держатель для телефона,13,777.99,0.25,10113.87,2528.4675,7585.4025,2026-11
2026-11-02,Кузнецов П.Р.,Омск,Автотовары,Видеорегистратор,3,7187.32,0.21,21561.96,4528.0116,17033.9484,2026-11
2026-11-02,Смирнова Е.А.,Самара,Книги,Фантастика,16,800.71,0.47,12811.36,6021.3392,6790.0208,2026-11
2026-11-02,Кузнецов П.Р.,Санкт-Петербург,Косметика,Гель для душа,4,445.39,0.31,1781.56,552.2836,1229.2764,2026-11
2026-11-02,Смирнова Е.А.,Ростов-на-Дону,Косметика,Шампунь,19,547.42,0.32,10400.98,3328.3136,7072.6664,2026-11
2026-11-03,Петрова М.В.,Ростов-на-Дону,Продукты,Гречка,11,98.49,0.5,1083.3899999999999,541.6949999999999,541.6949999999999,2026-11
2026-11-03,Иванов А.С.,Нижний Новгород,Косметика,Маска для волос,10,983.44,0.34,9834.400000000001,3343.696000000001,6490.704000000001,2026-11
2026-11-04,Петрова М.В.,Новосибирск,Спорт,Бутылка для воды,14,910.3,0.35,12744.199999999999,4460.469999999999,8283.73,2026-11
2026-11-04,Смирнова Е.А.,Омск,Одежда,Куртка,13,9103.89,0.38,118350.56999999999,44973.2166,73377.35339999999,2026-11
2026-11-04,Сидоров К.Д.,Самара,Электроника,Беспроводные наушники,9,8453.28,0.14,76079.52,10651.132800000001,65428.387200000005,2026-11
2026-11-05,Петрова М.В.,Екатеринбург,Книги,Бизнес,1,838.36,0.4,838.36,335.34400000000005,503.01599999999996,2026-11
2026-11-05,Кузнецов П.Р.,Челябинск,Книги,Фантастика,6,772.34,0.38,4634.04,1760.9352,2873.1048,2026-11
2026-11-05,Кузнецов П.Р.,Екатеринбург,Электроника,Смартфон,12,50037.65,0.21,600451.8,126094.87800000001,474356.922,2026-11
2026-11-05,Иванов А.С.,Екатеринбург,Спорт,Фитнес-браслет,6,3687.69,0.32,22126.14,7080.3648,15045.7752,2026-11
2026-11-06,Сидоров К.Д.,Екатеринбург,Продукты,Сыр,14,1770.29,0.47,24784.059999999998,11648.508199999998,13135.5518,2026-11
2026-11-06,Смирнова Е.А.,Омск,Автотовары,Ароматизатор,13,444.44,0.23,5777.72,1328.8756,4448.8444,2026-11
2026-11-06,Сидоров К.Д.,Санкт-Петербург,Дом и сад,Робот-пылесос,6,28254.66,0.26,169527.96,44077.2696,125450.69039999999,2026-11
2026-11-06,Сидоров К.Д.,Новосибирск,Дом и сад,Робот-пылесос,10,27244.2,0.28,272442.0,76283.76000000001,196158.24,2026-11
2026-11-06,Смирнова Е.А.,Санкт-Петербург,Дом и сад,Чайник,20,3098.17,0.34,61963.4,21067.556,40895.844,2026-11
2026-11-06,Сидоров К.Д.,Самара,Одежда,Кроссовки,8,7385.57,0.36,59084.56,21270.4416,37814.1184,2026-11
2026-11-08,Сидоров К.Д.,Челябинск,Дом и сад,Робот-пылесос,11,25913.2,0.28,285045.2,79812.65600000002,205232.544,2026-11
2026-11-08,Иванов А.С.,Казань,Продукты,Гречка,5,77.28,0.45,386.4,173.88,212.51999999999998,2026-11
2026-11-08,Сидоров К.Д.,Санкт-Петербург,Автотовары,Видеорегистратор,20,6287.08,0.27,125741.6,33950.232,91791.368,2026-11
2026-11-09,Смирнова Е.А.,Нижний Новгород,Косметика,Гель для душа,14,349.27,0.34,4889.78,1662.5252,3227.2547999999997,2026-11
2026-11-09,Иванов А.С.,Новосибирск,Автотовары,Органайзер,7,1724.38,0.2,12070.66,2414.132,9656.528,2026-11
2026-11-09,Петрова М.В.,Омск,Косметика,Крем для лица,14,1297.18,0.36,18160.52,6537.7872,11622.732800000002,2026-11
2026-11-09,Петрова М.В.,Самара,Дом и сад,Увлажнитель воздуха,13,4636.37,0.29,60272.81,17479.114899999997,42793.6951,2026-11
2026-11-09,Кузнецов П.Р.,Санкт-Петербург,Одежда,Платье,2,5508.8,0.35,11017.6,3856.16,7161.4400000000005,2026-11
2026-11-09,Сидоров К.Д.,Самара,Одежда,Платье,17,5021.81,0.4,85370.77,34148.308000000005,51222.462,2026-11
2026-11-10,Сидоров К.Д.,Челябинск,Электроника,Беспроводные наушники,15,7046.74,0.22,105701.09999999999,23254.242,82446.858,2026-11
2026-11-11,Иванов А.С.,Санкт-Петербург,Книги,Комикс,2,505.46,0.41,1010.92,414.4772,596.4428,2026-11
2026-11-11,Сидоров К.Д.,Новосибирск,Одежда,Платье,8,4760.07,0.36,38080.56,13709.001599999998,24371.5584,2026-11
2026-11-11,Петрова М.В.,Новосибирск,Продукты,Сыр,19,1385.24,0.49,26319.56,12896.5844,13422.975600000002,2026-11
2026-11-12,Петрова М.В.,Ростов-на-Дону,Дом и сад,Увлажнитель воздуха,18,4721.25,0.3,84982.5,25494.75,59487.75,2026-11
2026-11-12,Сидоров К.Д.,Челябинск,Книги,Комикс,14,474.06,0.44,6636.84,2920.2096,3716.6304,2026-11
2026-11-12,Смирнова Е.А.,Омск,Косметика,Маска для волос,18,892.46,0.33,16064.28,5301.2124,10763.0676,2026-11
2026-11-14,Сидоров К.Д.,Новосибирск,Продукты,Кофе зерновой,18,1312.48,0.5,23624.64,11812.32,11812.32,2026-11
2026-11-14,Петрова М.В.,Казань,Дом и сад,Садовый шланг,9,1851.7,0.22,16665.3,3666.366,12998.934,2026-11
2026-11-14,Смирнова Е.А.,Казань,Автотовары,Видеорегистратор,14,6364.31,0.25,89100.34000000001,22275.085000000003,66825.255,2026-11
2026-11-15,Смирнова Е.А.,Казань,Спорт,Гантели,6,3088.92,0.31,18533.52,5745.3912,12788.1288,2026-11
2026-11-15,Петрова М.В.,Санкт-Петербург,Спорт,Мяч,17,912.26,0.32,15508.42,4962.6944,10545.7256,2026-11
2026-11-15,Сидоров К.Д.,Ростов-на-Дону,Одежда,Футболка,12,1429.55,0.4,17154.6,6861.84,10292.759999999998,2026-11
2026-11-15,Сидоров К.Д.,Омск,Спорт,Бутылка для воды,8,908.7,0.28,7269.6,2035.4880000000003,5234.112,2026-11
2026-11-16,Кузнецов П.Р.,Нижний Новгород,Дом и сад,Робот-пылесос,6,24859.33,0.25,149155.98,37288.995,111866.98500000002,2026-11
2026-11-16,Иванов А.С.,Самара,Одежда,Джинсы,20,4707.68,0.42,94153.6,39544.512,54609.088,2026-11
2026-11-17,Иванов А.С.,Новосибирск,Спорт,Фитнес-браслет,2,3475.98,0.28,6951.96,1946.5488000000003,5005.4112,2026-11
2026-11-17,Сидоров К.Д.,Омск,Автотовары,Ароматизатор,20,357.53,0.28,7150.599999999999,2002.1680000000001,5148.431999999999,2026-11
2026-11-17,Смирнова Е.А.,Самара,Автотовары,Держатель для телефона,16,768.9,0.24,12302.4,2952.576,9349.824,2026-11
2026-11-18,Петрова М.В.,Омск,Продукты,Оливковое масло,11,1654.4,0.5,18198.4,9099.2,9099.2,2026-11
2026-11-19,Кузнецов П.Р.,Казань,Электроника,Умная колонка,20,10839.74,0.24,216794.8,52030.75199999999,164764.048,2026-11
2026-11-19,Смирнова Е.А.,Москва,Автотовары,Щетка для снега,17,1111.91,0.24,18902.47,4536.5928,14365.8772,2026-11
2026-11-19,Петрова М.В.,Челябинск,Одежда,Куртка,18,9661.72,0.39,173910.96,67825.2744,106085.6856,2026-11
2026-11-20,Иванов А.С.,Москва,Книги,Детектив,5,745.92,0.4,3729.6,1491.8400000000001,2237.7599999999998,2026-11
2026-11-20,Сидоров К.Д.,Новосибирск,Электроника,Умная колонка,13,13298.53,0.2,172880.89,34576.17800000001,138304.712,2026-11
2026-11-22,Иванов А.С.,Челябинск,Продукты,Гречка,10,93.85,0.5,938.5,469.25,469.25,2026-11
2026-11-22,Смирнова Е.А.,Санкт-Петербург,Электроника,Беспроводные наушники,17,8151.16,0.22,138569.72,30485.3384,108084.3816,2026-11
2026-11-22,Петрова М.В.,Новосибирск,Продукты,Сыр,8,1398.36,0.45,11186.88,5034.096,6152.784,2026-11
2026-11-24,Петрова М.В.,Омск,Спорт,Фитнес-браслет,13,4063.25,0.35,52822.25,18487.7875,34334.4625,2026-11
2026-11-24,Смирнова Е.А.,Новосибирск,Книги,Комикс,5,560.44,0.39,2802.2000000000003,1092.8580000000002,1709.342,2026-11
2026-11-24,Петрова М.В.,Новосибирск,Продукты,Шоколад,4,149.21,0.45,596.84,268.57800000000003,328.262,2026-11
2026-11-24,Кузнецов П.Р.,Ростов-на-Дону,Автотовары,Держатель для телефона,20,647.79,0.29,12955.8,3757.1819999999993,9198.618,2026-11
2026-11-25,Сидоров К.Д.,Москва,Спорт,Бутылка для воды,20,794.84,0.39,15896.800000000001,6199.752,9697.048,2026-11
2026-11-26,Петрова М.В.,Екатеринбург,Книги,Комикс,19,564.29,0.46,10721.509999999998,4931.8946,5789.615399999999,2026-11
2026-11-26,Петрова М.В.,Челябинск,Электроника,Умная колонка,9,11128.33,0.16,100154.97,16024.7952,84130.17480000001,2026-11
2026-11-28,Иванов А.С.,Москва,Дом и сад,Набор посуды,16,7558.29,0.3,120932.64,36279.792,84652.848,2026-11
2026-11-28,Смирнова Е.А.,Екатеринбург,Косметика,Гель для душа,15,389.78,0.35,5846.7,2046.3449999999998,3800.355,2026-11
2026-11-28,Кузнецов П.Р.,Нижний Новгород,Электроника,Смартфон,12,50124.1,0.19,601489.2,114282.94799999999,487206.252,2026-11
2026-11-28,Иванов А.С.,Ростов-на-Дону,Дом и сад,Садовый шланг,19,2274.97,0.3,43224.42999999999,12967.328999999998,30257.100999999995,2026-11
2026-11-28,Смирнова Е.А.,Казань,Дом и сад,Робот-пылесос,16,22387.5,0.31,358200.0,111042.0,247158.0,2026-11
2026-11-28,Кузнецов П.Р.,Казань,Автотовары,Ароматизатор,10,377.06,0.25,3770.6,942.65,2827.95,2026-11
2026-11-28,Смирнова Е.А.,Казань,Электроника,Умные часы,16,19356.45,0.22,309703.2,68134.704,241568.496,2026-11
2026-11-28,Кузнецов П.Р.,Ростов-на-Дону,Электроника,Ноутбук,19,82937.18,0.19,1575806.42,299403.21979999996,1276403.2001999998,2026-11
2026-11-28,Кузнецов П.Р.,Ростов-на-Дону,Одежда,Платье,9,5318.82,0.35,47869.38,16754.283,31115.096999999998,2026-11
2026-11-29,Кузнецов П.Р.,Москва,Автотовары,Ароматизатор,5,457.5,0.19,2287.5,434.625,1852.875,2026-11
2026-11-29,Кузнецов П.Р.,Омск,Электроника,Ноутбук,14,86043.46,0.19,1204608.4400000002,228875.60360000003,975732.8364000001,2026-11
2026-11-29,Иванов А.С.,Казань,Автотовары,Ароматизатор,17,438.17,0.26,7448.89,1936.7114000000001,5512.1786,2026-11
2026-11-30,Кузнецов П.Р.,Челябинск,Продукты,Сыр,2,1729.83,0.43,3459.66,1487.6537999999998,1972.0062,2026-11
2026-11-30,Иванов А.С.,Ростов-на-Дону,Спорт,Бутылка для воды,20,912.2,0.37,18244.0,6750.28,11493.720000000001,2026-11
2026-11-30,Петрова М.В.,Самара,Одежда,Платье,19,6057.41,0.41,115090.79,47187.2239,67903.5661,2026-11
2026-12-01,Смирнова Е.А.,Москва,Косметика,Парфюм,14,4301.76,0.34,60224.64,20476.3776,39748.2624,2026-12
2026-12-01,Сидоров К.Д.,Екатеринбург,Дом и сад,Увлажнитель воздуха,16,5404.07,0.27,86465.12,23345.5824,63119.537599999996,2026-12
2026-12-02,Иванов А.С.,Новосибирск,Дом и сад,Увлажнитель воздуха,7,4363.47,0.26,30544.29,7941.5154,22602.7746,2026-12
2026-12-03,Смирнова Е.А.,Санкт-Петербург,Автотовары,Щетка для снега,2,1180.35,0.18,2360.7,424.92599999999993,1935.774,2026-12
2026-12-03,Иванов А.С.,Санкт-Петербург,Электроника,Умные часы,11,23611.63,0.19,259727.93000000002,49348.30670000001,210379.6233,2026-12
2026-12-03,Смирнова Е.А.,Новосибирск,Дом и сад,Чайник,16,2848.87,0.31,45581.92,14130.395199999999,31451.5248,2026-12
2026-12-03,Смирнова Е.А.,Казань,Спорт,Фитнес-браслет,17,3791.23,0.35,64450.91,22557.8185,41893.0915,2026-12
2026-12-03,Смирнова Е.А.,Москва,Дом и сад,Увлажнитель воздуха,8,4494.12,0.26,35952.96,9347.7696,26605.1904,2026-12
2026-12-04,Смирнова Е.А.,Екатеринбург,Продукты,Шоколад,12,147.57,0.5,1770.84,885.42,885.42,2026-12
2026-12-05,Кузнецов П.Р.,Самара,Книги,Бизнес,10,765.91,0.46,7659.099999999999,3523.1859999999997,4135.914,2026-12
2026-12-05,Сидоров К.Д.,Новосибирск,Одежда,Кроссовки,6,5618.03,0.34,33708.18,11460.781200000001,22247.3988,2026-12
2026-12-05,Смирнова Е.А.,Екатеринбург,Дом и сад,Чайник,17,3184.41,0.3,54134.97,16240.491,37894.479,2026-12
2026-12-05,Иванов А.С.,Екатеринбург,Дом и сад,Набор посуды,4,6531.01,0.25,26124.04,6531.01,19593.03,2026-12
2026-12-06,Петрова М.В.,Ростов-на-Дону,Книги,Детектив,4,700.07,0.42,2800.28,1176.1176,1624.1624000000002,2026-12
2026-12-06,Петрова М.В.,Омск,Продукты,Оливковое масло,6,1661.58,0.44,9969.48,4386.571199999999,5582.9088,2026-12
2026-12-06,Кузнецов П.Р.,Самара,Продукты,Кофе зерновой,16,1265.0,0.49,20240.0,9917.6,10322.4,2026-12
2026-12-06,Петрова М.В.,Самара,Дом и сад,Набор посуды,12,6227.8,0.3,74733.6,22420.08,52313.520000000004,2026-12
2026-12-07,Кузнецов П.Р.,Омск,Автотовары,Щетка для снега,20,1197.59,0.27,23951.8,6466.986,17484.814,2026-12
2026-12-07,Иванов А.С.,Екатеринбург,Спорт,Фитнес-браслет,13,3624.61,0.34,47119.93,16020.776200000002,31099.1538,2026-12
2026-12-08,Сидоров К.Д.,Нижний Новгород,Одежда,Платье,10,5005.44,0.41,50054.399999999994,20522.303999999996,29532.095999999998,2026-12
2026-12-08,Иванов А.С.,Москва,Спорт,Коврик для йоги,14,2750.84,0.36,38511.76,13864.2336,24647.526400000002,2026-12
2026-12-08,Петрова М.В.,Новосибирск,Автотовары,Щетка для снега,1,1240.09,0.18,1240.09,223.2162,1016.8738,2026-12
2026-12-08,Иванов А.С.,Новосибирск,Одежда,Платье,12,4689.48,0.41,56273.759999999995,23072.241599999998,33201.5184,2026-12
2026-12-10,Кузнецов П.Р.,Новосибирск,Косметика,Шампунь,10,532.97,0.34,5329.700000000001,1812.0980000000004,3517.6020000000003,2026-12
2026-12-10,Петрова М.В.,Екатеринбург,Одежда,Футболка,4,1446.52,0.35,5786.08,2025.128,3760.952,2026-12
2026-12-12,Иванов А.С.,Екатеринбург,Дом и сад,Садовый шланг,12,1736.33,0.3,20835.96,6250.788,14585.171999999999,2026-12
2026-12-12,Кузнецов П.Р.,Челябинск,Продукты,Кофе зерновой,13,1098.21,0.48,14276.73,6852.8304,7423.8996,2026-12
2026-12-12,Петрова М.В.,Екатеринбург,Книги,Фантастика,7,846.09,0.38,5922.63,2250.5994,3672.0306,2026-12
2026-12-12,Сидоров К.Д.,Челябинск,Электроника,Смартфон,18,46197.34,0.17,831552.1199999999,141363.86039999998,690188.2595999999,2026-12
2026-12-12,Иванов А.С.,Москва,Одежда,Джинсы,16,4862.79,0.37,77804.64,28787.7168,49016.923200000005,2026-12
2026-12-12,Смирнова Е.А.,Екатеринбург,Спорт,Фитнес-браслет,19,3511.89,0.34,66725.91,22686.809400000002,44039.100600000005,2026-12
2026-12-13,Петрова М.В.,Казань,Книги,Детектив,5,643.82,0.4,3219.1000000000004,1287.6400000000003,1931.46,2026-12
2026-12-13,Сидоров К.Д.,Санкт-Петербург,Косметика,Парфюм,7,3919.11,0.3,27433.77,8230.131,19203.639000000003,2026-12
2026-12-13,Иванов А.С.,Новосибирск,Электроника,Ноутбук,11,79024.8,0.21,869272.8,182547.288,686725.5120000001,2026-12
2026-12-14,Сидоров К.Д.,Москва,Продукты,Сыр,8,1612.3,0.42,12898.4,5417.3279999999995,7481.072,2026-12
2026-12-15,Сидоров К.Д.,Новосибирск,Электроника,Умная колонка,4,12369.48,0.14,49477.92,6926.9088,42551.0112,2026-12
2026-12-15,Петрова М.В.,Москва,Косметика,Крем для лица,6,1380.61,0.31,8283.66,2567.9346,5715.725399999999,2026-12
2026-12-16,Иванов А.С.,Нижний Новгород,Дом и сад,Увлажнитель воздуха,8,4303.2,0.23,34425.6,7917.888,26507.712,2026-12
2026-12-16,Сидоров К.Д.,Ростов-на-Дону,Одежда,Кроссовки,2,5832.03,0.35,11664.06,4082.4209999999994,7581.639,2026-12
2026-12-17,Петрова М.В.,Нижний Новгород,Дом и сад,Робот-пылесос,13,22949.15,0.3,298338.95,89501.685,208837.265,2026-12
2026-12-17,Кузнецов П.Р.,Омск,Автотовары,Щетка для снега,5,1061.16,0.19,5305.8,1008.1020000000001,4297.698,2026-12
2026-12-17,Сидоров К.Д.,Омск,Спорт,Бутылка для воды,8,959.2,0.31,7673.6,2378.8160000000003,5294.784,2026-12
2026-12-18,Иванов А.С.,Ростов-на-Дону,Книги,Детектив,9,650.14,0.42,5851.26,2457.5292,3393.7308000000003,2026-12
2026-12-18,Смирнова Е.А.,Ростов-на-Дону,Косметика,Крем для лица,3,1687.64,0.29,5062.92,1468.2468,3594.6732,2026-12
2026-12-18,Иванов А.С.,Санкт-Петербург,Косметика,Шампунь,17,655.76,0.36,11147.92,4013.2511999999997,7134.6688,2026-12
2026-12-18,Кузнецов П.Р.,Самара,Одежда,Куртка,17,8492.65,0.42,144375.05,60637.52099999999,83737.529,2026-12
2026-12-18,Сидоров К.Д.,Нижний Новгород,Автотовары,Органайзер,11,2033.43,0.22,22367.73,4920.9006,17446.8294,2026-12
2026-12-19,Сидоров К.Д.,Самара,Электроника,Ноутбук,17,79605.69,0.19,1353296.73,257126.3787,1096170.3513,2026-12
2026-12-19,Иванов А.С.,Москва,Одежда,Платье,12,5322.02,0.41,63864.240000000005,26184.3384,37679.901600000005,2026-12
2026-12-19,Кузнецов П.Р.,Омск,Спорт,Мяч,7,709.34,0.32,4965.38,1588.9216000000001,3376.4584,2026-12
2026-12-21,Иванов А.С.,Новосибирск,Косметика,Крем для лица,19,1595.18,0.36,30308.420000000002,10911.0312,19397.3888,2026-12
2026-12-21,Иванов А.С.,Ростов-на-Дону,Автотовары,Щетка для снега,18,1034.68,0.24,18624.24,4469.8176,14154.422400000001,2026-12
2026-12-22,Смирнова Е.А.,Екатеринбург,Электроника,Смартфон,19,42965.91,0.19,816352.29,155106.9351,661245.3549,2026-12
2026-12-22,Иванов А.С.,Москва,Электроника,Умные часы,7,22359.4,0.16,156515.80000000002,25042.528000000002,131473.27200000003,2026-12
2026-12-22,Иванов А.С.,Челябинск,Продукты,Гречка,9,100.27,0.45,902.43,406.0935,496.33649999999994,2026-12
2026-12-22,Сидоров К.Д.,Москва,Продукты,Оливковое масло,3,2041.18,0.46,6123.54,2816.8284000000003,3306.7115999999996,2026-12
2026-12-22,Петрова М.В.,Челябинск,Дом и сад,Набор посуды,14,7127.56,0.31,99785.84000000001,30933.6104,68852.2296,2026-12
2026-12-23,Сидоров К.Д.,Ростов-на-Дону,Книги,Детектив,8,585.38,0.38,4683.04,1779.5552,2903.4848,2026-12
2026-12-24,Иванов А.С.,Омск,Продукты,Гречка,3,101.93,0.45,305.79,137.6055,168.1845,2026-12
2026-12-24,Сидоров К.Д.,Челябинск,Дом и сад,Набор посуды,16,7172.07,0.31,114753.12,35573.4672,79179.6528,2026-12
2026-12-24,Кузнецов П.Р.,Москва,Автотовары,Держатель для телефона,17,746.89,0.25,12697.13,3174.2825,9522.8475,2026-12
2026-12-24,Петрова М.В.,Казань,Автотовары,Держатель для телефона,6,608.17,0.19,3649.0199999999995,693.3137999999999,2955.7061999999996,2026-12
2026-12-24,Петрова М.В.,Самара,Спорт,Мяч,11,781.58,0.34,8597.380000000001,2923.109200000001,5674.2708,2026-12
2026-12-25,Смирнова Е.А.,Челябинск,Электроника,Беспроводные наушники,11,7684.58,0.21,84530.38,17751.3798,66779.00020000001,2026-12
2026-12-25,Смирнова Е.А.,Новосибирск,Книги,Фантастика,18,712.9,0.46,12832.199999999999,5902.812,6929.387999999999,2026-12
2026-12-25,Петрова М.В.,Омск,Продукты,Сыр,13,1770.95,0.5,23022.350000000002,11511.175000000001,11511.175000000001,2026-12
2026-12-25,Сидоров К.Д.,Москва,Дом и сад,Набор посуды,11,7344.0,0.28,80784.0,22619.52,58164.479999999996,2026-12
2026-12-26,Сидоров К.Д.,Казань,Автотовары,Щетка для снега,18,1025.78,0.25,18464.04,4616.01,13848.03,2026-12
2026-12-27,Кузнецов П.Р.,Ростов-на-Дону,Автотовары,Щетка для снега,16,1040.24,0.24,16643.84,3994.5216,12649.3184,2026-12
2026-12-27,Сидоров К.Д.,Омск,Косметика,Маска для волос,19,1027.63,0.37,19524.97,7224.2389,12300.7311,2026-12
2026-12-28,Сидоров К.Д.,Челябинск,Косметика,Маска для волос,8,932.64,0.29,7461.12,2163.7248,5297.3952,2026-12
2026-12-28,Иванов А.С.,Екатеринбург,Продукты,Кофе зерновой,8,1069.71,0.46,8557.68,3936.5328000000004,4621.147199999999,2026-12
2026-12-28,Смирнова Е.А.,Самара,Спорт,Гантели,9,3251.69,0.31,29265.21,9072.2151,20192.994899999998,2026-12
2026-12-28,Иванов А.С.,Ростов-на-Дону,Продукты,Сыр,14,1768.25,0.47,24755.5,11635.085,13120.415,2026-12
2026-12-29,Сидоров К.Д.,Челябинск,Косметика,Гель для душа,5,341.14,0.31,1705.6999999999998,528.7669999999999,1176.933,2026-12
2026-12-29,Сидоров К.Д.,Ростов-на-Дону,Косметика,Шампунь,18,599.39,0.35,10789.02,3776.1569999999997,7012.863000000001,2026-12
2026-12-29,Петрова М.В.,Санкт-Петербург,Косметика,Крем для лица,2,1389.06,0.28,2778.12,777.8736,2000.2464,2026-12
2026-12-29,Петрова М.В.,Екатеринбург,Дом и сад,Набор посуды,6,7933.89,0.27,47603.340000000004,12852.901800000001,34750.438200000004,2026-12
2026-12-31,Петрова М.В.,Челябинск,Одежда,Джинсы,12,3876.48,0.38,46517.76,17676.7488,28841.0112,2026-12
2026-12-31,Кузнецов П.Р.,Ростов-на-Дону,Электроника,Умная колонка,8,10629.48,0.16,85035.84,13605.7344,71430.1056,2026-12
2026-12-31,Смирнова Е.А.,Новосибирск,Спорт,Коврик для йоги,20,2317.75,0.4,46355.0,18542.0,27813.0,2026-12
